
  .   ____          _            __ _ _
 /\\ / ___'_ __ _ _(_)_ __  __ _ \ \ \ \
( ( )\___ | '_ | '_| | '_ \/ _` | \ \ \ \
 \\/  ___)| |_)| | | | | || (_| |  ) ) ) )
  '  |____| .__|_| |_|_| |_\__, | / / / /
 =========|_|==============|___/=/_/_/_/

 :: Spring Boot ::                (v3.3.2)

2026-05-28T14:35:11.092+05:30  INFO 5796 --- [           main] com.kavya.hrms.HrmsBackendApplication    : Starting HrmsBackendApplication v0.0.1-SNAPSHOT using Java 17.0.18 with PID 5796 (C:\Users\Admin\Desktop\React Project\backend\target\hrms-backend-0.0.1-SNAPSHOT.jar started by Admin in C:\Users\Admin\Desktop\React Project\backend)
2026-05-28T14:35:11.101+05:30  INFO 5796 --- [           main] com.kavya.hrms.HrmsBackendApplication    : No active profile set, falling back to 1 default profile: "default"
2026-05-28T14:35:11.102+05:30 DEBUG 5796 --- [           main] o.s.boot.SpringApplication               : Loading source class com.kavya.hrms.HrmsBackendApplication
2026-05-28T14:35:11.260+05:30 DEBUG 5796 --- [           main] ConfigServletWebServerApplicationContext : Refreshing org.springframework.boot.web.servlet.context.AnnotationConfigServletWebServerApplicationContext@24c22fe
2026-05-28T14:35:12.520+05:30  INFO 5796 --- [           main] .s.d.r.c.RepositoryConfigurationDelegate : Bootstrapping Spring Data MongoDB repositories in DEFAULT mode.
2026-05-28T14:35:12.554+05:30 DEBUG 5796 --- [           main] o.s.b.a.AutoConfigurationPackages        : @EnableAutoConfiguration was declared on a class in the package 'com.kavya.hrms'. Automatic @Repository and @Entity scanning is enabled.
2026-05-28T14:35:12.647+05:30  INFO 5796 --- [           main] .s.d.r.c.RepositoryConfigurationDelegate : Finished Spring Data repository scanning in 115 ms. Found 10 MongoDB repository interfaces.
2026-05-28T14:35:14.244+05:30 DEBUG 5796 --- [           main] .s.b.w.e.t.TomcatServletWebServerFactory : Code archive: C:\Users\Admin\Desktop\React Project\backend\target\hrms-backend-0.0.1-SNAPSHOT.jar
2026-05-28T14:35:14.247+05:30 DEBUG 5796 --- [           main] .s.b.w.e.t.TomcatServletWebServerFactory : Code archive: C:\Users\Admin\Desktop\React Project\backend\target\hrms-backend-0.0.1-SNAPSHOT.jar
2026-05-28T14:35:14.248+05:30 DEBUG 5796 --- [           main] .s.b.w.e.t.TomcatServletWebServerFactory : None of the document roots [src/main/webapp, public, static] point to a directory and will be ignored.
2026-05-28T14:35:14.284+05:30  INFO 5796 --- [           main] o.s.b.w.embedded.tomcat.TomcatWebServer  : Tomcat initialized with port 8080 (http)
2026-05-28T14:35:14.310+05:30  INFO 5796 --- [           main] o.apache.catalina.core.StandardService   : Starting service [Tomcat]
2026-05-28T14:35:14.311+05:30  INFO 5796 --- [           main] o.apache.catalina.core.StandardEngine    : Starting Servlet engine: [Apache Tomcat/10.1.26]
2026-05-28T14:35:14.384+05:30  INFO 5796 --- [           main] o.a.c.c.C.[Tomcat].[localhost].[/]       : Initializing Spring embedded WebApplicationContext
2026-05-28T14:35:14.385+05:30 DEBUG 5796 --- [           main] w.s.c.ServletWebServerApplicationContext : Published root WebApplicationContext as ServletContext attribute with name [org.springframework.web.context.WebApplicationContext.ROOT]
2026-05-28T14:35:14.387+05:30  INFO 5796 --- [           main] w.s.c.ServletWebServerApplicationContext : Root WebApplicationContext: initialization completed in 3127 ms
2026-05-28T14:35:14.410+05:30 DEBUG 5796 --- [           main] o.s.b.w.s.ServletContextInitializerBeans : Mapping filters: characterEncodingFilter urls=[/*] order=-2147483648, formContentFilter urls=[/*] order=-9900, requestContextFilter urls=[/*] order=-105
2026-05-28T14:35:14.411+05:30 DEBUG 5796 --- [           main] o.s.b.w.s.ServletContextInitializerBeans : Mapping servlets: dispatcherServlet urls=[/]
2026-05-28T14:35:14.460+05:30 DEBUG 5796 --- [           main] o.s.b.w.s.f.OrderedRequestContextFilter  : Filter 'requestContextFilter' configured for use
2026-05-28T14:35:14.465+05:30 DEBUG 5796 --- [           main] s.b.w.s.f.OrderedCharacterEncodingFilter : Filter 'characterEncodingFilter' configured for use
2026-05-28T14:35:14.466+05:30 DEBUG 5796 --- [           main] o.s.b.w.s.f.OrderedFormContentFilter     : Filter 'formContentFilter' configured for use
2026-05-28T14:35:14.813+05:30  INFO 5796 --- [           main] org.mongodb.driver.client                : MongoClient with metadata {"driver": {"name": "mongo-java-driver|sync|spring-boot", "version": "5.0.1"}, "os": {"type": "Windows", "name": "Windows 10", "architecture": "amd64", "version": "10.0"}, "platform": "Java/Microsoft/17.0.18+8-LTS"} created with settings MongoClientSettings{readPreference=primary, writeConcern=WriteConcern{w=null, wTimeout=null ms, journal=null}, retryWrites=true, retryReads=true, readConcern=ReadConcern{level=null}, credential=null, transportSettings=null, commandListeners=[], codecRegistry=ProvidersCodecRegistry{codecProviders=[ValueCodecProvider{}, BsonValueCodecProvider{}, DBRefCodecProvider{}, DBObjectCodecProvider{}, DocumentCodecProvider{}, CollectionCodecProvider{}, IterableCodecProvider{}, MapCodecProvider{}, GeoJsonCodecProvider{}, GridFSFileCodecProvider{}, Jsr310CodecProvider{}, JsonObjectCodecProvider{}, BsonCodecProvider{}, EnumCodecProvider{}, com.mongodb.client.model.mql.ExpressionCodecProvider@1fedf0a4, com.mongodb.Jep395RecordCodecProvider@1e4c6583, com.mongodb.KotlinCodecProvider@2ee48610]}, loggerSettings=LoggerSettings{maxDocumentLength=1000}, clusterSettings={hosts=[localhost:27017], srvServiceName=mongodb, mode=SINGLE, requiredClusterType=UNKNOWN, requiredReplicaSetName='null', serverSelector='null', clusterListeners='[]', serverSelectionTimeout='30000 ms', localThreshold='15 ms'}, socketSettings=SocketSettings{connectTimeoutMS=10000, readTimeoutMS=0, receiveBufferSize=0, proxySettings=ProxySettings{host=null, port=null, username=null, password=null}}, heartbeatSocketSettings=SocketSettings{connectTimeoutMS=10000, readTimeoutMS=10000, receiveBufferSize=0, proxySettings=ProxySettings{host=null, port=null, username=null, password=null}}, connectionPoolSettings=ConnectionPoolSettings{maxSize=100, minSize=0, maxWaitTimeMS=120000, maxConnectionLifeTimeMS=0, maxConnectionIdleTimeMS=0, maintenanceInitialDelayMS=0, maintenanceFrequencyMS=60000, connectionPoolListeners=[], maxConnecting=2}, serverSettings=ServerSettings{heartbeatFrequencyMS=10000, minHeartbeatFrequencyMS=500, serverListeners='[]', serverMonitorListeners='[]'}, sslSettings=SslSettings{enabled=false, invalidHostNameAllowed=false, context=null}, applicationName='null', compressorList=[], uuidRepresentation=JAVA_LEGACY, serverApi=null, autoEncryptionSettings=null, dnsClient=null, inetAddressResolver=null, contextProvider=null}
2026-05-28T14:35:14.927+05:30  INFO 5796 --- [localhost:27017] org.mongodb.driver.cluster               : Monitor thread successfully connected to server with description ServerDescription{address=localhost:27017, type=STANDALONE, state=CONNECTED, ok=true, minWireVersion=0, maxWireVersion=27, maxDocumentSize=16777216, logicalSessionTimeoutMinutes=30, roundTripTimeNanos=68277100}
2026-05-28T14:35:16.349+05:30 DEBUG 5796 --- [           main] s.w.s.m.m.a.RequestMappingHandlerMapping : 44 mappings in 'requestMappingHandlerMapping'
2026-05-28T14:35:16.472+05:30 DEBUG 5796 --- [           main] o.s.w.s.handler.SimpleUrlHandlerMapping  : Patterns [/webjars/**, /**] in 'resourceHandlerMapping'
2026-05-28T14:35:16.531+05:30 DEBUG 5796 --- [           main] s.w.s.m.m.a.RequestMappingHandlerAdapter : ControllerAdvice beans: 0 @ModelAttribute, 0 @InitBinder, 1 RequestBodyAdvice, 1 ResponseBodyAdvice
2026-05-28T14:35:16.579+05:30 DEBUG 5796 --- [           main] .m.m.a.ExceptionHandlerExceptionResolver : ControllerAdvice beans: 0 @ExceptionHandler, 1 ResponseBodyAdvice
2026-05-28T14:35:17.184+05:30  INFO 5796 --- [           main] o.s.b.w.embedded.tomcat.TomcatWebServer  : Tomcat started on port 8080 (http) with context path '/'
2026-05-28T14:35:17.226+05:30 DEBUG 5796 --- [           main] .s.b.a.l.ConditionEvaluationReportLogger : 


============================
CONDITIONS EVALUATION REPORT
============================


Positive matches:
-----------------

   AopAutoConfiguration matched:
      - @ConditionalOnProperty (spring.aop.auto=true) matched (OnPropertyCondition)

   AopAutoConfiguration.ClassProxyingConfiguration matched:
      - @ConditionalOnMissingClass did not find unwanted class 'org.aspectj.weaver.Advice' (OnClassCondition)
      - @ConditionalOnProperty (spring.aop.proxy-target-class=true) matched (OnPropertyCondition)

   ApplicationAvailabilityAutoConfiguration#applicationAvailability matched:
      - @ConditionalOnMissingBean (types: org.springframework.boot.availability.ApplicationAvailability; SearchStrategy: all) did not find any beans (OnBeanCondition)

   DispatcherServletAutoConfiguration matched:
      - @ConditionalOnClass found required class 'org.springframework.web.servlet.DispatcherServlet' (OnClassCondition)
      - found 'session' scope (OnWebApplicationCondition)

   DispatcherServletAutoConfiguration.DispatcherServletConfiguration matched:
      - @ConditionalOnClass found required class 'jakarta.servlet.ServletRegistration' (OnClassCondition)
      - Default DispatcherServlet did not find dispatcher servlet beans (DispatcherServletAutoConfiguration.DefaultDispatcherServletCondition)

   DispatcherServletAutoConfiguration.DispatcherServletRegistrationConfiguration matched:
      - @ConditionalOnClass found required class 'jakarta.servlet.ServletRegistration' (OnClassCondition)
      - DispatcherServlet Registration did not find servlet registration bean (DispatcherServletAutoConfiguration.DispatcherServletRegistrationCondition)

   DispatcherServletAutoConfiguration.DispatcherServletRegistrationConfiguration#dispatcherServletRegistration matched:
      - @ConditionalOnBean (names: dispatcherServlet types: org.springframework.web.servlet.DispatcherServlet; SearchStrategy: all) found bean 'dispatcherServlet' (OnBeanCondition)

   EmbeddedWebServerFactoryCustomizerAutoConfiguration matched:
      - @ConditionalOnWebApplication (required) found 'session' scope (OnWebApplicationCondition)
      - @ConditionalOnWarDeployment the application is not deployed as a WAR file. (OnWarDeploymentCondition)

   EmbeddedWebServerFactoryCustomizerAutoConfiguration.TomcatWebServerFactoryCustomizerConfiguration matched:
      - @ConditionalOnClass found required classes 'org.apache.catalina.startup.Tomcat', 'org.apache.coyote.UpgradeProtocol' (OnClassCondition)

   ErrorMvcAutoConfiguration matched:
      - @ConditionalOnClass found required classes 'jakarta.servlet.Servlet', 'org.springframework.web.servlet.DispatcherServlet' (OnClassCondition)
      - found 'session' scope (OnWebApplicationCondition)

   ErrorMvcAutoConfiguration#basicErrorController matched:
      - @ConditionalOnMissingBean (types: org.springframework.boot.web.servlet.error.ErrorController; SearchStrategy: current) did not find any beans (OnBeanCondition)

   ErrorMvcAutoConfiguration#errorAttributes matched:
      - @ConditionalOnMissingBean (types: org.springframework.boot.web.servlet.error.ErrorAttributes; SearchStrategy: current) did not find any beans (OnBeanCondition)

   ErrorMvcAutoConfiguration.DefaultErrorViewResolverConfiguration#conventionErrorViewResolver matched:
      - @ConditionalOnBean (types: org.springframework.web.servlet.DispatcherServlet; SearchStrategy: all) found bean 'dispatcherServlet'; @ConditionalOnMissingBean (types: org.springframework.boot.autoconfigure.web.servlet.error.ErrorViewResolver; SearchStrategy: all) did not find any beans (OnBeanCondition)

   ErrorMvcAutoConfiguration.WhitelabelErrorViewConfiguration matched:
      - @ConditionalOnProperty (server.error.whitelabel.enabled) matched (OnPropertyCondition)
      - ErrorTemplate Missing did not find error template view (ErrorMvcAutoConfiguration.ErrorTemplateMissingCondition)

   ErrorMvcAutoConfiguration.WhitelabelErrorViewConfiguration#beanNameViewResolver matched:
      - @ConditionalOnMissingBean (types: org.springframework.web.servlet.view.BeanNameViewResolver; SearchStrategy: all) did not find any beans (OnBeanCondition)

   ErrorMvcAutoConfiguration.WhitelabelErrorViewConfiguration#defaultErrorView matched:
      - @ConditionalOnMissingBean (names: error; SearchStrategy: all) did not find any beans (OnBeanCondition)

   GenericCacheConfiguration matched:
      - Cache org.springframework.boot.autoconfigure.cache.GenericCacheConfiguration automatic cache type (CacheCondition)

   HttpEncodingAutoConfiguration matched:
      - @ConditionalOnClass found required class 'org.springframework.web.filter.CharacterEncodingFilter' (OnClassCondition)
      - found 'session' scope (OnWebApplicationCondition)
      - @ConditionalOnProperty (server.servlet.encoding.enabled) matched (OnPropertyCondition)

   HttpEncodingAutoConfiguration#characterEncodingFilter matched:
      - @ConditionalOnMissingBean (types: org.springframework.web.filter.CharacterEncodingFilter; SearchStrategy: all) did not find any beans (OnBeanCondition)

   HttpMessageConvertersAutoConfiguration matched:
      - @ConditionalOnClass found required class 'org.springframework.http.converter.HttpMessageConverter' (OnClassCondition)
      - NoneNestedConditions 0 matched 1 did not; NestedCondition on HttpMessageConvertersAutoConfiguration.NotReactiveWebApplicationCondition.ReactiveWebApplication did not find reactive web application classes (HttpMessageConvertersAutoConfiguration.NotReactiveWebApplicationCondition)

   HttpMessageConvertersAutoConfiguration#messageConverters matched:
      - @ConditionalOnMissingBean (types: org.springframework.boot.autoconfigure.http.HttpMessageConverters; SearchStrategy: all) did not find any beans (OnBeanCondition)

   HttpMessageConvertersAutoConfiguration.StringHttpMessageConverterConfiguration matched:
      - @ConditionalOnClass found required class 'org.springframework.http.converter.StringHttpMessageConverter' (OnClassCondition)

   HttpMessageConvertersAutoConfiguration.StringHttpMessageConverterConfiguration#stringHttpMessageConverter matched:
      - @ConditionalOnMissingBean (types: org.springframework.http.converter.StringHttpMessageConverter; SearchStrategy: all) did not find any beans (OnBeanCondition)

   JacksonAutoConfiguration matched:
      - @ConditionalOnClass found required class 'com.fasterxml.jackson.databind.ObjectMapper' (OnClassCondition)

   JacksonAutoConfiguration.Jackson2ObjectMapperBuilderCustomizerConfiguration matched:
      - @ConditionalOnClass found required class 'org.springframework.http.converter.json.Jackson2ObjectMapperBuilder' (OnClassCondition)

   JacksonAutoConfiguration.JacksonObjectMapperBuilderConfiguration matched:
      - @ConditionalOnClass found required class 'org.springframework.http.converter.json.Jackson2ObjectMapperBuilder' (OnClassCondition)

   JacksonAutoConfiguration.JacksonObjectMapperBuilderConfiguration#jacksonObjectMapperBuilder matched:
      - @ConditionalOnMissingBean (types: org.springframework.http.converter.json.Jackson2ObjectMapperBuilder; SearchStrategy: all) did not find any beans (OnBeanCondition)

   JacksonAutoConfiguration.JacksonObjectMapperConfiguration matched:
      - @ConditionalOnClass found required class 'org.springframework.http.converter.json.Jackson2ObjectMapperBuilder' (OnClassCondition)

   JacksonAutoConfiguration.JacksonObjectMapperConfiguration#jacksonObjectMapper matched:
      - @ConditionalOnMissingBean (types: com.fasterxml.jackson.databind.ObjectMapper; SearchStrategy: all) did not find any beans (OnBeanCondition)

   JacksonAutoConfiguration.ParameterNamesModuleConfiguration matched:
      - @ConditionalOnClass found required class 'com.fasterxml.jackson.module.paramnames.ParameterNamesModule' (OnClassCondition)

   JacksonAutoConfiguration.ParameterNamesModuleConfiguration#parameterNamesModule matched:
      - @ConditionalOnMissingBean (types: com.fasterxml.jackson.module.paramnames.ParameterNamesModule; SearchStrategy: all) did not find any beans (OnBeanCondition)

   JacksonHttpMessageConvertersConfiguration.MappingJackson2HttpMessageConverterConfiguration matched:
      - @ConditionalOnClass found required class 'com.fasterxml.jackson.databind.ObjectMapper' (OnClassCondition)
      - @ConditionalOnProperty (spring.mvc.converters.preferred-json-mapper=jackson) matched (OnPropertyCondition)
      - @ConditionalOnBean (types: com.fasterxml.jackson.databind.ObjectMapper; SearchStrategy: all) found bean 'jacksonObjectMapper' (OnBeanCondition)

   JacksonHttpMessageConvertersConfiguration.MappingJackson2HttpMessageConverterConfiguration#mappingJackson2HttpMessageConverter matched:
      - @ConditionalOnMissingBean (types: org.springframework.http.converter.json.MappingJackson2HttpMessageConverter ignored: org.springframework.hateoas.server.mvc.TypeConstrainedMappingJackson2HttpMessageConverter,org.springframework.data.rest.webmvc.alps.AlpsJsonHttpMessageConverter; SearchStrategy: all) did not find any beans (OnBeanCondition)

   LifecycleAutoConfiguration#defaultLifecycleProcessor matched:
      - @ConditionalOnMissingBean (names: lifecycleProcessor; SearchStrategy: current) did not find any beans (OnBeanCondition)

   MongoAutoConfiguration matched:
      - @ConditionalOnClass found required class 'com.mongodb.client.MongoClient' (OnClassCondition)
      - @ConditionalOnMissingBean (types: org.springframework.data.mongodb.MongoDatabaseFactory; SearchStrategy: all) did not find any beans (OnBeanCondition)

   MongoAutoConfiguration#mongo matched:
      - @ConditionalOnMissingBean (types: com.mongodb.client.MongoClient; SearchStrategy: all) did not find any beans (OnBeanCondition)

   MongoAutoConfiguration#mongoConnectionDetails matched:
      - @ConditionalOnMissingBean (types: org.springframework.boot.autoconfigure.mongo.MongoConnectionDetails; SearchStrategy: all) did not find any beans (OnBeanCondition)

   MongoAutoConfiguration.MongoClientSettingsConfiguration matched:
      - @ConditionalOnMissingBean (types: com.mongodb.MongoClientSettings; SearchStrategy: all) did not find any beans (OnBeanCondition)

   MongoDataAutoConfiguration matched:
      - @ConditionalOnClass found required classes 'com.mongodb.client.MongoClient', 'org.springframework.data.mongodb.core.MongoTemplate' (OnClassCondition)

   MongoDataConfiguration#mappingMongoConverter matched:
      - @ConditionalOnMissingBean (types: org.springframework.data.mongodb.core.convert.MongoConverter; SearchStrategy: all) did not find any beans (OnBeanCondition)

   MongoDataConfiguration#mongoCustomConversions matched:
      - @ConditionalOnMissingBean (types: org.springframework.data.mongodb.core.convert.MongoCustomConversions; SearchStrategy: all) did not find any beans (OnBeanCondition)

   MongoDataConfiguration#mongoManagedTypes matched:
      - @ConditionalOnMissingBean (types: org.springframework.data.mongodb.MongoManagedTypes; SearchStrategy: all) did not find any beans (OnBeanCondition)

   MongoDataConfiguration#mongoMappingContext matched:
      - @ConditionalOnMissingBean (types: org.springframework.data.mongodb.core.mapping.MongoMappingContext; SearchStrategy: all) did not find any beans (OnBeanCondition)

   MongoDatabaseFactoryConfiguration matched:
      - @ConditionalOnSingleCandidate (types: com.mongodb.client.MongoClient; SearchStrategy: all) found a single bean 'mongo'; @ConditionalOnMissingBean (types: org.springframework.data.mongodb.MongoDatabaseFactory; SearchStrategy: all) did not find any beans (OnBeanCondition)

   MongoDatabaseFactoryDependentConfiguration matched:
      - @ConditionalOnBean (types: org.springframework.data.mongodb.MongoDatabaseFactory; SearchStrategy: all) found bean 'mongoDatabaseFactory' (OnBeanCondition)

   MongoDatabaseFactoryDependentConfiguration#gridFsTemplate matched:
      - @ConditionalOnMissingBean (types: org.springframework.data.mongodb.gridfs.GridFsOperations; SearchStrategy: all) did not find any beans (OnBeanCondition)

   MongoDatabaseFactoryDependentConfiguration#mongoTemplate matched:
      - @ConditionalOnMissingBean (types: org.springframework.data.mongodb.core.MongoOperations; SearchStrategy: all) did not find any beans (OnBeanCondition)

   MongoRepositoriesAutoConfiguration matched:
      - @ConditionalOnClass found required classes 'com.mongodb.client.MongoClient', 'org.springframework.data.mongodb.repository.MongoRepository' (OnClassCondition)
      - @ConditionalOnRepositoryType configured type of 'AUTO' matched required type (OnRepositoryTypeCondition)
      - @ConditionalOnMissingBean (types: org.springframework.data.mongodb.repository.support.MongoRepositoryFactoryBean,org.springframework.data.mongodb.repository.config.MongoRepositoryConfigurationExtension; SearchStrategy: all) did not find any beans (OnBeanCondition)

   MultipartAutoConfiguration matched:
      - @ConditionalOnClass found required classes 'jakarta.servlet.Servlet', 'org.springframework.web.multipart.support.StandardServletMultipartResolver', 'jakarta.servlet.MultipartConfigElement' (OnClassCondition)
      - found 'session' scope (OnWebApplicationCondition)
      - @ConditionalOnProperty (spring.servlet.multipart.enabled) matched (OnPropertyCondition)

   MultipartAutoConfiguration#multipartConfigElement matched:
      - @ConditionalOnMissingBean (types: jakarta.servlet.MultipartConfigElement; SearchStrategy: all) did not find any beans (OnBeanCondition)

   MultipartAutoConfiguration#multipartResolver matched:
      - @ConditionalOnMissingBean (types: org.springframework.web.multipart.MultipartResolver; SearchStrategy: all) did not find any beans (OnBeanCondition)

   NoOpCacheConfiguration matched:
      - Cache org.springframework.boot.autoconfigure.cache.NoOpCacheConfiguration automatic cache type (CacheCondition)

   PersistenceExceptionTranslationAutoConfiguration matched:
      - @ConditionalOnClass found required class 'org.springframework.dao.annotation.PersistenceExceptionTranslationPostProcessor' (OnClassCondition)

   PersistenceExceptionTranslationAutoConfiguration#persistenceExceptionTranslationPostProcessor matched:
      - @ConditionalOnProperty (spring.dao.exceptiontranslation.enabled) matched (OnPropertyCondition)
      - @ConditionalOnMissingBean (types: org.springframework.dao.annotation.PersistenceExceptionTranslationPostProcessor; SearchStrategy: all) did not find any beans (OnBeanCondition)

   PropertyPlaceholderAutoConfiguration#propertySourcesPlaceholderConfigurer matched:
      - @ConditionalOnMissingBean (types: org.springframework.context.support.PropertySourcesPlaceholderConfigurer; SearchStrategy: current) did not find any beans (OnBeanCondition)

   RestClientAutoConfiguration matched:
      - @ConditionalOnClass found required class 'org.springframework.web.client.RestClient' (OnClassCondition)
      - NoneNestedConditions 0 matched 1 did not; NestedCondition on NotReactiveWebApplicationCondition.ReactiveWebApplication did not find reactive web application classes (NotReactiveWebApplicationCondition)

   RestClientAutoConfiguration#httpMessageConvertersRestClientCustomizer matched:
      - @ConditionalOnMissingBean (types: org.springframework.boot.autoconfigure.web.client.HttpMessageConvertersRestClientCustomizer; SearchStrategy: all) did not find any beans (OnBeanCondition)

   RestClientAutoConfiguration#restClientBuilder matched:
      - @ConditionalOnMissingBean (types: org.springframework.web.client.RestClient$Builder; SearchStrategy: all) did not find any beans (OnBeanCondition)

   RestClientAutoConfiguration#restClientBuilderConfigurer matched:
      - @ConditionalOnMissingBean (types: org.springframework.boot.autoconfigure.web.client.RestClientBuilderConfigurer; SearchStrategy: all) did not find any beans (OnBeanCondition)

   RestClientAutoConfiguration#restClientSsl matched:
      - @ConditionalOnBean (types: org.springframework.boot.ssl.SslBundles; SearchStrategy: all) found bean 'sslBundleRegistry'; @ConditionalOnMissingBean (types: org.springframework.boot.autoconfigure.web.client.RestClientSsl; SearchStrategy: all) did not find any beans (OnBeanCondition)

   RestTemplateAutoConfiguration matched:
      - @ConditionalOnClass found required class 'org.springframework.web.client.RestTemplate' (OnClassCondition)
      - NoneNestedConditions 0 matched 1 did not; NestedCondition on NotReactiveWebApplicationCondition.ReactiveWebApplication did not find reactive web application classes (NotReactiveWebApplicationCondition)

   RestTemplateAutoConfiguration#restTemplateBuilder matched:
      - @ConditionalOnMissingBean (types: org.springframework.boot.web.client.RestTemplateBuilder; SearchStrategy: all) did not find any beans (OnBeanCondition)

   ServletWebServerFactoryAutoConfiguration matched:
      - @ConditionalOnClass found required class 'jakarta.servlet.ServletRequest' (OnClassCondition)
      - found 'session' scope (OnWebApplicationCondition)

   ServletWebServerFactoryAutoConfiguration#tomcatServletWebServerFactoryCustomizer matched:
      - @ConditionalOnClass found required class 'org.apache.catalina.startup.Tomcat' (OnClassCondition)

   ServletWebServerFactoryConfiguration.EmbeddedTomcat matched:
      - @ConditionalOnClass found required classes 'jakarta.servlet.Servlet', 'org.apache.catalina.startup.Tomcat', 'org.apache.coyote.UpgradeProtocol' (OnClassCondition)
      - @ConditionalOnMissingBean (types: org.springframework.boot.web.servlet.server.ServletWebServerFactory; SearchStrategy: current) did not find any beans (OnBeanCondition)

   SimpleCacheConfiguration matched:
      - Cache org.springframework.boot.autoconfigure.cache.SimpleCacheConfiguration automatic cache type (CacheCondition)

   SpringDataWebAutoConfiguration matched:
      - @ConditionalOnClass found required classes 'org.springframework.data.web.PageableHandlerMethodArgumentResolver', 'org.springframework.web.servlet.config.annotation.WebMvcConfigurer' (OnClassCondition)
      - found 'session' scope (OnWebApplicationCondition)
      - @ConditionalOnMissingBean (types: org.springframework.data.web.PageableHandlerMethodArgumentResolver; SearchStrategy: all) did not find any beans (OnBeanCondition)

   SpringDataWebAutoConfiguration#pageableCustomizer matched:
      - @ConditionalOnMissingBean (types: org.springframework.data.web.config.PageableHandlerMethodArgumentResolverCustomizer; SearchStrategy: all) did not find any beans (OnBeanCondition)

   SpringDataWebAutoConfiguration#sortCustomizer matched:
      - @ConditionalOnMissingBean (types: org.springframework.data.web.config.SortHandlerMethodArgumentResolverCustomizer; SearchStrategy: all) did not find any beans (OnBeanCondition)

   SqlInitializationAutoConfiguration matched:
      - @ConditionalOnProperty (spring.sql.init.enabled) matched (OnPropertyCondition)
      - NoneNestedConditions 0 matched 1 did not; NestedCondition on SqlInitializationAutoConfiguration.SqlInitializationModeCondition.ModeIsNever @ConditionalOnProperty (spring.sql.init.mode=never) did not find property 'mode' (SqlInitializationAutoConfiguration.SqlInitializationModeCondition)

   SslAutoConfiguration#sslBundleRegistry matched:
      - @ConditionalOnMissingBean (types: org.springframework.boot.ssl.SslBundleRegistry,org.springframework.boot.ssl.SslBundles; SearchStrategy: all) did not find any beans (OnBeanCondition)

   TaskExecutionAutoConfiguration matched:
      - @ConditionalOnClass found required class 'org.springframework.scheduling.concurrent.ThreadPoolTaskExecutor' (OnClassCondition)

   TaskExecutorConfigurations.SimpleAsyncTaskExecutorBuilderConfiguration#simpleAsyncTaskExecutorBuilder matched:
      - @ConditionalOnMissingBean (types: org.springframework.boot.task.SimpleAsyncTaskExecutorBuilder; SearchStrategy: all) did not find any beans (OnBeanCondition)
      - @ConditionalOnThreading found PLATFORM (OnThreadingCondition)

   TaskExecutorConfigurations.TaskExecutorBuilderConfiguration#taskExecutorBuilder matched:
      - @ConditionalOnMissingBean (types: org.springframework.boot.task.TaskExecutorBuilder; SearchStrategy: all) did not find any beans (OnBeanCondition)

   TaskExecutorConfigurations.TaskExecutorConfiguration matched:
      - @ConditionalOnMissingBean (types: java.util.concurrent.Executor; SearchStrategy: all) did not find any beans (OnBeanCondition)

   TaskExecutorConfigurations.TaskExecutorConfiguration#applicationTaskExecutor matched:
      - @ConditionalOnThreading found PLATFORM (OnThreadingCondition)

   TaskExecutorConfigurations.ThreadPoolTaskExecutorBuilderConfiguration#threadPoolTaskExecutorBuilder matched:
      - @ConditionalOnMissingBean (types: org.springframework.boot.task.TaskExecutorBuilder,org.springframework.boot.task.ThreadPoolTaskExecutorBuilder; SearchStrategy: all) did not find any beans (OnBeanCondition)

   TaskSchedulingAutoConfiguration matched:
      - @ConditionalOnClass found required class 'org.springframework.scheduling.concurrent.ThreadPoolTaskScheduler' (OnClassCondition)

   TaskSchedulingConfigurations.SimpleAsyncTaskSchedulerBuilderConfiguration#simpleAsyncTaskSchedulerBuilder matched:
      - @ConditionalOnMissingBean (types: org.springframework.boot.task.SimpleAsyncTaskSchedulerBuilder; SearchStrategy: all) did not find any beans (OnBeanCondition)
      - @ConditionalOnThreading found PLATFORM (OnThreadingCondition)

   TaskSchedulingConfigurations.TaskSchedulerBuilderConfiguration#taskSchedulerBuilder matched:
      - @ConditionalOnMissingBean (types: org.springframework.boot.task.TaskSchedulerBuilder; SearchStrategy: all) did not find any beans (OnBeanCondition)

   TaskSchedulingConfigurations.ThreadPoolTaskSchedulerBuilderConfiguration#threadPoolTaskSchedulerBuilder matched:
      - @ConditionalOnMissingBean (types: org.springframework.boot.task.TaskSchedulerBuilder,org.springframework.boot.task.ThreadPoolTaskSchedulerBuilder; SearchStrategy: all) did not find any beans (OnBeanCondition)

   TransactionAutoConfiguration matched:
      - @ConditionalOnClass found required class 'org.springframework.transaction.PlatformTransactionManager' (OnClassCondition)

   TransactionManagerCustomizationAutoConfiguration matched:
      - @ConditionalOnClass found required class 'org.springframework.transaction.PlatformTransactionManager' (OnClassCondition)

   TransactionManagerCustomizationAutoConfiguration#platformTransactionManagerCustomizers matched:
      - @ConditionalOnMissingBean (types: org.springframework.boot.autoconfigure.transaction.TransactionManagerCustomizers; SearchStrategy: all) did not find any beans (OnBeanCondition)

   WebMvcAutoConfiguration matched:
      - @ConditionalOnClass found required classes 'jakarta.servlet.Servlet', 'org.springframework.web.servlet.DispatcherServlet', 'org.springframework.web.servlet.config.annotation.WebMvcConfigurer' (OnClassCondition)
      - found 'session' scope (OnWebApplicationCondition)
      - @ConditionalOnMissingBean (types: org.springframework.web.servlet.config.annotation.WebMvcConfigurationSupport; SearchStrategy: all) did not find any beans (OnBeanCondition)

   WebMvcAutoConfiguration#formContentFilter matched:
      - @ConditionalOnProperty (spring.mvc.formcontent.filter.enabled) matched (OnPropertyCondition)
      - @ConditionalOnMissingBean (types: org.springframework.web.filter.FormContentFilter; SearchStrategy: all) did not find any beans (OnBeanCondition)

   WebMvcAutoConfiguration.EnableWebMvcConfiguration#flashMapManager matched:
      - @ConditionalOnMissingBean (names: flashMapManager; SearchStrategy: all) did not find any beans (OnBeanCondition)

   WebMvcAutoConfiguration.EnableWebMvcConfiguration#localeResolver matched:
      - @ConditionalOnMissingBean (names: localeResolver; SearchStrategy: all) did not find any beans (OnBeanCondition)

   WebMvcAutoConfiguration.EnableWebMvcConfiguration#themeResolver matched:
      - @ConditionalOnMissingBean (names: themeResolver; SearchStrategy: all) did not find any beans (OnBeanCondition)

   WebMvcAutoConfiguration.WebMvcAutoConfigurationAdapter#defaultViewResolver matched:
      - @ConditionalOnMissingBean (types: org.springframework.web.servlet.view.InternalResourceViewResolver; SearchStrategy: all) did not find any beans (OnBeanCondition)

   WebMvcAutoConfiguration.WebMvcAutoConfigurationAdapter#requestContextFilter matched:
      - @ConditionalOnMissingBean (types: org.springframework.web.context.request.RequestContextListener,org.springframework.web.filter.RequestContextFilter; SearchStrategy: all) did not find any beans (OnBeanCondition)

   WebMvcAutoConfiguration.WebMvcAutoConfigurationAdapter#viewResolver matched:
      - @ConditionalOnBean (types: org.springframework.web.servlet.ViewResolver; SearchStrategy: all) found beans 'defaultViewResolver', 'beanNameViewResolver', 'mvcViewResolver'; @ConditionalOnMissingBean (names: viewResolver types: org.springframework.web.servlet.view.ContentNegotiatingViewResolver; SearchStrategy: all) did not find any beans (OnBeanCondition)

   WebSocketServletAutoConfiguration matched:
      - @ConditionalOnClass found required classes 'jakarta.servlet.Servlet', 'jakarta.websocket.server.ServerContainer' (OnClassCondition)
      - found 'session' scope (OnWebApplicationCondition)

   WebSocketServletAutoConfiguration.TomcatWebSocketConfiguration matched:
      - @ConditionalOnClass found required classes 'org.apache.catalina.startup.Tomcat', 'org.apache.tomcat.websocket.server.WsSci' (OnClassCondition)

   WebSocketServletAutoConfiguration.TomcatWebSocketConfiguration#websocketServletWebServerCustomizer matched:
      - @ConditionalOnMissingBean (names: websocketServletWebServerCustomizer; SearchStrategy: all) did not find any beans (OnBeanCondition)


Negative matches:
-----------------

   ActiveMQAutoConfiguration:
      Did not match:
         - @ConditionalOnClass did not find required class 'jakarta.jms.ConnectionFactory' (OnClassCondition)

   AopAutoConfiguration.AspectJAutoProxyingConfiguration:
      Did not match:
         - @ConditionalOnClass did not find required class 'org.aspectj.weaver.Advice' (OnClassCondition)

   ArtemisAutoConfiguration:
      Did not match:
         - @ConditionalOnClass did not find required class 'jakarta.jms.ConnectionFactory' (OnClassCondition)

   BatchAutoConfiguration:
      Did not match:
         - @ConditionalOnClass did not find required class 'org.springframework.batch.core.launch.JobLauncher' (OnClassCondition)

   Cache2kCacheConfiguration:
      Did not match:
         - @ConditionalOnClass did not find required class 'org.cache2k.Cache2kBuilder' (OnClassCondition)

   CacheAutoConfiguration:
      Did not match:
         - @ConditionalOnBean (types: org.springframework.cache.interceptor.CacheAspectSupport; SearchStrategy: all) did not find any beans of type org.springframework.cache.interceptor.CacheAspectSupport (OnBeanCondition)
      Matched:
         - @ConditionalOnClass found required class 'org.springframework.cache.CacheManager' (OnClassCondition)

   CacheAutoConfiguration.CacheManagerEntityManagerFactoryDependsOnPostProcessor:
      Did not match:
         - @ConditionalOnClass did not find required class 'org.springframework.orm.jpa.LocalContainerEntityManagerFactoryBean' (OnClassCondition)
         - Ancestor org.springframework.boot.autoconfigure.cache.CacheAutoConfiguration did not match (ConditionEvaluationReport.AncestorsMatchedCondition)

   CaffeineCacheConfiguration:
      Did not match:
         - @ConditionalOnClass did not find required class 'com.github.benmanes.caffeine.cache.Caffeine' (OnClassCondition)

   CassandraAutoConfiguration:
      Did not match:
         - @ConditionalOnClass did not find required class 'com.datastax.oss.driver.api.core.CqlSession' (OnClassCondition)

   CassandraDataAutoConfiguration:
      Did not match:
         - @ConditionalOnClass did not find required class 'com.datastax.oss.driver.api.core.CqlSession' (OnClassCondition)

   CassandraReactiveDataAutoConfiguration:
      Did not match:
         - @ConditionalOnClass did not find required class 'com.datastax.oss.driver.api.core.CqlSession' (OnClassCondition)

   CassandraReactiveRepositoriesAutoConfiguration:
      Did not match:
         - @ConditionalOnClass did not find required class 'org.springframework.data.cassandra.ReactiveSession' (OnClassCondition)

   CassandraRepositoriesAutoConfiguration:
      Did not match:
         - @ConditionalOnClass did not find required class 'com.datastax.oss.driver.api.core.CqlSession' (OnClassCondition)

   ClientHttpConnectorAutoConfiguration:
      Did not match:
         - @ConditionalOnClass did not find required class 'org.springframework.web.reactive.function.client.WebClient' (OnClassCondition)

   CodecsAutoConfiguration:
      Did not match:
         - @ConditionalOnClass did not find required class 'org.springframework.web.reactive.function.client.WebClient' (OnClassCondition)

   CouchbaseAutoConfiguration:
      Did not match:
         - @ConditionalOnClass did not find required class 'com.couchbase.client.java.Cluster' (OnClassCondition)

   CouchbaseCacheConfiguration:
      Did not match:
         - @ConditionalOnClass did not find required class 'com.couchbase.client.java.Cluster' (OnClassCondition)

   CouchbaseDataAutoConfiguration:
      Did not match:
         - @ConditionalOnClass did not find required class 'com.couchbase.client.java.Bucket' (OnClassCondition)

   CouchbaseReactiveDataAutoConfiguration:
      Did not match:
         - @ConditionalOnClass did not find required class 'com.couchbase.client.java.Cluster' (OnClassCondition)

   CouchbaseReactiveRepositoriesAutoConfiguration:
      Did not match:
         - @ConditionalOnClass did not find required class 'com.couchbase.client.java.Cluster' (OnClassCondition)

   CouchbaseRepositoriesAutoConfiguration:
      Did not match:
         - @ConditionalOnClass did not find required class 'com.couchbase.client.java.Bucket' (OnClassCondition)

   DataSourceAutoConfiguration:
      Did not match:
         - @ConditionalOnClass did not find required class 'org.springframework.jdbc.datasource.embedded.EmbeddedDatabaseType' (OnClassCondition)

   DataSourceInitializationConfiguration:
      Did not match:
         - @ConditionalOnClass did not find required class 'org.springframework.jdbc.datasource.init.DatabasePopulator' (OnClassCondition)

   DataSourceTransactionManagerAutoConfiguration:
      Did not match:
         - @ConditionalOnClass did not find required class 'org.springframework.jdbc.core.JdbcTemplate' (OnClassCondition)

   DispatcherServletAutoConfiguration.DispatcherServletConfiguration#multipartResolver:
      Did not match:
         - @ConditionalOnBean (types: org.springframework.web.multipart.MultipartResolver; SearchStrategy: all) did not find any beans of type org.springframework.web.multipart.MultipartResolver (OnBeanCondition)

   ElasticsearchClientAutoConfiguration:
      Did not match:
         - @ConditionalOnClass did not find required class 'co.elastic.clients.elasticsearch.ElasticsearchClient' (OnClassCondition)

   ElasticsearchDataAutoConfiguration:
      Did not match:
         - @ConditionalOnClass did not find required class 'org.springframework.data.elasticsearch.client.elc.ElasticsearchTemplate' (OnClassCondition)

   ElasticsearchRepositoriesAutoConfiguration:
      Did not match:
         - @ConditionalOnClass did not find required class 'org.springframework.data.elasticsearch.repository.ElasticsearchRepository' (OnClassCondition)

   ElasticsearchRestClientAutoConfiguration:
      Did not match:
         - @ConditionalOnClass did not find required class 'org.elasticsearch.client.RestClientBuilder' (OnClassCondition)

   EmbeddedLdapAutoConfiguration:
      Did not match:
         - @ConditionalOnClass did not find required class 'com.unboundid.ldap.listener.InMemoryDirectoryServer' (OnClassCondition)

   EmbeddedWebServerFactoryCustomizerAutoConfiguration.JettyWebServerFactoryCustomizerConfiguration:
      Did not match:
         - @ConditionalOnClass did not find required classes 'org.eclipse.jetty.server.Server', 'org.eclipse.jetty.util.Loader', 'org.eclipse.jetty.ee10.webapp.WebAppContext' (OnClassCondition)

   EmbeddedWebServerFactoryCustomizerAutoConfiguration.NettyWebServerFactoryCustomizerConfiguration:
      Did not match:
         - @ConditionalOnClass did not find required class 'reactor.netty.http.server.HttpServer' (OnClassCondition)

   EmbeddedWebServerFactoryCustomizerAutoConfiguration.TomcatWebServerFactoryCustomizerConfiguration#tomcatVirtualThreadsProtocolHandlerCustomizer:
      Did not match:
         - @ConditionalOnThreading did not find VIRTUAL (OnThreadingCondition)

   EmbeddedWebServerFactoryCustomizerAutoConfiguration.UndertowWebServerFactoryCustomizerConfiguration:
      Did not match:
         - @ConditionalOnClass did not find required classes 'io.undertow.Undertow', 'org.xnio.SslClientAuthMode' (OnClassCondition)

   ErrorWebFluxAutoConfiguration:
      Did not match:
         - @ConditionalOnClass did not find required class 'org.springframework.web.reactive.config.WebFluxConfigurer' (OnClassCondition)

   FlywayAutoConfiguration:
      Did not match:
         - @ConditionalOnClass did not find required class 'org.flywaydb.core.Flyway' (OnClassCondition)

   FreeMarkerAutoConfiguration:
      Did not match:
         - @ConditionalOnClass did not find required class 'freemarker.template.Configuration' (OnClassCondition)

   GraphQlAutoConfiguration:
      Did not match:
         - @ConditionalOnClass did not find required class 'graphql.GraphQL' (OnClassCondition)

   GraphQlQueryByExampleAutoConfiguration:
      Did not match:
         - @ConditionalOnClass did not find required class 'graphql.GraphQL' (OnClassCondition)

   GraphQlQuerydslAutoConfiguration:
      Did not match:
         - @ConditionalOnClass did not find required class 'com.querydsl.core.Query' (OnClassCondition)

   GraphQlRSocketAutoConfiguration:
      Did not match:
         - @ConditionalOnClass did not find required class 'graphql.GraphQL' (OnClassCondition)

   GraphQlReactiveQueryByExampleAutoConfiguration:
      Did not match:
         - @ConditionalOnClass did not find required class 'graphql.GraphQL' (OnClassCondition)

   GraphQlReactiveQuerydslAutoConfiguration:
      Did not match:
         - @ConditionalOnClass did not find required class 'com.querydsl.core.Query' (OnClassCondition)

   GraphQlWebFluxAutoConfiguration:
      Did not match:
         - @ConditionalOnClass did not find required class 'graphql.GraphQL' (OnClassCondition)

   GraphQlWebFluxSecurityAutoConfiguration:
      Did not match:
         - @ConditionalOnClass did not find required class 'graphql.GraphQL' (OnClassCondition)

   GraphQlWebMvcAutoConfiguration:
      Did not match:
         - @ConditionalOnClass did not find required class 'graphql.GraphQL' (OnClassCondition)

   GraphQlWebMvcSecurityAutoConfiguration:
      Did not match:
         - @ConditionalOnClass did not find required class 'graphql.GraphQL' (OnClassCondition)

   GroovyTemplateAutoConfiguration:
      Did not match:
         - @ConditionalOnClass did not find required class 'groovy.text.markup.MarkupTemplateEngine' (OnClassCondition)

   GsonAutoConfiguration:
      Did not match:
         - @ConditionalOnClass did not find required class 'com.google.gson.Gson' (OnClassCondition)

   GsonHttpMessageConvertersConfiguration:
      Did not match:
         - @ConditionalOnClass did not find required class 'com.google.gson.Gson' (OnClassCondition)

   H2ConsoleAutoConfiguration:
      Did not match:
         - @ConditionalOnClass did not find required class 'org.h2.server.web.JakartaWebServlet' (OnClassCondition)

   HazelcastAutoConfiguration:
      Did not match:
         - @ConditionalOnClass did not find required class 'com.hazelcast.core.HazelcastInstance' (OnClassCondition)

   HazelcastCacheConfiguration:
      Did not match:
         - @ConditionalOnClass did not find required class 'com.hazelcast.core.HazelcastInstance' (OnClassCondition)

   HazelcastJpaDependencyAutoConfiguration:
      Did not match:
         - @ConditionalOnClass did not find required class 'com.hazelcast.core.HazelcastInstance' (OnClassCondition)

   HibernateJpaAutoConfiguration:
      Did not match:
         - @ConditionalOnClass did not find required class 'jakarta.persistence.EntityManager' (OnClassCondition)

   HttpHandlerAutoConfiguration:
      Did not match:
         - @ConditionalOnClass did not find required class 'org.springframework.web.reactive.DispatcherHandler' (OnClassCondition)

   HypermediaAutoConfiguration:
      Did not match:
         - @ConditionalOnClass did not find required class 'org.springframework.hateoas.EntityModel' (OnClassCondition)

   InfinispanCacheConfiguration:
      Did not match:
         - @ConditionalOnClass did not find required class 'org.infinispan.spring.embedded.provider.SpringEmbeddedCacheManager' (OnClassCondition)

   InfluxDbAutoConfiguration:
      Did not match:
         - @ConditionalOnClass did not find required class 'org.influxdb.InfluxDB' (OnClassCondition)

   IntegrationAutoConfiguration:
      Did not match:
         - @ConditionalOnClass did not find required class 'org.springframework.integration.config.EnableIntegration' (OnClassCondition)

   JCacheCacheConfiguration:
      Did not match:
         - @ConditionalOnClass did not find required class 'javax.cache.Caching' (OnClassCondition)

   JacksonHttpMessageConvertersConfiguration.MappingJackson2XmlHttpMessageConverterConfiguration:
      Did not match:
         - @ConditionalOnClass did not find required class 'com.fasterxml.jackson.dataformat.xml.XmlMapper' (OnClassCondition)

   JdbcClientAutoConfiguration:
      Did not match:
         - @ConditionalOnSingleCandidate did not find required type 'org.springframework.jdbc.core.namedparam.NamedParameterJdbcTemplate' (OnBeanCondition)

   JdbcRepositoriesAutoConfiguration:
      Did not match:
         - @ConditionalOnClass did not find required class 'org.springframework.data.jdbc.repository.config.AbstractJdbcConfiguration' (OnClassCondition)

   JdbcTemplateAutoConfiguration:
      Did not match:
         - @ConditionalOnClass did not find required class 'org.springframework.jdbc.core.JdbcTemplate' (OnClassCondition)

   JerseyAutoConfiguration:
      Did not match:
         - @ConditionalOnClass did not find required class 'org.glassfish.jersey.server.spring.SpringComponentProvider' (OnClassCondition)

   JmsAutoConfiguration:
      Did not match:
         - @ConditionalOnClass did not find required class 'jakarta.jms.Message' (OnClassCondition)

   JmxAutoConfiguration:
      Did not match:
         - @ConditionalOnProperty (spring.jmx.enabled=true) did not find property 'enabled' (OnPropertyCondition)
      Matched:
         - @ConditionalOnClass found required class 'org.springframework.jmx.export.MBeanExporter' (OnClassCondition)

   JndiConnectionFactoryAutoConfiguration:
      Did not match:
         - @ConditionalOnClass did not find required class 'org.springframework.jms.core.JmsTemplate' (OnClassCondition)

   JndiDataSourceAutoConfiguration:
      Did not match:
         - @ConditionalOnClass did not find required class 'org.springframework.jdbc.datasource.embedded.EmbeddedDatabaseType' (OnClassCondition)

   JooqAutoConfiguration:
      Did not match:
         - @ConditionalOnClass did not find required class 'org.jooq.DSLContext' (OnClassCondition)

   JpaRepositoriesAutoConfiguration:
      Did not match:
         - @ConditionalOnClass did not find required class 'org.springframework.data.jpa.repository.JpaRepository' (OnClassCondition)

   JsonbAutoConfiguration:
      Did not match:
         - @ConditionalOnClass did not find required class 'jakarta.json.bind.Jsonb' (OnClassCondition)

   JsonbHttpMessageConvertersConfiguration:
      Did not match:
         - @ConditionalOnClass did not find required class 'jakarta.json.bind.Jsonb' (OnClassCondition)

   JtaAutoConfiguration:
      Did not match:
         - @ConditionalOnClass did not find required class 'jakarta.transaction.Transaction' (OnClassCondition)

   KafkaAutoConfiguration:
      Did not match:
         - @ConditionalOnClass did not find required class 'org.springframework.kafka.core.KafkaTemplate' (OnClassCondition)

   LdapAutoConfiguration:
      Did not match:
         - @ConditionalOnClass did not find required class 'org.springframework.ldap.core.ContextSource' (OnClassCondition)

   LdapRepositoriesAutoConfiguration:
      Did not match:
         - @ConditionalOnClass did not find required class 'org.springframework.data.ldap.repository.LdapRepository' (OnClassCondition)

   LiquibaseAutoConfiguration:
      Did not match:
         - @ConditionalOnClass did not find required class 'liquibase.change.DatabaseChange' (OnClassCondition)

   MailSenderAutoConfiguration:
      Did not match:
         - @ConditionalOnClass did not find required class 'jakarta.activation.MimeType' (OnClassCondition)

   MailSenderValidatorAutoConfiguration:
      Did not match:
         - @ConditionalOnSingleCandidate did not find required type 'org.springframework.mail.javamail.JavaMailSenderImpl' (OnBeanCondition)

   MessageSourceAutoConfiguration:
      Did not match:
         - ResourceBundle did not find bundle with basename messages (MessageSourceAutoConfiguration.ResourceBundleCondition)

   MongoDataAutoConfiguration#mongoConnectionDetails:
      Did not match:
         - @ConditionalOnMissingBean (types: org.springframework.boot.autoconfigure.mongo.MongoConnectionDetails; SearchStrategy: all) found beans of type 'org.springframework.boot.autoconfigure.mongo.MongoConnectionDetails' mongoConnectionDetails (OnBeanCondition)

   MongoReactiveAutoConfiguration:
      Did not match:
         - @ConditionalOnClass did not find required class 'com.mongodb.reactivestreams.client.MongoClient' (OnClassCondition)

   MongoReactiveDataAutoConfiguration:
      Did not match:
         - @ConditionalOnClass did not find required class 'com.mongodb.reactivestreams.client.MongoClient' (OnClassCondition)

   MongoReactiveRepositoriesAutoConfiguration:
      Did not match:
         - @ConditionalOnClass did not find required class 'com.mongodb.reactivestreams.client.MongoClient' (OnClassCondition)

   MustacheAutoConfiguration:
      Did not match:
         - @ConditionalOnClass did not find required class 'com.samskivert.mustache.Mustache' (OnClassCondition)

   Neo4jAutoConfiguration:
      Did not match:
         - @ConditionalOnClass did not find required class 'org.neo4j.driver.Driver' (OnClassCondition)

   Neo4jDataAutoConfiguration:
      Did not match:
         - @ConditionalOnClass did not find required class 'org.neo4j.driver.Driver' (OnClassCondition)

   Neo4jReactiveDataAutoConfiguration:
      Did not match:
         - @ConditionalOnClass did not find required class 'org.neo4j.driver.Driver' (OnClassCondition)

   Neo4jReactiveRepositoriesAutoConfiguration:
      Did not match:
         - @ConditionalOnClass did not find required class 'org.neo4j.driver.Driver' (OnClassCondition)

   Neo4jRepositoriesAutoConfiguration:
      Did not match:
         - @ConditionalOnClass did not find required class 'org.neo4j.driver.Driver' (OnClassCondition)

   NettyAutoConfiguration:
      Did not match:
         - @ConditionalOnClass did not find required class 'io.netty.util.NettyRuntime' (OnClassCondition)

   OAuth2AuthorizationServerAutoConfiguration:
      Did not match:
         - @ConditionalOnClass did not find required class 'org.springframework.security.oauth2.server.authorization.OAuth2Authorization' (OnClassCondition)

   OAuth2AuthorizationServerJwtAutoConfiguration:
      Did not match:
         - @ConditionalOnClass did not find required class 'org.springframework.security.oauth2.server.authorization.OAuth2Authorization' (OnClassCondition)

   OAuth2ClientAutoConfiguration:
      Did not match:
         - @ConditionalOnClass did not find required class 'org.springframework.security.config.annotation.web.configuration.EnableWebSecurity' (OnClassCondition)

   OAuth2ResourceServerAutoConfiguration:
      Did not match:
         - @ConditionalOnClass did not find required class 'org.springframework.security.oauth2.server.resource.authentication.BearerTokenAuthenticationToken' (OnClassCondition)

   ProjectInfoAutoConfiguration#buildProperties:
      Did not match:
         - @ConditionalOnResource did not find resource '${spring.info.build.location:classpath:META-INF/build-info.properties}' (OnResourceCondition)

   ProjectInfoAutoConfiguration#gitProperties:
      Did not match:
         - GitResource did not find git info at classpath:git.properties (ProjectInfoAutoConfiguration.GitResourceAvailableCondition)

   PulsarAutoConfiguration:
      Did not match:
         - @ConditionalOnClass did not find required class 'org.apache.pulsar.client.api.PulsarClient' (OnClassCondition)

   PulsarReactiveAutoConfiguration:
      Did not match:
         - @ConditionalOnClass did not find required class 'org.apache.pulsar.client.api.PulsarClient' (OnClassCondition)

   QuartzAutoConfiguration:
      Did not match:
         - @ConditionalOnClass did not find required class 'org.quartz.Scheduler' (OnClassCondition)

   R2dbcAutoConfiguration:
      Did not match:
         - @ConditionalOnClass did not find required class 'io.r2dbc.spi.ConnectionFactory' (OnClassCondition)

   R2dbcDataAutoConfiguration:
      Did not match:
         - @ConditionalOnClass did not find required class 'org.springframework.data.r2dbc.core.R2dbcEntityTemplate' (OnClassCondition)

   R2dbcInitializationConfiguration:
      Did not match:
         - @ConditionalOnClass did not find required classes 'io.r2dbc.spi.ConnectionFactory', 'org.springframework.r2dbc.connection.init.DatabasePopulator' (OnClassCondition)

   R2dbcRepositoriesAutoConfiguration:
      Did not match:
         - @ConditionalOnClass did not find required class 'io.r2dbc.spi.ConnectionFactory' (OnClassCondition)

   R2dbcTransactionManagerAutoConfiguration:
      Did not match:
         - @ConditionalOnClass did not find required class 'org.springframework.r2dbc.connection.R2dbcTransactionManager' (OnClassCondition)

   RSocketGraphQlClientAutoConfiguration:
      Did not match:
         - @ConditionalOnClass did not find required class 'graphql.GraphQL' (OnClassCondition)

   RSocketMessagingAutoConfiguration:
      Did not match:
         - @ConditionalOnClass did not find required class 'io.rsocket.RSocket' (OnClassCondition)

   RSocketRequesterAutoConfiguration:
      Did not match:
         - @ConditionalOnClass did not find required class 'io.rsocket.RSocket' (OnClassCondition)

   RSocketSecurityAutoConfiguration:
      Did not match:
         - @ConditionalOnClass did not find required class 'org.springframework.security.rsocket.core.SecuritySocketAcceptorInterceptor' (OnClassCondition)

   RSocketServerAutoConfiguration:
      Did not match:
         - @ConditionalOnClass did not find required class 'io.rsocket.core.RSocketServer' (OnClassCondition)

   RSocketStrategiesAutoConfiguration:
      Did not match:
         - @ConditionalOnClass did not find required class 'io.netty.buffer.PooledByteBufAllocator' (OnClassCondition)

   RabbitAutoConfiguration:
      Did not match:
         - @ConditionalOnClass did not find required class 'com.rabbitmq.client.Channel' (OnClassCondition)

   ReactiveElasticsearchClientAutoConfiguration:
      Did not match:
         - @ConditionalOnClass did not find required class 'co.elastic.clients.transport.ElasticsearchTransport' (OnClassCondition)

   ReactiveElasticsearchRepositoriesAutoConfiguration:
      Did not match:
         - @ConditionalOnClass did not find required class 'org.springframework.data.elasticsearch.client.elc.ReactiveElasticsearchClient' (OnClassCondition)

   ReactiveMultipartAutoConfiguration:
      Did not match:
         - @ConditionalOnClass did not find required class 'org.springframework.web.reactive.config.WebFluxConfigurer' (OnClassCondition)

   ReactiveOAuth2ClientAutoConfiguration:
      Did not match:
         - @ConditionalOnClass did not find required class 'reactor.core.publisher.Flux' (OnClassCondition)

   ReactiveOAuth2ResourceServerAutoConfiguration:
      Did not match:
         - @ConditionalOnClass did not find required class 'org.springframework.security.config.annotation.web.reactive.EnableWebFluxSecurity' (OnClassCondition)

   ReactiveSecurityAutoConfiguration:
      Did not match:
         - @ConditionalOnClass did not find required class 'reactor.core.publisher.Flux' (OnClassCondition)

   ReactiveUserDetailsServiceAutoConfiguration:
      Did not match:
         - @ConditionalOnClass did not find required class 'org.springframework.security.authentication.ReactiveAuthenticationManager' (OnClassCondition)

   ReactiveWebServerFactoryAutoConfiguration:
      Did not match:
         - @ConditionalOnWebApplication did not find reactive web application classes (OnWebApplicationCondition)

   ReactorAutoConfiguration:
      Did not match:
         - @ConditionalOnClass did not find required class 'reactor.core.publisher.Hooks' (OnClassCondition)

   RedisAutoConfiguration:
      Did not match:
         - @ConditionalOnClass did not find required class 'org.springframework.data.redis.core.RedisOperations' (OnClassCondition)

   RedisCacheConfiguration:
      Did not match:
         - @ConditionalOnClass did not find required class 'org.springframework.data.redis.connection.RedisConnectionFactory' (OnClassCondition)

   RedisReactiveAutoConfiguration:
      Did not match:
         - @ConditionalOnClass did not find required class 'reactor.core.publisher.Flux' (OnClassCondition)

   RedisRepositoriesAutoConfiguration:
      Did not match:
         - @ConditionalOnClass did not find required class 'org.springframework.data.redis.repository.configuration.EnableRedisRepositories' (OnClassCondition)

   RepositoryRestMvcAutoConfiguration:
      Did not match:
         - @ConditionalOnClass did not find required class 'org.springframework.data.rest.webmvc.config.RepositoryRestMvcConfiguration' (OnClassCondition)

   Saml2RelyingPartyAutoConfiguration:
      Did not match:
         - @ConditionalOnClass did not find required class 'org.springframework.security.saml2.provider.service.registration.RelyingPartyRegistrationRepository' (OnClassCondition)

   SecurityAutoConfiguration:
      Did not match:
         - @ConditionalOnClass did not find required class 'org.springframework.security.authentication.DefaultAuthenticationEventPublisher' (OnClassCondition)

   SecurityFilterAutoConfiguration:
      Did not match:
         - @ConditionalOnClass did not find required class 'org.springframework.security.config.http.SessionCreationPolicy' (OnClassCondition)

   SendGridAutoConfiguration:
      Did not match:
         - @ConditionalOnClass did not find required class 'com.sendgrid.SendGrid' (OnClassCondition)

   ServletWebServerFactoryAutoConfiguration.ForwardedHeaderFilterConfiguration:
      Did not match:
         - @ConditionalOnProperty (server.forward-headers-strategy=framework) did not find property 'server.forward-headers-strategy' (OnPropertyCondition)

   ServletWebServerFactoryConfiguration.EmbeddedJetty:
      Did not match:
         - @ConditionalOnClass did not find required classes 'org.eclipse.jetty.server.Server', 'org.eclipse.jetty.util.Loader', 'org.eclipse.jetty.ee10.webapp.WebAppContext' (OnClassCondition)

   ServletWebServerFactoryConfiguration.EmbeddedUndertow:
      Did not match:
         - @ConditionalOnClass did not find required classes 'io.undertow.Undertow', 'org.xnio.SslClientAuthMode' (OnClassCondition)

   SessionAutoConfiguration:
      Did not match:
         - @ConditionalOnClass did not find required class 'org.springframework.session.Session' (OnClassCondition)

   SpringApplicationAdminJmxAutoConfiguration:
      Did not match:
         - @ConditionalOnProperty (spring.application.admin.enabled=true) did not find property 'enabled' (OnPropertyCondition)

   TaskExecutorConfigurations.SimpleAsyncTaskExecutorBuilderConfiguration#simpleAsyncTaskExecutorBuilderVirtualThreads:
      Did not match:
         - @ConditionalOnMissingBean (types: org.springframework.boot.task.SimpleAsyncTaskExecutorBuilder; SearchStrategy: all) found beans of type 'org.springframework.boot.task.SimpleAsyncTaskExecutorBuilder' simpleAsyncTaskExecutorBuilder (OnBeanCondition)

   TaskExecutorConfigurations.TaskExecutorConfiguration#applicationTaskExecutorVirtualThreads:
      Did not match:
         - @ConditionalOnThreading did not find VIRTUAL (OnThreadingCondition)

   TaskSchedulingAutoConfiguration#scheduledBeanLazyInitializationExcludeFilter:
      Did not match:
         - @ConditionalOnBean (names: org.springframework.context.annotation.internalScheduledAnnotationProcessor; SearchStrategy: all) did not find any beans named org.springframework.context.annotation.internalScheduledAnnotationProcessor (OnBeanCondition)

   TaskSchedulingConfigurations.SimpleAsyncTaskSchedulerBuilderConfiguration#simpleAsyncTaskSchedulerBuilderVirtualThreads:
      Did not match:
         - @ConditionalOnMissingBean (types: org.springframework.boot.task.SimpleAsyncTaskSchedulerBuilder; SearchStrategy: all) found beans of type 'org.springframework.boot.task.SimpleAsyncTaskSchedulerBuilder' simpleAsyncTaskSchedulerBuilder (OnBeanCondition)

   TaskSchedulingConfigurations.TaskSchedulerConfiguration:
      Did not match:
         - @ConditionalOnBean (names: org.springframework.context.annotation.internalScheduledAnnotationProcessor; SearchStrategy: all) did not find any beans named org.springframework.context.annotation.internalScheduledAnnotationProcessor (OnBeanCondition)

   ThymeleafAutoConfiguration:
      Did not match:
         - @ConditionalOnClass did not find required class 'org.thymeleaf.spring6.SpringTemplateEngine' (OnClassCondition)

   TransactionAutoConfiguration#transactionalOperator:
      Did not match:
         - @ConditionalOnSingleCandidate (types: org.springframework.transaction.ReactiveTransactionManager; SearchStrategy: all) did not find any beans (OnBeanCondition)

   TransactionAutoConfiguration.AspectJTransactionManagementConfiguration:
      Did not match:
         - @ConditionalOnBean did not find required type 'org.springframework.transaction.aspectj.AbstractTransactionAspect' (OnBeanCondition)
         - @ConditionalOnBean (types: org.springframework.transaction.aspectj.AbstractTransactionAspect; SearchStrategy: all) did not find any beans of type org.springframework.transaction.aspectj.AbstractTransactionAspect (OnBeanCondition)

   TransactionAutoConfiguration.EnableTransactionManagementConfiguration:
      Did not match:
         - @ConditionalOnBean (types: org.springframework.transaction.TransactionManager; SearchStrategy: all) did not find any beans of type org.springframework.transaction.TransactionManager (OnBeanCondition)

   TransactionAutoConfiguration.EnableTransactionManagementConfiguration.CglibAutoProxyConfiguration:
      Did not match:
         - Ancestor org.springframework.boot.autoconfigure.transaction.TransactionAutoConfiguration$EnableTransactionManagementConfiguration did not match (ConditionEvaluationReport.AncestorsMatchedCondition)
      Matched:
         - @ConditionalOnProperty (spring.aop.proxy-target-class=true) matched (OnPropertyCondition)

   TransactionAutoConfiguration.EnableTransactionManagementConfiguration.JdkDynamicAutoProxyConfiguration:
      Did not match:
         - @ConditionalOnProperty (spring.aop.proxy-target-class=false) did not find property 'proxy-target-class' (OnPropertyCondition)
         - Ancestor org.springframework.boot.autoconfigure.transaction.TransactionAutoConfiguration$EnableTransactionManagementConfiguration did not match (ConditionEvaluationReport.AncestorsMatchedCondition)

   TransactionAutoConfiguration.TransactionTemplateConfiguration:
      Did not match:
         - @ConditionalOnSingleCandidate (types: org.springframework.transaction.PlatformTransactionManager; SearchStrategy: all) did not find any beans (OnBeanCondition)

   UserDetailsServiceAutoConfiguration:
      Did not match:
         - @ConditionalOnClass did not find required class 'org.springframework.security.authentication.AuthenticationManager' (OnClassCondition)

   ValidationAutoConfiguration:
      Did not match:
         - @ConditionalOnClass did not find required class 'jakarta.validation.executable.ExecutableValidator' (OnClassCondition)

   WebClientAutoConfiguration:
      Did not match:
         - @ConditionalOnClass did not find required class 'org.springframework.web.reactive.function.client.WebClient' (OnClassCondition)

   WebFluxAutoConfiguration:
      Did not match:
         - @ConditionalOnClass did not find required class 'org.springframework.web.reactive.config.WebFluxConfigurer' (OnClassCondition)

   WebMvcAutoConfiguration#hiddenHttpMethodFilter:
      Did not match:
         - @ConditionalOnProperty (spring.mvc.hiddenmethod.filter.enabled) did not find property 'enabled' (OnPropertyCondition)

   WebMvcAutoConfiguration.ProblemDetailsErrorHandlingConfiguration:
      Did not match:
         - @ConditionalOnProperty (spring.mvc.problemdetails.enabled=true) did not find property 'enabled' (OnPropertyCondition)

   WebMvcAutoConfiguration.ResourceChainCustomizerConfiguration:
      Did not match:
         - @ConditionalOnEnabledResourceChain did not find class org.webjars.WebJarAssetLocator (OnEnabledResourceChainCondition)

   WebMvcAutoConfiguration.WebMvcAutoConfigurationAdapter#beanNameViewResolver:
      Did not match:
         - @ConditionalOnMissingBean (types: org.springframework.web.servlet.view.BeanNameViewResolver; SearchStrategy: all) found beans of type 'org.springframework.web.servlet.view.BeanNameViewResolver' beanNameViewResolver (OnBeanCondition)

   WebServiceTemplateAutoConfiguration:
      Did not match:
         - @ConditionalOnClass did not find required class 'org.springframework.oxm.Marshaller' (OnClassCondition)

   WebServicesAutoConfiguration:
      Did not match:
         - @ConditionalOnClass did not find required class 'org.springframework.ws.transport.http.MessageDispatcherServlet' (OnClassCondition)

   WebSessionIdResolverAutoConfiguration:
      Did not match:
         - @ConditionalOnClass did not find required class 'reactor.core.publisher.Mono' (OnClassCondition)

   WebSocketMessagingAutoConfiguration:
      Did not match:
         - @ConditionalOnClass did not find required class 'org.springframework.web.socket.config.annotation.WebSocketMessageBrokerConfigurer' (OnClassCondition)

   WebSocketReactiveAutoConfiguration:
      Did not match:
         - @ConditionalOnWebApplication did not find reactive web application classes (OnWebApplicationCondition)

   WebSocketServletAutoConfiguration.JettyWebSocketConfiguration:
      Did not match:
         - @ConditionalOnClass did not find required class 'org.eclipse.jetty.ee10.websocket.jakarta.server.config.JakartaWebSocketServletContainerInitializer' (OnClassCondition)

   WebSocketServletAutoConfiguration.UndertowWebSocketConfiguration:
      Did not match:
         - @ConditionalOnClass did not find required class 'io.undertow.websockets.jsr.Bootstrap' (OnClassCondition)

   XADataSourceAutoConfiguration:
      Did not match:
         - @ConditionalOnClass did not find required class 'jakarta.transaction.TransactionManager' (OnClassCondition)


Exclusions:
-----------

    None


Unconditional classes:
----------------------

    org.springframework.boot.autoconfigure.context.ConfigurationPropertiesAutoConfiguration

    org.springframework.boot.autoconfigure.ssl.SslAutoConfiguration

    org.springframework.boot.autoconfigure.context.LifecycleAutoConfiguration

    org.springframework.boot.autoconfigure.context.PropertyPlaceholderAutoConfiguration

    org.springframework.boot.autoconfigure.availability.ApplicationAvailabilityAutoConfiguration

    org.springframework.boot.autoconfigure.info.ProjectInfoAutoConfiguration



2026-05-28T14:35:17.282+05:30  INFO 5796 --- [           main] com.kavya.hrms.HrmsBackendApplication    : Started HrmsBackendApplication in 7.477 seconds (process running for 8.581)
2026-05-28T14:35:17.289+05:30 DEBUG 5796 --- [           main] o.s.b.a.ApplicationAvailabilityBean      : Application availability state LivenessState changed to CORRECT
2026-05-28T14:35:17.929+05:30 DEBUG 5796 --- [           main] o.s.b.a.ApplicationAvailabilityBean      : Application availability state ReadinessState changed to ACCEPTING_TRAFFIC
2026-05-28T14:35:24.806+05:30  INFO 5796 --- [nio-8080-exec-1] o.a.c.c.C.[Tomcat].[localhost].[/]       : Initializing Spring DispatcherServlet 'dispatcherServlet'
2026-05-28T14:35:24.808+05:30  INFO 5796 --- [nio-8080-exec-1] o.s.web.servlet.DispatcherServlet        : Initializing Servlet 'dispatcherServlet'
2026-05-28T14:35:24.809+05:30 DEBUG 5796 --- [nio-8080-exec-1] o.s.web.servlet.DispatcherServlet        : Detected StandardServletMultipartResolver
2026-05-28T14:35:24.810+05:30 DEBUG 5796 --- [nio-8080-exec-1] o.s.web.servlet.DispatcherServlet        : Detected AcceptHeaderLocaleResolver
2026-05-28T14:35:24.811+05:30 DEBUG 5796 --- [nio-8080-exec-1] o.s.web.servlet.DispatcherServlet        : Detected FixedThemeResolver
2026-05-28T14:35:24.812+05:30 DEBUG 5796 --- [nio-8080-exec-1] o.s.web.servlet.DispatcherServlet        : Detected org.springframework.web.servlet.view.DefaultRequestToViewNameTranslator@3fd9504
2026-05-28T14:35:24.813+05:30 DEBUG 5796 --- [nio-8080-exec-1] o.s.web.servlet.DispatcherServlet        : Detected org.springframework.web.servlet.support.SessionFlashMapManager@2ef23a74
2026-05-28T14:35:24.814+05:30 DEBUG 5796 --- [nio-8080-exec-1] o.s.web.servlet.DispatcherServlet        : enableLoggingRequestDetails='false': request parameters and headers will be masked to prevent unsafe logging of potentially sensitive data
2026-05-28T14:35:24.814+05:30  INFO 5796 --- [nio-8080-exec-1] o.s.web.servlet.DispatcherServlet        : Completed initialization in 5 ms
2026-05-28T14:35:24.829+05:30 DEBUG 5796 --- [nio-8080-exec-1] o.s.web.servlet.DispatcherServlet        : GET "/api/projects", parameters={}
2026-05-28T14:35:24.859+05:30 DEBUG 5796 --- [nio-8080-exec-1] s.w.s.m.m.a.RequestMappingHandlerMapping : Mapped to com.kavya.hrms.controller.ProjectController#list()
2026-05-28T14:35:24.910+05:30 DEBUG 5796 --- [nio-8080-exec-1] m.m.a.RequestResponseBodyMethodProcessor : Using 'application/json', given [*/*] and supported [application/json, application/*+json]
2026-05-28T14:35:24.912+05:30 DEBUG 5796 --- [nio-8080-exec-1] m.m.a.RequestResponseBodyMethodProcessor : Writing [[com.kavya.hrms.model.Project@74378276, com.kavya.hrms.model.Project@a805204, com.kavya.hrms.model.P (truncated)...]
2026-05-28T14:35:24.973+05:30 DEBUG 5796 --- [nio-8080-exec-1] o.s.web.servlet.DispatcherServlet        : Completed 200 OK
2026-05-28T14:35:57.249+05:30 DEBUG 5796 --- [nio-8080-exec-4] o.s.web.servlet.DispatcherServlet        : GET "/api/employees", parameters={}
2026-05-28T14:35:57.249+05:30 DEBUG 5796 --- [nio-8080-exec-5] o.s.web.servlet.DispatcherServlet        : GET "/api/users", parameters={}
2026-05-28T14:35:57.249+05:30 DEBUG 5796 --- [nio-8080-exec-3] o.s.web.servlet.DispatcherServlet        : GET "/api/projects", parameters={}
2026-05-28T14:35:57.252+05:30 DEBUG 5796 --- [nio-8080-exec-4] s.w.s.m.m.a.RequestMappingHandlerMapping : Mapped to com.kavya.hrms.controller.EmployeeController#list()
2026-05-28T14:35:57.253+05:30 DEBUG 5796 --- [nio-8080-exec-3] s.w.s.m.m.a.RequestMappingHandlerMapping : Mapped to com.kavya.hrms.controller.ProjectController#list()
2026-05-28T14:35:57.252+05:30 DEBUG 5796 --- [nio-8080-exec-5] s.w.s.m.m.a.RequestMappingHandlerMapping : Mapped to com.kavya.hrms.controller.UserController#list()
2026-05-28T14:35:57.290+05:30 DEBUG 5796 --- [nio-8080-exec-3] m.m.a.RequestResponseBodyMethodProcessor : Using 'application/json', given [*/*] and supported [application/json, application/*+json]
2026-05-28T14:35:57.292+05:30 DEBUG 5796 --- [nio-8080-exec-3] m.m.a.RequestResponseBodyMethodProcessor : Writing [[com.kavya.hrms.model.Project@724708b6, com.kavya.hrms.model.Project@24529fe4, com.kavya.hrms.model. (truncated)...]
2026-05-28T14:35:57.295+05:30 DEBUG 5796 --- [nio-8080-exec-3] o.s.web.servlet.DispatcherServlet        : Completed 200 OK
2026-05-28T14:35:57.317+05:30 DEBUG 5796 --- [nio-8080-exec-5] m.m.a.RequestResponseBodyMethodProcessor : Using 'application/json', given [*/*] and supported [application/json, application/*+json]
2026-05-28T14:35:57.318+05:30 DEBUG 5796 --- [nio-8080-exec-5] m.m.a.RequestResponseBodyMethodProcessor : Writing [[com.kavya.hrms.model.AppUser@1c6b453b, com.kavya.hrms.model.AppUser@5969d8d2, com.kavya.hrms.model. (truncated)...]
2026-05-28T14:35:57.322+05:30 DEBUG 5796 --- [nio-8080-exec-5] o.s.web.servlet.DispatcherServlet        : Completed 200 OK
2026-05-28T14:35:57.331+05:30 DEBUG 5796 --- [nio-8080-exec-4] m.m.a.RequestResponseBodyMethodProcessor : Using 'application/json', given [*/*] and supported [application/json, application/*+json]
2026-05-28T14:35:57.332+05:30 DEBUG 5796 --- [nio-8080-exec-4] m.m.a.RequestResponseBodyMethodProcessor : Writing [[com.kavya.hrms.model.Employee@7641a06d, com.kavya.hrms.model.Employee@6647c41f, com.kavya.hrms.mode (truncated)...]
2026-05-28T14:35:57.345+05:30 DEBUG 5796 --- [nio-8080-exec-4] o.s.web.servlet.DispatcherServlet        : Completed 200 OK
2026-05-28T14:35:57.345+05:30 DEBUG 5796 --- [nio-8080-exec-6] o.s.web.servlet.DispatcherServlet        : GET "/api/employees", parameters={}
2026-05-28T14:35:57.347+05:30 DEBUG 5796 --- [nio-8080-exec-6] s.w.s.m.m.a.RequestMappingHandlerMapping : Mapped to com.kavya.hrms.controller.EmployeeController#list()
2026-05-28T14:35:57.356+05:30 DEBUG 5796 --- [nio-8080-exec-6] m.m.a.RequestResponseBodyMethodProcessor : Using 'application/json', given [*/*] and supported [application/json, application/*+json]
2026-05-28T14:35:57.356+05:30 DEBUG 5796 --- [nio-8080-exec-6] m.m.a.RequestResponseBodyMethodProcessor : Writing [[com.kavya.hrms.model.Employee@3acee5ae, com.kavya.hrms.model.Employee@34091c87, com.kavya.hrms.mode (truncated)...]
2026-05-28T14:35:57.359+05:30 DEBUG 5796 --- [nio-8080-exec-6] o.s.web.servlet.DispatcherServlet        : Completed 200 OK
2026-05-28T14:35:57.384+05:30 DEBUG 5796 --- [nio-8080-exec-7] o.s.web.servlet.DispatcherServlet        : GET "/api/employees", parameters={}
2026-05-28T14:35:57.385+05:30 DEBUG 5796 --- [nio-8080-exec-7] s.w.s.m.m.a.RequestMappingHandlerMapping : Mapped to com.kavya.hrms.controller.EmployeeController#list()
2026-05-28T14:35:57.395+05:30 DEBUG 5796 --- [nio-8080-exec-7] m.m.a.RequestResponseBodyMethodProcessor : Using 'application/json', given [*/*] and supported [application/json, application/*+json]
2026-05-28T14:35:57.396+05:30 DEBUG 5796 --- [nio-8080-exec-7] m.m.a.RequestResponseBodyMethodProcessor : Writing [[com.kavya.hrms.model.Employee@17141bb7, com.kavya.hrms.model.Employee@19d3f725, com.kavya.hrms.mode (truncated)...]
2026-05-28T14:35:57.419+05:30 DEBUG 5796 --- [nio-8080-exec-7] o.s.web.servlet.DispatcherServlet        : Completed 200 OK
2026-05-28T14:36:09.264+05:30 DEBUG 5796 --- [nio-8080-exec-8] o.s.web.servlet.DispatcherServlet        : OPTIONS "/api/projects", parameters={}
2026-05-28T14:36:09.297+05:30 DEBUG 5796 --- [nio-8080-exec-8] s.w.s.m.m.a.RequestMappingHandlerMapping : Mapped to com.kavya.hrms.controller.ProjectController#list()
2026-05-28T14:36:09.272+05:30 DEBUG 5796 --- [nio-8080-exec-9] o.s.web.servlet.DispatcherServlet        : GET "/api/employees", parameters={}
2026-05-28T14:36:09.300+05:30 DEBUG 5796 --- [nio-8080-exec-9] s.w.s.m.m.a.RequestMappingHandlerMapping : Mapped to com.kavya.hrms.controller.EmployeeController#list()
2026-05-28T14:36:09.291+05:30 DEBUG 5796 --- [io-8080-exec-10] o.s.web.servlet.DispatcherServlet        : OPTIONS "/api/projects", parameters={}
2026-05-28T14:36:09.310+05:30 DEBUG 5796 --- [io-8080-exec-10] s.w.s.m.m.a.RequestMappingHandlerMapping : Mapped to com.kavya.hrms.controller.ProjectController#list()
2026-05-28T14:36:09.303+05:30 DEBUG 5796 --- [nio-8080-exec-8] o.s.web.servlet.DispatcherServlet        : Completed 200 OK
2026-05-28T14:36:09.318+05:30 DEBUG 5796 --- [io-8080-exec-10] o.s.web.servlet.DispatcherServlet        : Completed 200 OK
2026-05-28T14:36:09.324+05:30 DEBUG 5796 --- [nio-8080-exec-9] m.m.a.RequestResponseBodyMethodProcessor : Using 'application/json', given [*/*] and supported [application/json, application/*+json]
2026-05-28T14:36:09.325+05:30 DEBUG 5796 --- [nio-8080-exec-9] m.m.a.RequestResponseBodyMethodProcessor : Writing [[com.kavya.hrms.model.Employee@68c4aef4, com.kavya.hrms.model.Employee@6cfb2734, com.kavya.hrms.mode (truncated)...]
2026-05-28T14:36:09.328+05:30 DEBUG 5796 --- [nio-8080-exec-9] o.s.web.servlet.DispatcherServlet        : Completed 200 OK
2026-05-28T14:36:09.342+05:30 DEBUG 5796 --- [nio-8080-exec-1] o.s.web.servlet.DispatcherServlet        : GET "/api/users", parameters={}
2026-05-28T14:36:09.346+05:30 DEBUG 5796 --- [nio-8080-exec-1] s.w.s.m.m.a.RequestMappingHandlerMapping : Mapped to com.kavya.hrms.controller.UserController#list()
2026-05-28T14:36:09.354+05:30 DEBUG 5796 --- [nio-8080-exec-1] m.m.a.RequestResponseBodyMethodProcessor : Using 'application/json', given [*/*] and supported [application/json, application/*+json]
2026-05-28T14:36:09.355+05:30 DEBUG 5796 --- [nio-8080-exec-1] m.m.a.RequestResponseBodyMethodProcessor : Writing [[com.kavya.hrms.model.AppUser@8231c00, com.kavya.hrms.model.AppUser@550209d8, com.kavya.hrms.model.A (truncated)...]
2026-05-28T14:36:09.366+05:30 DEBUG 5796 --- [nio-8080-exec-1] o.s.web.servlet.DispatcherServlet        : Completed 200 OK
2026-05-28T14:36:09.372+05:30 DEBUG 5796 --- [nio-8080-exec-2] o.s.web.servlet.DispatcherServlet        : GET "/api/projects", parameters={}
2026-05-28T14:36:09.374+05:30 DEBUG 5796 --- [nio-8080-exec-3] o.s.web.servlet.DispatcherServlet        : GET "/api/employees", parameters={}
2026-05-28T14:36:09.375+05:30 DEBUG 5796 --- [nio-8080-exec-2] s.w.s.m.m.a.RequestMappingHandlerMapping : Mapped to com.kavya.hrms.controller.ProjectController#list()
2026-05-28T14:36:09.375+05:30 DEBUG 5796 --- [nio-8080-exec-3] s.w.s.m.m.a.RequestMappingHandlerMapping : Mapped to com.kavya.hrms.controller.EmployeeController#list()
2026-05-28T14:36:09.380+05:30 DEBUG 5796 --- [nio-8080-exec-2] m.m.a.RequestResponseBodyMethodProcessor : Using 'application/json', given [*/*] and supported [application/json, application/*+json]
2026-05-28T14:36:09.381+05:30 DEBUG 5796 --- [nio-8080-exec-2] m.m.a.RequestResponseBodyMethodProcessor : Writing [[com.kavya.hrms.model.Project@6da1d3ba, com.kavya.hrms.model.Project@161cfb57, com.kavya.hrms.model. (truncated)...]
2026-05-28T14:36:09.382+05:30 DEBUG 5796 --- [nio-8080-exec-2] o.s.web.servlet.DispatcherServlet        : Completed 200 OK
2026-05-28T14:36:09.388+05:30 DEBUG 5796 --- [nio-8080-exec-3] m.m.a.RequestResponseBodyMethodProcessor : Using 'application/json', given [*/*] and supported [application/json, application/*+json]
2026-05-28T14:36:09.388+05:30 DEBUG 5796 --- [nio-8080-exec-3] m.m.a.RequestResponseBodyMethodProcessor : Writing [[com.kavya.hrms.model.Employee@938f5b6, com.kavya.hrms.model.Employee@43f04e9f, com.kavya.hrms.model (truncated)...]
2026-05-28T14:36:09.390+05:30 DEBUG 5796 --- [nio-8080-exec-3] o.s.web.servlet.DispatcherServlet        : Completed 200 OK
2026-05-28T14:36:09.394+05:30 DEBUG 5796 --- [nio-8080-exec-5] o.s.web.servlet.DispatcherServlet        : GET "/api/projects", parameters={}
2026-05-28T14:36:09.396+05:30 DEBUG 5796 --- [nio-8080-exec-5] s.w.s.m.m.a.RequestMappingHandlerMapping : Mapped to com.kavya.hrms.controller.ProjectController#list()
2026-05-28T14:36:09.400+05:30 DEBUG 5796 --- [nio-8080-exec-4] o.s.web.servlet.DispatcherServlet        : GET "/api/employees", parameters={}
2026-05-28T14:36:09.401+05:30 DEBUG 5796 --- [nio-8080-exec-4] s.w.s.m.m.a.RequestMappingHandlerMapping : Mapped to com.kavya.hrms.controller.EmployeeController#list()
2026-05-28T14:36:09.409+05:30 DEBUG 5796 --- [nio-8080-exec-4] m.m.a.RequestResponseBodyMethodProcessor : Using 'application/json', given [*/*] and supported [application/json, application/*+json]
2026-05-28T14:36:09.409+05:30 DEBUG 5796 --- [nio-8080-exec-4] m.m.a.RequestResponseBodyMethodProcessor : Writing [[com.kavya.hrms.model.Employee@6568287a, com.kavya.hrms.model.Employee@584e236d, com.kavya.hrms.mode (truncated)...]
2026-05-28T14:36:09.410+05:30 DEBUG 5796 --- [nio-8080-exec-5] m.m.a.RequestResponseBodyMethodProcessor : Using 'application/json', given [*/*] and supported [application/json, application/*+json]
2026-05-28T14:36:09.410+05:30 DEBUG 5796 --- [nio-8080-exec-5] m.m.a.RequestResponseBodyMethodProcessor : Writing [[com.kavya.hrms.model.Project@36a192ad, com.kavya.hrms.model.Project@4f211c64, com.kavya.hrms.model. (truncated)...]
2026-05-28T14:36:09.411+05:30 DEBUG 5796 --- [nio-8080-exec-4] o.s.web.servlet.DispatcherServlet        : Completed 200 OK
2026-05-28T14:36:09.412+05:30 DEBUG 5796 --- [nio-8080-exec-5] o.s.web.servlet.DispatcherServlet        : Completed 200 OK
2026-05-28T14:36:09.428+05:30 DEBUG 5796 --- [nio-8080-exec-6] o.s.web.servlet.DispatcherServlet        : GET "/api/employees", parameters={}
2026-05-28T14:36:09.429+05:30 DEBUG 5796 --- [nio-8080-exec-6] s.w.s.m.m.a.RequestMappingHandlerMapping : Mapped to com.kavya.hrms.controller.EmployeeController#list()
2026-05-28T14:36:09.433+05:30 DEBUG 5796 --- [nio-8080-exec-6] m.m.a.RequestResponseBodyMethodProcessor : Using 'application/json', given [*/*] and supported [application/json, application/*+json]
2026-05-28T14:36:09.434+05:30 DEBUG 5796 --- [nio-8080-exec-6] m.m.a.RequestResponseBodyMethodProcessor : Writing [[com.kavya.hrms.model.Employee@151be9f3, com.kavya.hrms.model.Employee@7e1bf607, com.kavya.hrms.mode (truncated)...]
2026-05-28T14:36:09.435+05:30 DEBUG 5796 --- [nio-8080-exec-6] o.s.web.servlet.DispatcherServlet        : Completed 200 OK
2026-05-28T14:36:12.343+05:30 DEBUG 5796 --- [nio-8080-exec-7] o.s.web.servlet.DispatcherServlet        : GET "/api/employees", parameters={}
2026-05-28T14:36:12.349+05:30 DEBUG 5796 --- [nio-8080-exec-7] s.w.s.m.m.a.RequestMappingHandlerMapping : Mapped to com.kavya.hrms.controller.EmployeeController#list()
2026-05-28T14:36:12.356+05:30 DEBUG 5796 --- [nio-8080-exec-9] o.s.web.servlet.DispatcherServlet        : GET "/api/announcements", parameters={}
2026-05-28T14:36:12.361+05:30 DEBUG 5796 --- [nio-8080-exec-9] s.w.s.m.m.a.RequestMappingHandlerMapping : Mapped to com.kavya.hrms.controller.AnnouncementController#list(String)
2026-05-28T14:36:12.346+05:30 DEBUG 5796 --- [io-8080-exec-10] o.s.web.servlet.DispatcherServlet        : GET "/api/users", parameters={}
2026-05-28T14:36:12.364+05:30 DEBUG 5796 --- [io-8080-exec-10] s.w.s.m.m.a.RequestMappingHandlerMapping : Mapped to com.kavya.hrms.controller.UserController#list()
2026-05-28T14:36:12.349+05:30 DEBUG 5796 --- [nio-8080-exec-8] o.s.web.servlet.DispatcherServlet        : GET "/api/leaves", parameters={}
2026-05-28T14:36:12.374+05:30 DEBUG 5796 --- [nio-8080-exec-8] s.w.s.m.m.a.RequestMappingHandlerMapping : Mapped to com.kavya.hrms.controller.LeaveController#list()
2026-05-28T14:36:12.357+05:30 DEBUG 5796 --- [nio-8080-exec-1] o.s.web.servlet.DispatcherServlet        : GET "/api/attendance", parameters={}
2026-05-28T14:36:12.373+05:30 DEBUG 5796 --- [nio-8080-exec-7] m.m.a.RequestResponseBodyMethodProcessor : Using 'application/json', given [*/*] and supported [application/json, application/*+json]
2026-05-28T14:36:12.381+05:30 DEBUG 5796 --- [nio-8080-exec-7] m.m.a.RequestResponseBodyMethodProcessor : Writing [[com.kavya.hrms.model.Employee@6b9d9e4b, com.kavya.hrms.model.Employee@665c68f3, com.kavya.hrms.mode (truncated)...]
2026-05-28T14:36:12.393+05:30 DEBUG 5796 --- [nio-8080-exec-7] o.s.web.servlet.DispatcherServlet        : Completed 200 OK
2026-05-28T14:36:12.378+05:30 DEBUG 5796 --- [nio-8080-exec-1] s.w.s.m.m.a.RequestMappingHandlerMapping : Mapped to com.kavya.hrms.controller.AttendanceController#list()
2026-05-28T14:36:12.390+05:30 DEBUG 5796 --- [nio-8080-exec-8] m.m.a.RequestResponseBodyMethodProcessor : Using 'application/json', given [*/*] and supported [application/json, application/*+json]
2026-05-28T14:36:12.398+05:30 DEBUG 5796 --- [nio-8080-exec-8] m.m.a.RequestResponseBodyMethodProcessor : Writing [[com.kavya.hrms.model.LeaveRequest@1ea4b2c3, com.kavya.hrms.model.LeaveRequest@22e5bc3a]]
2026-05-28T14:36:12.408+05:30 DEBUG 5796 --- [nio-8080-exec-8] o.s.web.servlet.DispatcherServlet        : Completed 200 OK
2026-05-28T14:36:12.414+05:30 DEBUG 5796 --- [io-8080-exec-10] m.m.a.RequestResponseBodyMethodProcessor : Using 'application/json', given [*/*] and supported [application/json, application/*+json]
2026-05-28T14:36:12.415+05:30 DEBUG 5796 --- [io-8080-exec-10] m.m.a.RequestResponseBodyMethodProcessor : Writing [[com.kavya.hrms.model.AppUser@32a8b8a8, com.kavya.hrms.model.AppUser@3c6f508d, com.kavya.hrms.model. (truncated)...]
2026-05-28T14:36:12.416+05:30 DEBUG 5796 --- [io-8080-exec-10] o.s.web.servlet.DispatcherServlet        : Completed 200 OK
2026-05-28T14:36:12.430+05:30 DEBUG 5796 --- [nio-8080-exec-1] m.m.a.RequestResponseBodyMethodProcessor : Using 'application/json', given [*/*] and supported [application/json, application/*+json]
2026-05-28T14:36:12.434+05:30 DEBUG 5796 --- [nio-8080-exec-1] m.m.a.RequestResponseBodyMethodProcessor : Writing [[com.kavya.hrms.model.AttendanceRecord@5d2b8c5, com.kavya.hrms.model.AttendanceRecord@76cbe800, com. (truncated)...]
2026-05-28T14:36:12.437+05:30 DEBUG 5796 --- [nio-8080-exec-1] o.s.web.servlet.DispatcherServlet        : Completed 200 OK
2026-05-28T14:36:12.440+05:30 DEBUG 5796 --- [nio-8080-exec-9] m.m.a.RequestResponseBodyMethodProcessor : Using 'application/json', given [*/*] and supported [application/json, application/*+json]
2026-05-28T14:36:12.442+05:30 DEBUG 5796 --- [nio-8080-exec-9] m.m.a.RequestResponseBodyMethodProcessor : Writing [[com.kavya.hrms.model.Announcement@46eab762, com.kavya.hrms.model.Announcement@1dc9b200]]
2026-05-28T14:36:12.446+05:30 DEBUG 5796 --- [nio-8080-exec-9] o.s.web.servlet.DispatcherServlet        : Completed 200 OK
2026-05-28T14:36:12.621+05:30 DEBUG 5796 --- [nio-8080-exec-2] o.s.web.servlet.DispatcherServlet        : GET "/api/projects", parameters={}
2026-05-28T14:36:12.631+05:30 DEBUG 5796 --- [nio-8080-exec-4] o.s.web.servlet.DispatcherServlet        : GET "/api/users", parameters={}
2026-05-28T14:36:12.633+05:30 DEBUG 5796 --- [nio-8080-exec-4] s.w.s.m.m.a.RequestMappingHandlerMapping : Mapped to com.kavya.hrms.controller.UserController#list()
2026-05-28T14:36:12.625+05:30 DEBUG 5796 --- [nio-8080-exec-3] o.s.web.servlet.DispatcherServlet        : GET "/api/employees", parameters={}
2026-05-28T14:36:12.637+05:30 DEBUG 5796 --- [nio-8080-exec-3] s.w.s.m.m.a.RequestMappingHandlerMapping : Mapped to com.kavya.hrms.controller.EmployeeController#list()
2026-05-28T14:36:12.640+05:30 DEBUG 5796 --- [nio-8080-exec-4] m.m.a.RequestResponseBodyMethodProcessor : Using 'application/json', given [*/*] and supported [application/json, application/*+json]
2026-05-28T14:36:12.641+05:30 DEBUG 5796 --- [nio-8080-exec-4] m.m.a.RequestResponseBodyMethodProcessor : Writing [[com.kavya.hrms.model.AppUser@6ad06fa5, com.kavya.hrms.model.AppUser@2d6ebb93, com.kavya.hrms.model. (truncated)...]
2026-05-28T14:36:12.632+05:30 DEBUG 5796 --- [nio-8080-exec-2] s.w.s.m.m.a.RequestMappingHandlerMapping : Mapped to com.kavya.hrms.controller.ProjectController#list()
2026-05-28T14:36:12.646+05:30 DEBUG 5796 --- [nio-8080-exec-4] o.s.web.servlet.DispatcherServlet        : Completed 200 OK
2026-05-28T14:36:12.655+05:30 DEBUG 5796 --- [nio-8080-exec-2] m.m.a.RequestResponseBodyMethodProcessor : Using 'application/json', given [*/*] and supported [application/json, application/*+json]
2026-05-28T14:36:12.655+05:30 DEBUG 5796 --- [nio-8080-exec-2] m.m.a.RequestResponseBodyMethodProcessor : Writing [[com.kavya.hrms.model.Project@6ed10e96, com.kavya.hrms.model.Project@d8e2cf5, com.kavya.hrms.model.P (truncated)...]
2026-05-28T14:36:12.656+05:30 DEBUG 5796 --- [nio-8080-exec-3] m.m.a.RequestResponseBodyMethodProcessor : Using 'application/json', given [*/*] and supported [application/json, application/*+json]
2026-05-28T14:36:12.656+05:30 DEBUG 5796 --- [nio-8080-exec-3] m.m.a.RequestResponseBodyMethodProcessor : Writing [[com.kavya.hrms.model.Employee@6fb7d392, com.kavya.hrms.model.Employee@3f45dc9e, com.kavya.hrms.mode (truncated)...]
2026-05-28T14:36:12.656+05:30 DEBUG 5796 --- [nio-8080-exec-2] o.s.web.servlet.DispatcherServlet        : Completed 200 OK
2026-05-28T14:36:12.659+05:30 DEBUG 5796 --- [nio-8080-exec-3] o.s.web.servlet.DispatcherServlet        : Completed 200 OK
2026-05-28T14:36:12.665+05:30 DEBUG 5796 --- [nio-8080-exec-6] o.s.web.servlet.DispatcherServlet        : GET "/api/projects", parameters={}
2026-05-28T14:36:12.665+05:30 DEBUG 5796 --- [nio-8080-exec-7] o.s.web.servlet.DispatcherServlet        : GET "/api/employees", parameters={}
2026-05-28T14:36:12.666+05:30 DEBUG 5796 --- [nio-8080-exec-7] s.w.s.m.m.a.RequestMappingHandlerMapping : Mapped to com.kavya.hrms.controller.EmployeeController#list()
2026-05-28T14:36:12.665+05:30 DEBUG 5796 --- [nio-8080-exec-5] o.s.web.servlet.DispatcherServlet        : GET "/api/users", parameters={}
2026-05-28T14:36:12.665+05:30 DEBUG 5796 --- [nio-8080-exec-6] s.w.s.m.m.a.RequestMappingHandlerMapping : Mapped to com.kavya.hrms.controller.ProjectController#list()
2026-05-28T14:36:12.667+05:30 DEBUG 5796 --- [nio-8080-exec-5] s.w.s.m.m.a.RequestMappingHandlerMapping : Mapped to com.kavya.hrms.controller.UserController#list()
2026-05-28T14:36:12.671+05:30 DEBUG 5796 --- [nio-8080-exec-6] m.m.a.RequestResponseBodyMethodProcessor : Using 'application/json', given [*/*] and supported [application/json, application/*+json]
2026-05-28T14:36:12.672+05:30 DEBUG 5796 --- [nio-8080-exec-6] m.m.a.RequestResponseBodyMethodProcessor : Writing [[com.kavya.hrms.model.Project@3b147e13, com.kavya.hrms.model.Project@6fe36a8, com.kavya.hrms.model.P (truncated)...]
2026-05-28T14:36:12.672+05:30 DEBUG 5796 --- [nio-8080-exec-7] m.m.a.RequestResponseBodyMethodProcessor : Using 'application/json', given [*/*] and supported [application/json, application/*+json]
2026-05-28T14:36:12.672+05:30 DEBUG 5796 --- [nio-8080-exec-7] m.m.a.RequestResponseBodyMethodProcessor : Writing [[com.kavya.hrms.model.Employee@60664bc1, com.kavya.hrms.model.Employee@d74d646, com.kavya.hrms.model (truncated)...]
2026-05-28T14:36:12.675+05:30 DEBUG 5796 --- [nio-8080-exec-7] o.s.web.servlet.DispatcherServlet        : Completed 200 OK
2026-05-28T14:36:12.675+05:30 DEBUG 5796 --- [nio-8080-exec-6] o.s.web.servlet.DispatcherServlet        : Completed 200 OK
2026-05-28T14:36:12.679+05:30 DEBUG 5796 --- [nio-8080-exec-5] m.m.a.RequestResponseBodyMethodProcessor : Using 'application/json', given [*/*] and supported [application/json, application/*+json]
2026-05-28T14:36:12.680+05:30 DEBUG 5796 --- [nio-8080-exec-5] m.m.a.RequestResponseBodyMethodProcessor : Writing [[com.kavya.hrms.model.AppUser@52d136a8, com.kavya.hrms.model.AppUser@685ff2a5, com.kavya.hrms.model. (truncated)...]
2026-05-28T14:36:12.681+05:30 DEBUG 5796 --- [nio-8080-exec-5] o.s.web.servlet.DispatcherServlet        : Completed 200 OK
2026-05-28T14:36:12.684+05:30 DEBUG 5796 --- [nio-8080-exec-8] o.s.web.servlet.DispatcherServlet        : GET "/api/employees", parameters={}
2026-05-28T14:36:12.685+05:30 DEBUG 5796 --- [nio-8080-exec-8] s.w.s.m.m.a.RequestMappingHandlerMapping : Mapped to com.kavya.hrms.controller.EmployeeController#list()
2026-05-28T14:36:12.693+05:30 DEBUG 5796 --- [nio-8080-exec-8] m.m.a.RequestResponseBodyMethodProcessor : Using 'application/json', given [*/*] and supported [application/json, application/*+json]
2026-05-28T14:36:12.694+05:30 DEBUG 5796 --- [nio-8080-exec-8] m.m.a.RequestResponseBodyMethodProcessor : Writing [[com.kavya.hrms.model.Employee@1529bca9, com.kavya.hrms.model.Employee@7d9e7318, com.kavya.hrms.mode (truncated)...]
2026-05-28T14:36:12.697+05:30 DEBUG 5796 --- [nio-8080-exec-8] o.s.web.servlet.DispatcherServlet        : Completed 200 OK
2026-05-28T14:36:12.706+05:30 DEBUG 5796 --- [io-8080-exec-10] o.s.web.servlet.DispatcherServlet        : GET "/api/employees", parameters={}
2026-05-28T14:36:12.707+05:30 DEBUG 5796 --- [io-8080-exec-10] s.w.s.m.m.a.RequestMappingHandlerMapping : Mapped to com.kavya.hrms.controller.EmployeeController#list()
2026-05-28T14:36:12.716+05:30 DEBUG 5796 --- [io-8080-exec-10] m.m.a.RequestResponseBodyMethodProcessor : Using 'application/json', given [*/*] and supported [application/json, application/*+json]
2026-05-28T14:36:12.718+05:30 DEBUG 5796 --- [io-8080-exec-10] m.m.a.RequestResponseBodyMethodProcessor : Writing [[com.kavya.hrms.model.Employee@517bdcba, com.kavya.hrms.model.Employee@35efa437, com.kavya.hrms.mode (truncated)...]
2026-05-28T14:36:12.723+05:30 DEBUG 5796 --- [io-8080-exec-10] o.s.web.servlet.DispatcherServlet        : Completed 200 OK
2026-05-28T14:36:12.730+05:30 DEBUG 5796 --- [nio-8080-exec-1] o.s.web.servlet.DispatcherServlet        : GET "/api/employees", parameters={}
2026-05-28T14:36:12.730+05:30 DEBUG 5796 --- [nio-8080-exec-1] s.w.s.m.m.a.RequestMappingHandlerMapping : Mapped to com.kavya.hrms.controller.EmployeeController#list()
2026-05-28T14:36:12.735+05:30 DEBUG 5796 --- [nio-8080-exec-1] m.m.a.RequestResponseBodyMethodProcessor : Using 'application/json', given [*/*] and supported [application/json, application/*+json]
2026-05-28T14:36:12.736+05:30 DEBUG 5796 --- [nio-8080-exec-1] m.m.a.RequestResponseBodyMethodProcessor : Writing [[com.kavya.hrms.model.Employee@756328a8, com.kavya.hrms.model.Employee@36b945ae, com.kavya.hrms.mode (truncated)...]
2026-05-28T14:36:12.739+05:30 DEBUG 5796 --- [nio-8080-exec-1] o.s.web.servlet.DispatcherServlet        : Completed 200 OK
2026-05-28T14:36:12.744+05:30 DEBUG 5796 --- [nio-8080-exec-9] o.s.web.servlet.DispatcherServlet        : GET "/api/employees", parameters={}
2026-05-28T14:36:12.749+05:30 DEBUG 5796 --- [nio-8080-exec-9] s.w.s.m.m.a.RequestMappingHandlerMapping : Mapped to com.kavya.hrms.controller.EmployeeController#list()
2026-05-28T14:36:12.754+05:30 DEBUG 5796 --- [nio-8080-exec-9] m.m.a.RequestResponseBodyMethodProcessor : Using 'application/json', given [*/*] and supported [application/json, application/*+json]
2026-05-28T14:36:12.755+05:30 DEBUG 5796 --- [nio-8080-exec-9] m.m.a.RequestResponseBodyMethodProcessor : Writing [[com.kavya.hrms.model.Employee@6418c2d8, com.kavya.hrms.model.Employee@363652fb, com.kavya.hrms.mode (truncated)...]
2026-05-28T14:36:12.759+05:30 DEBUG 5796 --- [nio-8080-exec-9] o.s.web.servlet.DispatcherServlet        : Completed 200 OK
2026-05-28T14:36:22.635+05:30 DEBUG 5796 --- [nio-8080-exec-4] o.s.web.servlet.DispatcherServlet        : GET "/api/users", parameters={}
2026-05-28T14:36:22.635+05:30 DEBUG 5796 --- [nio-8080-exec-2] o.s.web.servlet.DispatcherServlet        : GET "/api/employees", parameters={}
2026-05-28T14:36:22.636+05:30 DEBUG 5796 --- [nio-8080-exec-4] s.w.s.m.m.a.RequestMappingHandlerMapping : Mapped to com.kavya.hrms.controller.UserController#list()
2026-05-28T14:36:22.636+05:30 DEBUG 5796 --- [nio-8080-exec-2] s.w.s.m.m.a.RequestMappingHandlerMapping : Mapped to com.kavya.hrms.controller.EmployeeController#list()
2026-05-28T14:36:22.645+05:30 DEBUG 5796 --- [nio-8080-exec-4] m.m.a.RequestResponseBodyMethodProcessor : Using 'application/json', given [*/*] and supported [application/json, application/*+json]
2026-05-28T14:36:22.646+05:30 DEBUG 5796 --- [nio-8080-exec-4] m.m.a.RequestResponseBodyMethodProcessor : Writing [[com.kavya.hrms.model.AppUser@34a15c7b, com.kavya.hrms.model.AppUser@57a07daf, com.kavya.hrms.model. (truncated)...]
2026-05-28T14:36:22.649+05:30 DEBUG 5796 --- [nio-8080-exec-4] o.s.web.servlet.DispatcherServlet        : Completed 200 OK
2026-05-28T14:36:22.650+05:30 DEBUG 5796 --- [nio-8080-exec-2] m.m.a.RequestResponseBodyMethodProcessor : Using 'application/json', given [*/*] and supported [application/json, application/*+json]
2026-05-28T14:36:22.651+05:30 DEBUG 5796 --- [nio-8080-exec-2] m.m.a.RequestResponseBodyMethodProcessor : Writing [[com.kavya.hrms.model.Employee@75d5a611, com.kavya.hrms.model.Employee@9c0d5da, com.kavya.hrms.model (truncated)...]
2026-05-28T14:36:22.654+05:30 DEBUG 5796 --- [nio-8080-exec-2] o.s.web.servlet.DispatcherServlet        : Completed 200 OK
2026-05-28T14:36:22.662+05:30 DEBUG 5796 --- [nio-8080-exec-3] o.s.web.servlet.DispatcherServlet        : GET "/api/employees", parameters={}
2026-05-28T14:36:22.662+05:30 DEBUG 5796 --- [nio-8080-exec-3] s.w.s.m.m.a.RequestMappingHandlerMapping : Mapped to com.kavya.hrms.controller.EmployeeController#list()
2026-05-28T14:36:22.668+05:30 DEBUG 5796 --- [nio-8080-exec-3] m.m.a.RequestResponseBodyMethodProcessor : Using 'application/json', given [*/*] and supported [application/json, application/*+json]
2026-05-28T14:36:22.669+05:30 DEBUG 5796 --- [nio-8080-exec-3] m.m.a.RequestResponseBodyMethodProcessor : Writing [[com.kavya.hrms.model.Employee@378013fa, com.kavya.hrms.model.Employee@3ea23d74, com.kavya.hrms.mode (truncated)...]
2026-05-28T14:36:22.670+05:30 DEBUG 5796 --- [nio-8080-exec-3] o.s.web.servlet.DispatcherServlet        : Completed 200 OK
2026-05-28T14:36:27.626+05:30 DEBUG 5796 --- [nio-8080-exec-7] o.s.web.servlet.DispatcherServlet        : GET "/api/projects", parameters={}
2026-05-28T14:36:27.627+05:30 DEBUG 5796 --- [nio-8080-exec-6] o.s.web.servlet.DispatcherServlet        : GET "/api/employees", parameters={}
2026-05-28T14:36:27.628+05:30 DEBUG 5796 --- [nio-8080-exec-7] s.w.s.m.m.a.RequestMappingHandlerMapping : Mapped to com.kavya.hrms.controller.ProjectController#list()
2026-05-28T14:36:27.630+05:30 DEBUG 5796 --- [nio-8080-exec-6] s.w.s.m.m.a.RequestMappingHandlerMapping : Mapped to com.kavya.hrms.controller.EmployeeController#list()
2026-05-28T14:36:27.634+05:30 DEBUG 5796 --- [nio-8080-exec-7] m.m.a.RequestResponseBodyMethodProcessor : Using 'application/json', given [*/*] and supported [application/json, application/*+json]
2026-05-28T14:36:27.635+05:30 DEBUG 5796 --- [nio-8080-exec-7] m.m.a.RequestResponseBodyMethodProcessor : Writing [[com.kavya.hrms.model.Project@3476c870, com.kavya.hrms.model.Project@e103855, com.kavya.hrms.model.P (truncated)...]
2026-05-28T14:36:27.636+05:30 DEBUG 5796 --- [nio-8080-exec-6] m.m.a.RequestResponseBodyMethodProcessor : Using 'application/json', given [*/*] and supported [application/json, application/*+json]
2026-05-28T14:36:27.637+05:30 DEBUG 5796 --- [nio-8080-exec-6] m.m.a.RequestResponseBodyMethodProcessor : Writing [[com.kavya.hrms.model.Employee@f436b8c, com.kavya.hrms.model.Employee@57183965, com.kavya.hrms.model (truncated)...]
2026-05-28T14:36:27.637+05:30 DEBUG 5796 --- [nio-8080-exec-7] o.s.web.servlet.DispatcherServlet        : Completed 200 OK
2026-05-28T14:36:27.639+05:30 DEBUG 5796 --- [nio-8080-exec-6] o.s.web.servlet.DispatcherServlet        : Completed 200 OK
2026-05-28T14:36:32.631+05:30 DEBUG 5796 --- [nio-8080-exec-5] o.s.web.servlet.DispatcherServlet        : GET "/api/users", parameters={}
2026-05-28T14:36:32.631+05:30 DEBUG 5796 --- [nio-8080-exec-8] o.s.web.servlet.DispatcherServlet        : GET "/api/employees", parameters={}
2026-05-28T14:36:32.634+05:30 DEBUG 5796 --- [nio-8080-exec-5] s.w.s.m.m.a.RequestMappingHandlerMapping : Mapped to com.kavya.hrms.controller.UserController#list()
2026-05-28T14:36:32.635+05:30 DEBUG 5796 --- [nio-8080-exec-8] s.w.s.m.m.a.RequestMappingHandlerMapping : Mapped to com.kavya.hrms.controller.EmployeeController#list()
2026-05-28T14:36:32.647+05:30 DEBUG 5796 --- [nio-8080-exec-5] m.m.a.RequestResponseBodyMethodProcessor : Using 'application/json', given [*/*] and supported [application/json, application/*+json]
2026-05-28T14:36:32.649+05:30 DEBUG 5796 --- [nio-8080-exec-5] m.m.a.RequestResponseBodyMethodProcessor : Writing [[com.kavya.hrms.model.AppUser@3752a8a2, com.kavya.hrms.model.AppUser@74101d6d, com.kavya.hrms.model. (truncated)...]
2026-05-28T14:36:32.650+05:30 DEBUG 5796 --- [nio-8080-exec-8] m.m.a.RequestResponseBodyMethodProcessor : Using 'application/json', given [*/*] and supported [application/json, application/*+json]
2026-05-28T14:36:32.652+05:30 DEBUG 5796 --- [nio-8080-exec-8] m.m.a.RequestResponseBodyMethodProcessor : Writing [[com.kavya.hrms.model.Employee@2b573ab, com.kavya.hrms.model.Employee@7b80c9c7, com.kavya.hrms.model (truncated)...]
2026-05-28T14:36:32.652+05:30 DEBUG 5796 --- [nio-8080-exec-5] o.s.web.servlet.DispatcherServlet        : Completed 200 OK
2026-05-28T14:36:32.658+05:30 DEBUG 5796 --- [nio-8080-exec-8] o.s.web.servlet.DispatcherServlet        : Completed 200 OK
2026-05-28T14:36:32.679+05:30 DEBUG 5796 --- [io-8080-exec-10] o.s.web.servlet.DispatcherServlet        : GET "/api/employees", parameters={}
2026-05-28T14:36:32.680+05:30 DEBUG 5796 --- [io-8080-exec-10] s.w.s.m.m.a.RequestMappingHandlerMapping : Mapped to com.kavya.hrms.controller.EmployeeController#list()
2026-05-28T14:36:32.690+05:30 DEBUG 5796 --- [io-8080-exec-10] m.m.a.RequestResponseBodyMethodProcessor : Using 'application/json', given [*/*] and supported [application/json, application/*+json]
2026-05-28T14:36:32.691+05:30 DEBUG 5796 --- [io-8080-exec-10] m.m.a.RequestResponseBodyMethodProcessor : Writing [[com.kavya.hrms.model.Employee@7d3dc994, com.kavya.hrms.model.Employee@fb7dc82, com.kavya.hrms.model (truncated)...]
2026-05-28T14:36:32.694+05:30 DEBUG 5796 --- [io-8080-exec-10] o.s.web.servlet.DispatcherServlet        : Completed 200 OK
2026-05-28T14:36:32.855+05:30 DEBUG 5796 --- [nio-8080-exec-1] o.s.web.servlet.DispatcherServlet        : POST "/api/projects", parameters={}
2026-05-28T14:36:32.856+05:30 DEBUG 5796 --- [nio-8080-exec-1] s.w.s.m.m.a.RequestMappingHandlerMapping : Mapped to com.kavya.hrms.controller.ProjectController#create(Project)
2026-05-28T14:36:32.927+05:30 DEBUG 5796 --- [nio-8080-exec-1] m.m.a.RequestResponseBodyMethodProcessor : Read "application/json;charset=UTF-8" to [com.kavya.hrms.model.Project@44beb2de]
2026-05-28T14:36:32.934+05:30 DEBUG 5796 --- [nio-8080-exec-1] m.m.a.RequestResponseBodyMethodProcessor : Using 'application/json', given [*/*] and supported [application/json, application/*+json]
2026-05-28T14:36:32.934+05:30 DEBUG 5796 --- [nio-8080-exec-1] m.m.a.RequestResponseBodyMethodProcessor : Writing [com.kavya.hrms.model.Project@44beb2de]
2026-05-28T14:36:32.936+05:30 DEBUG 5796 --- [nio-8080-exec-1] o.s.web.servlet.DispatcherServlet        : Completed 200 OK
2026-05-28T14:36:32.940+05:30 DEBUG 5796 --- [nio-8080-exec-9] o.s.web.servlet.DispatcherServlet        : GET "/api/projects", parameters={}
2026-05-28T14:36:32.940+05:30 DEBUG 5796 --- [nio-8080-exec-9] s.w.s.m.m.a.RequestMappingHandlerMapping : Mapped to com.kavya.hrms.controller.ProjectController#list()
2026-05-28T14:36:32.946+05:30 DEBUG 5796 --- [nio-8080-exec-9] m.m.a.RequestResponseBodyMethodProcessor : Using 'application/json', given [*/*] and supported [application/json, application/*+json]
2026-05-28T14:36:32.946+05:30 DEBUG 5796 --- [nio-8080-exec-9] m.m.a.RequestResponseBodyMethodProcessor : Writing [[com.kavya.hrms.model.Project@4c1a9015, com.kavya.hrms.model.Project@116a6340, com.kavya.hrms.model. (truncated)...]
2026-05-28T14:36:32.947+05:30 DEBUG 5796 --- [nio-8080-exec-9] o.s.web.servlet.DispatcherServlet        : Completed 200 OK
2026-05-28T14:36:42.636+05:30 DEBUG 5796 --- [nio-8080-exec-2] o.s.web.servlet.DispatcherServlet        : GET "/api/employees", parameters={}
2026-05-28T14:36:42.636+05:30 DEBUG 5796 --- [nio-8080-exec-4] o.s.web.servlet.DispatcherServlet        : GET "/api/projects", parameters={}
2026-05-28T14:36:42.637+05:30 DEBUG 5796 --- [nio-8080-exec-3] o.s.web.servlet.DispatcherServlet        : GET "/api/users", parameters={}
2026-05-28T14:36:43.231+05:30 DEBUG 5796 --- [nio-8080-exec-2] s.w.s.m.m.a.RequestMappingHandlerMapping : Mapped to com.kavya.hrms.controller.EmployeeController#list()
2026-05-28T14:36:43.238+05:30 DEBUG 5796 --- [nio-8080-exec-3] s.w.s.m.m.a.RequestMappingHandlerMapping : Mapped to com.kavya.hrms.controller.UserController#list()
2026-05-28T14:36:43.235+05:30 DEBUG 5796 --- [nio-8080-exec-4] s.w.s.m.m.a.RequestMappingHandlerMapping : Mapped to com.kavya.hrms.controller.ProjectController#list()
2026-05-28T14:36:43.242+05:30 DEBUG 5796 --- [nio-8080-exec-2] m.m.a.RequestResponseBodyMethodProcessor : Using 'application/json', given [*/*] and supported [application/json, application/*+json]
2026-05-28T14:36:43.243+05:30 DEBUG 5796 --- [nio-8080-exec-2] m.m.a.RequestResponseBodyMethodProcessor : Writing [[com.kavya.hrms.model.Employee@3fc16292, com.kavya.hrms.model.Employee@130a51f9, com.kavya.hrms.mode (truncated)...]
2026-05-28T14:36:43.244+05:30 DEBUG 5796 --- [nio-8080-exec-2] o.s.web.servlet.DispatcherServlet        : Completed 200 OK
2026-05-28T14:36:43.245+05:30 DEBUG 5796 --- [nio-8080-exec-3] m.m.a.RequestResponseBodyMethodProcessor : Using 'application/json', given [*/*] and supported [application/json, application/*+json]
2026-05-28T14:36:43.246+05:30 DEBUG 5796 --- [nio-8080-exec-3] m.m.a.RequestResponseBodyMethodProcessor : Writing [[com.kavya.hrms.model.AppUser@2dd06a64, com.kavya.hrms.model.AppUser@3b7e5efb, com.kavya.hrms.model. (truncated)...]
2026-05-28T14:36:43.247+05:30 DEBUG 5796 --- [nio-8080-exec-3] o.s.web.servlet.DispatcherServlet        : Completed 200 OK
2026-05-28T14:36:43.248+05:30 DEBUG 5796 --- [nio-8080-exec-4] m.m.a.RequestResponseBodyMethodProcessor : Using 'application/json', given [*/*] and supported [application/json, application/*+json]
2026-05-28T14:36:43.249+05:30 DEBUG 5796 --- [nio-8080-exec-4] m.m.a.RequestResponseBodyMethodProcessor : Writing [[com.kavya.hrms.model.Project@3e651cdd, com.kavya.hrms.model.Project@53152f08, com.kavya.hrms.model. (truncated)...]
2026-05-28T14:36:43.250+05:30 DEBUG 5796 --- [nio-8080-exec-4] o.s.web.servlet.DispatcherServlet        : Completed 200 OK
2026-05-28T14:36:43.260+05:30 DEBUG 5796 --- [nio-8080-exec-7] o.s.web.servlet.DispatcherServlet        : GET "/api/employees", parameters={}
2026-05-28T14:36:43.261+05:30 DEBUG 5796 --- [nio-8080-exec-7] s.w.s.m.m.a.RequestMappingHandlerMapping : Mapped to com.kavya.hrms.controller.EmployeeController#list()
2026-05-28T14:36:43.274+05:30 DEBUG 5796 --- [nio-8080-exec-7] m.m.a.RequestResponseBodyMethodProcessor : Using 'application/json', given [*/*] and supported [application/json, application/*+json]
2026-05-28T14:36:43.275+05:30 DEBUG 5796 --- [nio-8080-exec-7] m.m.a.RequestResponseBodyMethodProcessor : Writing [[com.kavya.hrms.model.Employee@f8623ce, com.kavya.hrms.model.Employee@db14f06, com.kavya.hrms.model. (truncated)...]
2026-05-28T14:36:43.277+05:30 DEBUG 5796 --- [nio-8080-exec-7] o.s.web.servlet.DispatcherServlet        : Completed 200 OK
2026-05-28T14:36:43.291+05:30 DEBUG 5796 --- [nio-8080-exec-6] o.s.web.servlet.DispatcherServlet        : GET "/api/employees", parameters={}
2026-05-28T14:36:43.294+05:30 DEBUG 5796 --- [nio-8080-exec-6] s.w.s.m.m.a.RequestMappingHandlerMapping : Mapped to com.kavya.hrms.controller.EmployeeController#list()
2026-05-28T14:36:43.300+05:30 DEBUG 5796 --- [nio-8080-exec-6] m.m.a.RequestResponseBodyMethodProcessor : Using 'application/json', given [*/*] and supported [application/json, application/*+json]
2026-05-28T14:36:43.301+05:30 DEBUG 5796 --- [nio-8080-exec-6] m.m.a.RequestResponseBodyMethodProcessor : Writing [[com.kavya.hrms.model.Employee@1441a4c3, com.kavya.hrms.model.Employee@5937849e, com.kavya.hrms.mode (truncated)...]
2026-05-28T14:36:43.304+05:30 DEBUG 5796 --- [nio-8080-exec-6] o.s.web.servlet.DispatcherServlet        : Completed 200 OK
2026-05-28T14:36:53.041+05:30 DEBUG 5796 --- [nio-8080-exec-5] o.s.web.servlet.DispatcherServlet        : GET "/api/users", parameters={}
2026-05-28T14:36:53.041+05:30 DEBUG 5796 --- [nio-8080-exec-8] o.s.web.servlet.DispatcherServlet        : GET "/api/employees", parameters={}
2026-05-28T14:36:53.041+05:30 DEBUG 5796 --- [nio-8080-exec-5] s.w.s.m.m.a.RequestMappingHandlerMapping : Mapped to com.kavya.hrms.controller.UserController#list()
2026-05-28T14:36:53.042+05:30 DEBUG 5796 --- [nio-8080-exec-8] s.w.s.m.m.a.RequestMappingHandlerMapping : Mapped to com.kavya.hrms.controller.EmployeeController#list()
2026-05-28T14:36:53.044+05:30 DEBUG 5796 --- [nio-8080-exec-5] m.m.a.RequestResponseBodyMethodProcessor : Using 'application/json', given [*/*] and supported [application/json, application/*+json]
2026-05-28T14:36:53.045+05:30 DEBUG 5796 --- [nio-8080-exec-8] m.m.a.RequestResponseBodyMethodProcessor : Using 'application/json', given [*/*] and supported [application/json, application/*+json]
2026-05-28T14:36:53.045+05:30 DEBUG 5796 --- [nio-8080-exec-5] m.m.a.RequestResponseBodyMethodProcessor : Writing [[com.kavya.hrms.model.AppUser@56778ee8, com.kavya.hrms.model.AppUser@5b26ed92, com.kavya.hrms.model. (truncated)...]
2026-05-28T14:36:53.045+05:30 DEBUG 5796 --- [nio-8080-exec-8] m.m.a.RequestResponseBodyMethodProcessor : Writing [[com.kavya.hrms.model.Employee@60113425, com.kavya.hrms.model.Employee@128212c8, com.kavya.hrms.mode (truncated)...]
2026-05-28T14:36:53.046+05:30 DEBUG 5796 --- [nio-8080-exec-5] o.s.web.servlet.DispatcherServlet        : Completed 200 OK
2026-05-28T14:36:53.047+05:30 DEBUG 5796 --- [nio-8080-exec-8] o.s.web.servlet.DispatcherServlet        : Completed 200 OK
2026-05-28T14:36:53.053+05:30 DEBUG 5796 --- [io-8080-exec-10] o.s.web.servlet.DispatcherServlet        : GET "/api/employees", parameters={}
2026-05-28T14:36:53.054+05:30 DEBUG 5796 --- [io-8080-exec-10] s.w.s.m.m.a.RequestMappingHandlerMapping : Mapped to com.kavya.hrms.controller.EmployeeController#list()
2026-05-28T14:36:53.057+05:30 DEBUG 5796 --- [io-8080-exec-10] m.m.a.RequestResponseBodyMethodProcessor : Using 'application/json', given [*/*] and supported [application/json, application/*+json]
2026-05-28T14:36:53.059+05:30 DEBUG 5796 --- [io-8080-exec-10] m.m.a.RequestResponseBodyMethodProcessor : Writing [[com.kavya.hrms.model.Employee@229f12ea, com.kavya.hrms.model.Employee@8cd79b6, com.kavya.hrms.model (truncated)...]
2026-05-28T14:36:53.059+05:30 DEBUG 5796 --- [io-8080-exec-10] o.s.web.servlet.DispatcherServlet        : Completed 200 OK
2026-05-28T14:36:58.077+05:30 DEBUG 5796 --- [nio-8080-exec-1] o.s.web.servlet.DispatcherServlet        : GET "/api/projects", parameters={}
2026-05-28T14:36:58.077+05:30 DEBUG 5796 --- [nio-8080-exec-9] o.s.web.servlet.DispatcherServlet        : GET "/api/employees", parameters={}
2026-05-28T14:36:58.079+05:30 DEBUG 5796 --- [nio-8080-exec-9] s.w.s.m.m.a.RequestMappingHandlerMapping : Mapped to com.kavya.hrms.controller.EmployeeController#list()
2026-05-28T14:36:58.078+05:30 DEBUG 5796 --- [nio-8080-exec-1] s.w.s.m.m.a.RequestMappingHandlerMapping : Mapped to com.kavya.hrms.controller.ProjectController#list()
2026-05-28T14:36:58.085+05:30 DEBUG 5796 --- [nio-8080-exec-1] m.m.a.RequestResponseBodyMethodProcessor : Using 'application/json', given [*/*] and supported [application/json, application/*+json]
2026-05-28T14:36:58.085+05:30 DEBUG 5796 --- [nio-8080-exec-1] m.m.a.RequestResponseBodyMethodProcessor : Writing [[com.kavya.hrms.model.Project@634beb97, com.kavya.hrms.model.Project@1fa693e3, com.kavya.hrms.model. (truncated)...]
2026-05-28T14:36:58.086+05:30 DEBUG 5796 --- [nio-8080-exec-1] o.s.web.servlet.DispatcherServlet        : Completed 200 OK
2026-05-28T14:36:58.090+05:30 DEBUG 5796 --- [nio-8080-exec-9] m.m.a.RequestResponseBodyMethodProcessor : Using 'application/json', given [*/*] and supported [application/json, application/*+json]
2026-05-28T14:36:58.090+05:30 DEBUG 5796 --- [nio-8080-exec-9] m.m.a.RequestResponseBodyMethodProcessor : Writing [[com.kavya.hrms.model.Employee@11cc4905, com.kavya.hrms.model.Employee@537e481f, com.kavya.hrms.mode (truncated)...]
2026-05-28T14:36:58.092+05:30 DEBUG 5796 --- [nio-8080-exec-9] o.s.web.servlet.DispatcherServlet        : Completed 200 OK
2026-05-28T14:37:03.042+05:30 DEBUG 5796 --- [nio-8080-exec-2] o.s.web.servlet.DispatcherServlet        : GET "/api/users", parameters={}
2026-05-28T14:37:03.042+05:30 DEBUG 5796 --- [nio-8080-exec-3] o.s.web.servlet.DispatcherServlet        : GET "/api/employees", parameters={}
2026-05-28T14:37:03.043+05:30 DEBUG 5796 --- [nio-8080-exec-2] s.w.s.m.m.a.RequestMappingHandlerMapping : Mapped to com.kavya.hrms.controller.UserController#list()
2026-05-28T14:37:03.043+05:30 DEBUG 5796 --- [nio-8080-exec-3] s.w.s.m.m.a.RequestMappingHandlerMapping : Mapped to com.kavya.hrms.controller.EmployeeController#list()
2026-05-28T14:37:03.049+05:30 DEBUG 5796 --- [nio-8080-exec-2] m.m.a.RequestResponseBodyMethodProcessor : Using 'application/json', given [*/*] and supported [application/json, application/*+json]
2026-05-28T14:37:03.049+05:30 DEBUG 5796 --- [nio-8080-exec-3] m.m.a.RequestResponseBodyMethodProcessor : Using 'application/json', given [*/*] and supported [application/json, application/*+json]
2026-05-28T14:37:03.050+05:30 DEBUG 5796 --- [nio-8080-exec-2] m.m.a.RequestResponseBodyMethodProcessor : Writing [[com.kavya.hrms.model.AppUser@4f4c1045, com.kavya.hrms.model.AppUser@38496c57, com.kavya.hrms.model. (truncated)...]
2026-05-28T14:37:03.050+05:30 DEBUG 5796 --- [nio-8080-exec-3] m.m.a.RequestResponseBodyMethodProcessor : Writing [[com.kavya.hrms.model.Employee@2036c3bd, com.kavya.hrms.model.Employee@18cdb362, com.kavya.hrms.mode (truncated)...]
2026-05-28T14:37:03.052+05:30 DEBUG 5796 --- [nio-8080-exec-2] o.s.web.servlet.DispatcherServlet        : Completed 200 OK
2026-05-28T14:37:03.053+05:30 DEBUG 5796 --- [nio-8080-exec-3] o.s.web.servlet.DispatcherServlet        : Completed 200 OK
2026-05-28T14:37:03.066+05:30 DEBUG 5796 --- [nio-8080-exec-4] o.s.web.servlet.DispatcherServlet        : GET "/api/employees", parameters={}
2026-05-28T14:37:03.067+05:30 DEBUG 5796 --- [nio-8080-exec-4] s.w.s.m.m.a.RequestMappingHandlerMapping : Mapped to com.kavya.hrms.controller.EmployeeController#list()
2026-05-28T14:37:03.071+05:30 DEBUG 5796 --- [nio-8080-exec-4] m.m.a.RequestResponseBodyMethodProcessor : Using 'application/json', given [*/*] and supported [application/json, application/*+json]
2026-05-28T14:37:03.071+05:30 DEBUG 5796 --- [nio-8080-exec-4] m.m.a.RequestResponseBodyMethodProcessor : Writing [[com.kavya.hrms.model.Employee@140ee316, com.kavya.hrms.model.Employee@6e19f3f0, com.kavya.hrms.mode (truncated)...]
2026-05-28T14:37:03.073+05:30 DEBUG 5796 --- [nio-8080-exec-4] o.s.web.servlet.DispatcherServlet        : Completed 200 OK
2026-05-28T14:37:13.045+05:30 DEBUG 5796 --- [nio-8080-exec-7] o.s.web.servlet.DispatcherServlet        : GET "/api/projects", parameters={}
2026-05-28T14:37:13.125+05:30 DEBUG 5796 --- [nio-8080-exec-7] s.w.s.m.m.a.RequestMappingHandlerMapping : Mapped to com.kavya.hrms.controller.ProjectController#list()
2026-05-28T14:37:13.164+05:30 DEBUG 5796 --- [nio-8080-exec-7] m.m.a.RequestResponseBodyMethodProcessor : Using 'application/json', given [*/*] and supported [application/json, application/*+json]
2026-05-28T14:37:13.164+05:30 DEBUG 5796 --- [nio-8080-exec-7] m.m.a.RequestResponseBodyMethodProcessor : Writing [[com.kavya.hrms.model.Project@15e7f8f8, com.kavya.hrms.model.Project@1be643f5, com.kavya.hrms.model. (truncated)...]
2026-05-28T14:37:13.165+05:30 DEBUG 5796 --- [nio-8080-exec-7] o.s.web.servlet.DispatcherServlet        : Completed 200 OK
2026-05-28T14:37:13.048+05:30 DEBUG 5796 --- [nio-8080-exec-6] o.s.web.servlet.DispatcherServlet        : GET "/api/employees", parameters={}
2026-05-28T14:37:13.169+05:30 DEBUG 5796 --- [nio-8080-exec-6] s.w.s.m.m.a.RequestMappingHandlerMapping : Mapped to com.kavya.hrms.controller.EmployeeController#list()
2026-05-28T14:37:13.053+05:30 DEBUG 5796 --- [nio-8080-exec-5] o.s.web.servlet.DispatcherServlet        : GET "/api/users", parameters={}
2026-05-28T14:37:13.177+05:30 DEBUG 5796 --- [nio-8080-exec-5] s.w.s.m.m.a.RequestMappingHandlerMapping : Mapped to com.kavya.hrms.controller.UserController#list()
2026-05-28T14:37:13.182+05:30 DEBUG 5796 --- [nio-8080-exec-5] m.m.a.RequestResponseBodyMethodProcessor : Using 'application/json', given [*/*] and supported [application/json, application/*+json]
2026-05-28T14:37:13.183+05:30 DEBUG 5796 --- [nio-8080-exec-5] m.m.a.RequestResponseBodyMethodProcessor : Writing [[com.kavya.hrms.model.AppUser@762364a8, com.kavya.hrms.model.AppUser@4da2b2ae, com.kavya.hrms.model. (truncated)...]
2026-05-28T14:37:13.184+05:30 DEBUG 5796 --- [nio-8080-exec-5] o.s.web.servlet.DispatcherServlet        : Completed 200 OK
2026-05-28T14:37:13.231+05:30 DEBUG 5796 --- [nio-8080-exec-6] m.m.a.RequestResponseBodyMethodProcessor : Using 'application/json', given [*/*] and supported [application/json, application/*+json]
2026-05-28T14:37:13.262+05:30 DEBUG 5796 --- [nio-8080-exec-6] m.m.a.RequestResponseBodyMethodProcessor : Writing [[com.kavya.hrms.model.Employee@6fa4092a, com.kavya.hrms.model.Employee@41dded1b, com.kavya.hrms.mode (truncated)...]
2026-05-28T14:37:13.263+05:30 DEBUG 5796 --- [nio-8080-exec-6] o.s.web.servlet.DispatcherServlet        : Completed 200 OK
2026-05-28T14:37:13.344+05:30 DEBUG 5796 --- [io-8080-exec-10] o.s.web.servlet.DispatcherServlet        : GET "/api/employees", parameters={}
2026-05-28T14:37:13.386+05:30 DEBUG 5796 --- [io-8080-exec-10] s.w.s.m.m.a.RequestMappingHandlerMapping : Mapped to com.kavya.hrms.controller.EmployeeController#list()
2026-05-28T14:37:13.397+05:30 DEBUG 5796 --- [io-8080-exec-10] m.m.a.RequestResponseBodyMethodProcessor : Using 'application/json', given [*/*] and supported [application/json, application/*+json]
2026-05-28T14:37:13.398+05:30 DEBUG 5796 --- [io-8080-exec-10] m.m.a.RequestResponseBodyMethodProcessor : Writing [[com.kavya.hrms.model.Employee@1d0a9f18, com.kavya.hrms.model.Employee@2f1e8bca, com.kavya.hrms.mode (truncated)...]
2026-05-28T14:37:13.399+05:30 DEBUG 5796 --- [io-8080-exec-10] o.s.web.servlet.DispatcherServlet        : Completed 200 OK
2026-05-28T14:37:13.465+05:30 DEBUG 5796 --- [nio-8080-exec-1] o.s.web.servlet.DispatcherServlet        : GET "/api/employees", parameters={}
2026-05-28T14:37:13.466+05:30 DEBUG 5796 --- [nio-8080-exec-1] s.w.s.m.m.a.RequestMappingHandlerMapping : Mapped to com.kavya.hrms.controller.EmployeeController#list()
2026-05-28T14:37:13.470+05:30 DEBUG 5796 --- [nio-8080-exec-1] m.m.a.RequestResponseBodyMethodProcessor : Using 'application/json', given [*/*] and supported [application/json, application/*+json]
2026-05-28T14:37:13.470+05:30 DEBUG 5796 --- [nio-8080-exec-1] m.m.a.RequestResponseBodyMethodProcessor : Writing [[com.kavya.hrms.model.Employee@6e8ada96, com.kavya.hrms.model.Employee@4598752f, com.kavya.hrms.mode (truncated)...]
2026-05-28T14:37:13.472+05:30 DEBUG 5796 --- [nio-8080-exec-1] o.s.web.servlet.DispatcherServlet        : Completed 200 OK
2026-05-28T14:37:23.030+05:30 DEBUG 5796 --- [nio-8080-exec-9] o.s.web.servlet.DispatcherServlet        : GET "/api/users", parameters={}
2026-05-28T14:37:23.030+05:30 DEBUG 5796 --- [nio-8080-exec-3] o.s.web.servlet.DispatcherServlet        : GET "/api/employees", parameters={}
2026-05-28T14:37:23.031+05:30 DEBUG 5796 --- [nio-8080-exec-9] s.w.s.m.m.a.RequestMappingHandlerMapping : Mapped to com.kavya.hrms.controller.UserController#list()
2026-05-28T14:37:23.032+05:30 DEBUG 5796 --- [nio-8080-exec-3] s.w.s.m.m.a.RequestMappingHandlerMapping : Mapped to com.kavya.hrms.controller.EmployeeController#list()
2026-05-28T14:37:23.034+05:30 DEBUG 5796 --- [nio-8080-exec-9] m.m.a.RequestResponseBodyMethodProcessor : Using 'application/json', given [*/*] and supported [application/json, application/*+json]
2026-05-28T14:37:23.034+05:30 DEBUG 5796 --- [nio-8080-exec-3] m.m.a.RequestResponseBodyMethodProcessor : Using 'application/json', given [*/*] and supported [application/json, application/*+json]
2026-05-28T14:37:23.035+05:30 DEBUG 5796 --- [nio-8080-exec-9] m.m.a.RequestResponseBodyMethodProcessor : Writing [[com.kavya.hrms.model.AppUser@151f124a, com.kavya.hrms.model.AppUser@c839a17, com.kavya.hrms.model.A (truncated)...]
2026-05-28T14:37:23.035+05:30 DEBUG 5796 --- [nio-8080-exec-3] m.m.a.RequestResponseBodyMethodProcessor : Writing [[com.kavya.hrms.model.Employee@1abdfce1, com.kavya.hrms.model.Employee@58e7cd01, com.kavya.hrms.mode (truncated)...]
2026-05-28T14:37:23.035+05:30 DEBUG 5796 --- [nio-8080-exec-9] o.s.web.servlet.DispatcherServlet        : Completed 200 OK
2026-05-28T14:37:23.036+05:30 DEBUG 5796 --- [nio-8080-exec-3] o.s.web.servlet.DispatcherServlet        : Completed 200 OK
2026-05-28T14:37:23.043+05:30 DEBUG 5796 --- [nio-8080-exec-2] o.s.web.servlet.DispatcherServlet        : GET "/api/employees", parameters={}
2026-05-28T14:37:23.044+05:30 DEBUG 5796 --- [nio-8080-exec-2] s.w.s.m.m.a.RequestMappingHandlerMapping : Mapped to com.kavya.hrms.controller.EmployeeController#list()
2026-05-28T14:37:23.047+05:30 DEBUG 5796 --- [nio-8080-exec-2] m.m.a.RequestResponseBodyMethodProcessor : Using 'application/json', given [*/*] and supported [application/json, application/*+json]
2026-05-28T14:37:23.048+05:30 DEBUG 5796 --- [nio-8080-exec-2] m.m.a.RequestResponseBodyMethodProcessor : Writing [[com.kavya.hrms.model.Employee@7a25027a, com.kavya.hrms.model.Employee@249588fe, com.kavya.hrms.mode (truncated)...]
2026-05-28T14:37:23.049+05:30 DEBUG 5796 --- [nio-8080-exec-2] o.s.web.servlet.DispatcherServlet        : Completed 200 OK
2026-05-28T14:37:28.034+05:30 DEBUG 5796 --- [nio-8080-exec-4] o.s.web.servlet.DispatcherServlet        : GET "/api/projects", parameters={}
2026-05-28T14:37:28.035+05:30 DEBUG 5796 --- [nio-8080-exec-4] s.w.s.m.m.a.RequestMappingHandlerMapping : Mapped to com.kavya.hrms.controller.ProjectController#list()
2026-05-28T14:37:28.042+05:30 DEBUG 5796 --- [nio-8080-exec-4] m.m.a.RequestResponseBodyMethodProcessor : Using 'application/json', given [*/*] and supported [application/json, application/*+json]
2026-05-28T14:37:28.043+05:30 DEBUG 5796 --- [nio-8080-exec-4] m.m.a.RequestResponseBodyMethodProcessor : Writing [[com.kavya.hrms.model.Project@143fe2b, com.kavya.hrms.model.Project@11c202a2, com.kavya.hrms.model.P (truncated)...]
2026-05-28T14:37:28.045+05:30 DEBUG 5796 --- [nio-8080-exec-4] o.s.web.servlet.DispatcherServlet        : Completed 200 OK
2026-05-28T14:37:28.066+05:30 DEBUG 5796 --- [nio-8080-exec-7] o.s.web.servlet.DispatcherServlet        : GET "/api/employees", parameters={}
2026-05-28T14:37:28.067+05:30 DEBUG 5796 --- [nio-8080-exec-7] s.w.s.m.m.a.RequestMappingHandlerMapping : Mapped to com.kavya.hrms.controller.EmployeeController#list()
2026-05-28T14:37:28.077+05:30 DEBUG 5796 --- [nio-8080-exec-7] m.m.a.RequestResponseBodyMethodProcessor : Using 'application/json', given [*/*] and supported [application/json, application/*+json]
2026-05-28T14:37:28.078+05:30 DEBUG 5796 --- [nio-8080-exec-7] m.m.a.RequestResponseBodyMethodProcessor : Writing [[com.kavya.hrms.model.Employee@3aa50955, com.kavya.hrms.model.Employee@13f50c1f, com.kavya.hrms.mode (truncated)...]
2026-05-28T14:37:28.080+05:30 DEBUG 5796 --- [nio-8080-exec-7] o.s.web.servlet.DispatcherServlet        : Completed 200 OK
2026-05-28T14:37:33.146+05:30 DEBUG 5796 --- [nio-8080-exec-8] o.s.web.servlet.DispatcherServlet        : GET "/api/projects", parameters={}
2026-05-28T14:37:33.146+05:30 DEBUG 5796 --- [nio-8080-exec-8] s.w.s.m.m.a.RequestMappingHandlerMapping : Mapped to com.kavya.hrms.controller.ProjectController#list()
2026-05-28T14:37:33.150+05:30 DEBUG 5796 --- [nio-8080-exec-8] m.m.a.RequestResponseBodyMethodProcessor : Using 'application/json', given [*/*] and supported [application/json, application/*+json]
2026-05-28T14:37:33.151+05:30 DEBUG 5796 --- [nio-8080-exec-8] m.m.a.RequestResponseBodyMethodProcessor : Writing [[com.kavya.hrms.model.Project@3a88117c, com.kavya.hrms.model.Project@1fe3e8fb, com.kavya.hrms.model. (truncated)...]
2026-05-28T14:37:33.152+05:30 DEBUG 5796 --- [nio-8080-exec-8] o.s.web.servlet.DispatcherServlet        : Completed 200 OK
2026-05-28T14:37:33.158+05:30 DEBUG 5796 --- [nio-8080-exec-5] o.s.web.servlet.DispatcherServlet        : GET "/api/employees", parameters={}
2026-05-28T14:37:33.158+05:30 DEBUG 5796 --- [nio-8080-exec-5] s.w.s.m.m.a.RequestMappingHandlerMapping : Mapped to com.kavya.hrms.controller.EmployeeController#list()
2026-05-28T14:37:33.162+05:30 DEBUG 5796 --- [nio-8080-exec-5] m.m.a.RequestResponseBodyMethodProcessor : Using 'application/json', given [*/*] and supported [application/json, application/*+json]
2026-05-28T14:37:33.163+05:30 DEBUG 5796 --- [nio-8080-exec-5] m.m.a.RequestResponseBodyMethodProcessor : Writing [[com.kavya.hrms.model.Employee@39027f9a, com.kavya.hrms.model.Employee@6b06d5d7, com.kavya.hrms.mode (truncated)...]
2026-05-28T14:37:33.164+05:30 DEBUG 5796 --- [nio-8080-exec-5] o.s.web.servlet.DispatcherServlet        : Completed 200 OK
2026-05-28T14:37:33.184+05:30 DEBUG 5796 --- [nio-8080-exec-6] o.s.web.servlet.DispatcherServlet        : GET "/api/projects", parameters={}
2026-05-28T14:37:33.184+05:30 DEBUG 5796 --- [nio-8080-exec-6] s.w.s.m.m.a.RequestMappingHandlerMapping : Mapped to com.kavya.hrms.controller.ProjectController#list()
2026-05-28T14:37:33.188+05:30 DEBUG 5796 --- [nio-8080-exec-6] m.m.a.RequestResponseBodyMethodProcessor : Using 'application/json', given [*/*] and supported [application/json, application/*+json]
2026-05-28T14:37:33.189+05:30 DEBUG 5796 --- [nio-8080-exec-6] m.m.a.RequestResponseBodyMethodProcessor : Writing [[com.kavya.hrms.model.Project@3e4ff4ab, com.kavya.hrms.model.Project@3ac85da1, com.kavya.hrms.model. (truncated)...]
2026-05-28T14:37:33.190+05:30 DEBUG 5796 --- [nio-8080-exec-6] o.s.web.servlet.DispatcherServlet        : Completed 200 OK
2026-05-28T14:37:33.203+05:30 DEBUG 5796 --- [io-8080-exec-10] o.s.web.servlet.DispatcherServlet        : GET "/api/employees", parameters={}
2026-05-28T14:37:33.203+05:30 DEBUG 5796 --- [io-8080-exec-10] s.w.s.m.m.a.RequestMappingHandlerMapping : Mapped to com.kavya.hrms.controller.EmployeeController#list()
2026-05-28T14:37:33.207+05:30 DEBUG 5796 --- [io-8080-exec-10] m.m.a.RequestResponseBodyMethodProcessor : Using 'application/json', given [*/*] and supported [application/json, application/*+json]
2026-05-28T14:37:33.208+05:30 DEBUG 5796 --- [io-8080-exec-10] m.m.a.RequestResponseBodyMethodProcessor : Writing [[com.kavya.hrms.model.Employee@440f28e0, com.kavya.hrms.model.Employee@459a5ab4, com.kavya.hrms.mode (truncated)...]
2026-05-28T14:37:33.209+05:30 DEBUG 5796 --- [io-8080-exec-10] o.s.web.servlet.DispatcherServlet        : Completed 200 OK
2026-05-28T14:37:33.238+05:30 DEBUG 5796 --- [nio-8080-exec-1] o.s.web.servlet.DispatcherServlet        : GET "/api/users", parameters={}
2026-05-28T14:37:33.238+05:30 DEBUG 5796 --- [nio-8080-exec-9] o.s.web.servlet.DispatcherServlet        : GET "/api/employees", parameters={}
2026-05-28T14:37:33.239+05:30 DEBUG 5796 --- [nio-8080-exec-1] s.w.s.m.m.a.RequestMappingHandlerMapping : Mapped to com.kavya.hrms.controller.UserController#list()
2026-05-28T14:37:33.239+05:30 DEBUG 5796 --- [nio-8080-exec-9] s.w.s.m.m.a.RequestMappingHandlerMapping : Mapped to com.kavya.hrms.controller.EmployeeController#list()
2026-05-28T14:37:33.243+05:30 DEBUG 5796 --- [nio-8080-exec-1] m.m.a.RequestResponseBodyMethodProcessor : Using 'application/json', given [*/*] and supported [application/json, application/*+json]
2026-05-28T14:37:33.244+05:30 DEBUG 5796 --- [nio-8080-exec-1] m.m.a.RequestResponseBodyMethodProcessor : Writing [[com.kavya.hrms.model.AppUser@1dfd4a35, com.kavya.hrms.model.AppUser@79aad2d0, com.kavya.hrms.model. (truncated)...]
2026-05-28T14:37:33.245+05:30 DEBUG 5796 --- [nio-8080-exec-1] o.s.web.servlet.DispatcherServlet        : Completed 200 OK
2026-05-28T14:37:33.246+05:30 DEBUG 5796 --- [nio-8080-exec-9] m.m.a.RequestResponseBodyMethodProcessor : Using 'application/json', given [*/*] and supported [application/json, application/*+json]
2026-05-28T14:37:33.246+05:30 DEBUG 5796 --- [nio-8080-exec-9] m.m.a.RequestResponseBodyMethodProcessor : Writing [[com.kavya.hrms.model.Employee@129f97bf, com.kavya.hrms.model.Employee@2f51a05f, com.kavya.hrms.mode (truncated)...]
2026-05-28T14:37:33.248+05:30 DEBUG 5796 --- [nio-8080-exec-9] o.s.web.servlet.DispatcherServlet        : Completed 200 OK
2026-05-28T14:37:33.267+05:30 DEBUG 5796 --- [nio-8080-exec-3] o.s.web.servlet.DispatcherServlet        : GET "/api/employees", parameters={}
2026-05-28T14:37:33.267+05:30 DEBUG 5796 --- [nio-8080-exec-3] s.w.s.m.m.a.RequestMappingHandlerMapping : Mapped to com.kavya.hrms.controller.EmployeeController#list()
2026-05-28T14:37:33.269+05:30 DEBUG 5796 --- [nio-8080-exec-3] m.m.a.RequestResponseBodyMethodProcessor : Using 'application/json', given [*/*] and supported [application/json, application/*+json]
2026-05-28T14:37:33.270+05:30 DEBUG 5796 --- [nio-8080-exec-3] m.m.a.RequestResponseBodyMethodProcessor : Writing [[com.kavya.hrms.model.Employee@20c316fd, com.kavya.hrms.model.Employee@5aa82856, com.kavya.hrms.mode (truncated)...]
2026-05-28T14:37:33.271+05:30 DEBUG 5796 --- [nio-8080-exec-3] o.s.web.servlet.DispatcherServlet        : Completed 200 OK
2026-05-28T14:37:43.043+05:30 DEBUG 5796 --- [nio-8080-exec-2] o.s.web.servlet.DispatcherServlet        : GET "/api/users", parameters={}
2026-05-28T14:37:43.045+05:30 DEBUG 5796 --- [nio-8080-exec-4] o.s.web.servlet.DispatcherServlet        : GET "/api/employees", parameters={}
2026-05-28T14:37:43.268+05:30 DEBUG 5796 --- [nio-8080-exec-2] s.w.s.m.m.a.RequestMappingHandlerMapping : Mapped to com.kavya.hrms.controller.UserController#list()
2026-05-28T14:37:43.269+05:30 DEBUG 5796 --- [nio-8080-exec-4] s.w.s.m.m.a.RequestMappingHandlerMapping : Mapped to com.kavya.hrms.controller.EmployeeController#list()
2026-05-28T14:37:43.284+05:30 DEBUG 5796 --- [nio-8080-exec-4] m.m.a.RequestResponseBodyMethodProcessor : Using 'application/json', given [*/*] and supported [application/json, application/*+json]
2026-05-28T14:37:43.286+05:30 DEBUG 5796 --- [nio-8080-exec-4] m.m.a.RequestResponseBodyMethodProcessor : Writing [[com.kavya.hrms.model.Employee@5870760, com.kavya.hrms.model.Employee@4d1c260, com.kavya.hrms.model. (truncated)...]
2026-05-28T14:37:43.297+05:30 DEBUG 5796 --- [nio-8080-exec-4] o.s.web.servlet.DispatcherServlet        : Completed 200 OK
2026-05-28T14:37:43.304+05:30 DEBUG 5796 --- [nio-8080-exec-2] m.m.a.RequestResponseBodyMethodProcessor : Using 'application/json', given [*/*] and supported [application/json, application/*+json]
2026-05-28T14:37:43.306+05:30 DEBUG 5796 --- [nio-8080-exec-2] m.m.a.RequestResponseBodyMethodProcessor : Writing [[com.kavya.hrms.model.AppUser@91b3025, com.kavya.hrms.model.AppUser@5fd2cb0e, com.kavya.hrms.model.A (truncated)...]
2026-05-28T14:37:43.308+05:30 DEBUG 5796 --- [nio-8080-exec-2] o.s.web.servlet.DispatcherServlet        : Completed 200 OK
2026-05-28T14:37:43.328+05:30 DEBUG 5796 --- [nio-8080-exec-7] o.s.web.servlet.DispatcherServlet        : GET "/api/employees", parameters={}
2026-05-28T14:37:43.329+05:30 DEBUG 5796 --- [nio-8080-exec-7] s.w.s.m.m.a.RequestMappingHandlerMapping : Mapped to com.kavya.hrms.controller.EmployeeController#list()
2026-05-28T14:37:43.334+05:30 DEBUG 5796 --- [nio-8080-exec-7] m.m.a.RequestResponseBodyMethodProcessor : Using 'application/json', given [*/*] and supported [application/json, application/*+json]
2026-05-28T14:37:43.335+05:30 DEBUG 5796 --- [nio-8080-exec-7] m.m.a.RequestResponseBodyMethodProcessor : Writing [[com.kavya.hrms.model.Employee@734ac499, com.kavya.hrms.model.Employee@651b6cd0, com.kavya.hrms.mode (truncated)...]
2026-05-28T14:37:43.337+05:30 DEBUG 5796 --- [nio-8080-exec-7] o.s.web.servlet.DispatcherServlet        : Completed 200 OK
2026-05-28T14:37:49.033+05:30 DEBUG 5796 --- [nio-8080-exec-5] o.s.web.servlet.DispatcherServlet        : GET "/api/projects", parameters={}
2026-05-28T14:37:49.033+05:30 DEBUG 5796 --- [nio-8080-exec-6] o.s.web.servlet.DispatcherServlet        : GET "/api/employees", parameters={}
2026-05-28T14:37:49.036+05:30 DEBUG 5796 --- [nio-8080-exec-5] s.w.s.m.m.a.RequestMappingHandlerMapping : Mapped to com.kavya.hrms.controller.ProjectController#list()
2026-05-28T14:37:49.037+05:30 DEBUG 5796 --- [nio-8080-exec-6] s.w.s.m.m.a.RequestMappingHandlerMapping : Mapped to com.kavya.hrms.controller.EmployeeController#list()
2026-05-28T14:37:49.044+05:30 DEBUG 5796 --- [nio-8080-exec-5] m.m.a.RequestResponseBodyMethodProcessor : Using 'application/json', given [*/*] and supported [application/json, application/*+json]
2026-05-28T14:37:49.046+05:30 DEBUG 5796 --- [nio-8080-exec-6] m.m.a.RequestResponseBodyMethodProcessor : Using 'application/json', given [*/*] and supported [application/json, application/*+json]
2026-05-28T14:37:49.052+05:30 DEBUG 5796 --- [nio-8080-exec-5] m.m.a.RequestResponseBodyMethodProcessor : Writing [[com.kavya.hrms.model.Project@66806041, com.kavya.hrms.model.Project@61a24e1, com.kavya.hrms.model.P (truncated)...]
2026-05-28T14:37:49.053+05:30 DEBUG 5796 --- [nio-8080-exec-6] m.m.a.RequestResponseBodyMethodProcessor : Writing [[com.kavya.hrms.model.Employee@1d1e07aa, com.kavya.hrms.model.Employee@65c364fd, com.kavya.hrms.mode (truncated)...]
2026-05-28T14:37:49.055+05:30 DEBUG 5796 --- [nio-8080-exec-5] o.s.web.servlet.DispatcherServlet        : Completed 200 OK
2026-05-28T14:37:49.057+05:30 DEBUG 5796 --- [nio-8080-exec-6] o.s.web.servlet.DispatcherServlet        : Completed 200 OK
2026-05-28T14:37:53.056+05:30 DEBUG 5796 --- [io-8080-exec-10] o.s.web.servlet.DispatcherServlet        : GET "/api/projects", parameters={}
2026-05-28T14:37:53.056+05:30 DEBUG 5796 --- [nio-8080-exec-1] o.s.web.servlet.DispatcherServlet        : GET "/api/employees", parameters={}
2026-05-28T14:37:53.057+05:30 DEBUG 5796 --- [io-8080-exec-10] s.w.s.m.m.a.RequestMappingHandlerMapping : Mapped to com.kavya.hrms.controller.ProjectController#list()
2026-05-28T14:37:53.057+05:30 DEBUG 5796 --- [nio-8080-exec-1] s.w.s.m.m.a.RequestMappingHandlerMapping : Mapped to com.kavya.hrms.controller.EmployeeController#list()
2026-05-28T14:37:53.059+05:30 DEBUG 5796 --- [io-8080-exec-10] m.m.a.RequestResponseBodyMethodProcessor : Using 'application/json', given [*/*] and supported [application/json, application/*+json]
2026-05-28T14:37:53.060+05:30 DEBUG 5796 --- [nio-8080-exec-1] m.m.a.RequestResponseBodyMethodProcessor : Using 'application/json', given [*/*] and supported [application/json, application/*+json]
2026-05-28T14:37:53.060+05:30 DEBUG 5796 --- [io-8080-exec-10] m.m.a.RequestResponseBodyMethodProcessor : Writing [[com.kavya.hrms.model.Project@236ef778, com.kavya.hrms.model.Project@7926a22a, com.kavya.hrms.model. (truncated)...]
2026-05-28T14:37:53.060+05:30 DEBUG 5796 --- [nio-8080-exec-1] m.m.a.RequestResponseBodyMethodProcessor : Writing [[com.kavya.hrms.model.Employee@59d2de9f, com.kavya.hrms.model.Employee@475288df, com.kavya.hrms.mode (truncated)...]
2026-05-28T14:37:53.061+05:30 DEBUG 5796 --- [io-8080-exec-10] o.s.web.servlet.DispatcherServlet        : Completed 200 OK
2026-05-28T14:37:53.062+05:30 DEBUG 5796 --- [nio-8080-exec-1] o.s.web.servlet.DispatcherServlet        : Completed 200 OK
2026-05-28T14:37:53.065+05:30 DEBUG 5796 --- [nio-8080-exec-9] o.s.web.servlet.DispatcherServlet        : GET "/api/employees", parameters={}
2026-05-28T14:37:53.065+05:30 DEBUG 5796 --- [nio-8080-exec-3] o.s.web.servlet.DispatcherServlet        : GET "/api/projects", parameters={}
2026-05-28T14:37:53.065+05:30 DEBUG 5796 --- [nio-8080-exec-9] s.w.s.m.m.a.RequestMappingHandlerMapping : Mapped to com.kavya.hrms.controller.EmployeeController#list()
2026-05-28T14:37:53.066+05:30 DEBUG 5796 --- [nio-8080-exec-3] s.w.s.m.m.a.RequestMappingHandlerMapping : Mapped to com.kavya.hrms.controller.ProjectController#list()
2026-05-28T14:37:53.068+05:30 DEBUG 5796 --- [nio-8080-exec-3] m.m.a.RequestResponseBodyMethodProcessor : Using 'application/json', given [*/*] and supported [application/json, application/*+json]
2026-05-28T14:37:53.069+05:30 DEBUG 5796 --- [nio-8080-exec-3] m.m.a.RequestResponseBodyMethodProcessor : Writing [[com.kavya.hrms.model.Project@6a037a1c, com.kavya.hrms.model.Project@7eeb2445, com.kavya.hrms.model. (truncated)...]
2026-05-28T14:37:53.070+05:30 DEBUG 5796 --- [nio-8080-exec-9] m.m.a.RequestResponseBodyMethodProcessor : Using 'application/json', given [*/*] and supported [application/json, application/*+json]
2026-05-28T14:37:53.071+05:30 DEBUG 5796 --- [nio-8080-exec-9] m.m.a.RequestResponseBodyMethodProcessor : Writing [[com.kavya.hrms.model.Employee@32f1d9ce, com.kavya.hrms.model.Employee@6cc05838, com.kavya.hrms.mode (truncated)...]
2026-05-28T14:37:53.072+05:30 DEBUG 5796 --- [nio-8080-exec-3] o.s.web.servlet.DispatcherServlet        : Completed 200 OK
2026-05-28T14:37:53.076+05:30 DEBUG 5796 --- [nio-8080-exec-9] o.s.web.servlet.DispatcherServlet        : Completed 200 OK
2026-05-28T14:37:57.039+05:30 DEBUG 5796 --- [nio-8080-exec-2] o.s.web.servlet.DispatcherServlet        : GET "/api/employees", parameters={}
2026-05-28T14:37:57.039+05:30 DEBUG 5796 --- [nio-8080-exec-4] o.s.web.servlet.DispatcherServlet        : GET "/api/users", parameters={}
2026-05-28T14:37:57.040+05:30 DEBUG 5796 --- [nio-8080-exec-2] s.w.s.m.m.a.RequestMappingHandlerMapping : Mapped to com.kavya.hrms.controller.EmployeeController#list()
2026-05-28T14:37:57.040+05:30 DEBUG 5796 --- [nio-8080-exec-4] s.w.s.m.m.a.RequestMappingHandlerMapping : Mapped to com.kavya.hrms.controller.UserController#list()
2026-05-28T14:37:57.045+05:30 DEBUG 5796 --- [nio-8080-exec-4] m.m.a.RequestResponseBodyMethodProcessor : Using 'application/json', given [*/*] and supported [application/json, application/*+json]
2026-05-28T14:37:57.046+05:30 DEBUG 5796 --- [nio-8080-exec-4] m.m.a.RequestResponseBodyMethodProcessor : Writing [[com.kavya.hrms.model.AppUser@1a619799, com.kavya.hrms.model.AppUser@49d409f, com.kavya.hrms.model.A (truncated)...]
2026-05-28T14:37:57.047+05:30 DEBUG 5796 --- [nio-8080-exec-4] o.s.web.servlet.DispatcherServlet        : Completed 200 OK
2026-05-28T14:37:57.055+05:30 DEBUG 5796 --- [nio-8080-exec-2] m.m.a.RequestResponseBodyMethodProcessor : Using 'application/json', given [*/*] and supported [application/json, application/*+json]
2026-05-28T14:37:57.056+05:30 DEBUG 5796 --- [nio-8080-exec-2] m.m.a.RequestResponseBodyMethodProcessor : Writing [[com.kavya.hrms.model.Employee@502184a6, com.kavya.hrms.model.Employee@505b7274, com.kavya.hrms.mode (truncated)...]
2026-05-28T14:37:57.057+05:30 DEBUG 5796 --- [nio-8080-exec-2] o.s.web.servlet.DispatcherServlet        : Completed 200 OK
2026-05-28T14:37:57.063+05:30 DEBUG 5796 --- [nio-8080-exec-8] o.s.web.servlet.DispatcherServlet        : GET "/api/employees", parameters={}
2026-05-28T14:37:57.064+05:30 DEBUG 5796 --- [nio-8080-exec-8] s.w.s.m.m.a.RequestMappingHandlerMapping : Mapped to com.kavya.hrms.controller.EmployeeController#list()
2026-05-28T14:37:57.066+05:30 DEBUG 5796 --- [nio-8080-exec-8] m.m.a.RequestResponseBodyMethodProcessor : Using 'application/json', given [*/*] and supported [application/json, application/*+json]
2026-05-28T14:37:57.067+05:30 DEBUG 5796 --- [nio-8080-exec-8] m.m.a.RequestResponseBodyMethodProcessor : Writing [[com.kavya.hrms.model.Employee@310b1648, com.kavya.hrms.model.Employee@312f94a2, com.kavya.hrms.mode (truncated)...]
2026-05-28T14:37:57.068+05:30 DEBUG 5796 --- [nio-8080-exec-8] o.s.web.servlet.DispatcherServlet        : Completed 200 OK
2026-05-28T14:38:09.050+05:30 DEBUG 5796 --- [nio-8080-exec-5] o.s.web.servlet.DispatcherServlet        : GET "/api/employees", parameters={}
2026-05-28T14:38:09.050+05:30 DEBUG 5796 --- [nio-8080-exec-7] o.s.web.servlet.DispatcherServlet        : GET "/api/projects", parameters={}
2026-05-28T14:38:09.052+05:30 DEBUG 5796 --- [nio-8080-exec-5] s.w.s.m.m.a.RequestMappingHandlerMapping : Mapped to com.kavya.hrms.controller.EmployeeController#list()
2026-05-28T14:38:09.054+05:30 DEBUG 5796 --- [nio-8080-exec-7] s.w.s.m.m.a.RequestMappingHandlerMapping : Mapped to com.kavya.hrms.controller.ProjectController#list()
2026-05-28T14:38:09.063+05:30 DEBUG 5796 --- [nio-8080-exec-7] m.m.a.RequestResponseBodyMethodProcessor : Using 'application/json', given [*/*] and supported [application/json, application/*+json]
2026-05-28T14:38:09.063+05:30 DEBUG 5796 --- [nio-8080-exec-7] m.m.a.RequestResponseBodyMethodProcessor : Writing [[com.kavya.hrms.model.Project@3830fa2f, com.kavya.hrms.model.Project@3de77df8, com.kavya.hrms.model. (truncated)...]
2026-05-28T14:38:09.064+05:30 DEBUG 5796 --- [nio-8080-exec-5] m.m.a.RequestResponseBodyMethodProcessor : Using 'application/json', given [*/*] and supported [application/json, application/*+json]
2026-05-28T14:38:09.065+05:30 DEBUG 5796 --- [nio-8080-exec-5] m.m.a.RequestResponseBodyMethodProcessor : Writing [[com.kavya.hrms.model.Employee@7e5ceb7f, com.kavya.hrms.model.Employee@29b6e579, com.kavya.hrms.mode (truncated)...]
2026-05-28T14:38:09.065+05:30 DEBUG 5796 --- [nio-8080-exec-7] o.s.web.servlet.DispatcherServlet        : Completed 200 OK
2026-05-28T14:38:09.067+05:30 DEBUG 5796 --- [nio-8080-exec-5] o.s.web.servlet.DispatcherServlet        : Completed 200 OK
2026-05-28T14:38:17.134+05:30 DEBUG 5796 --- [nio-8080-exec-6] o.s.web.servlet.DispatcherServlet        : GET "/api/projects", parameters={}
2026-05-28T14:38:17.135+05:30 DEBUG 5796 --- [nio-8080-exec-6] s.w.s.m.m.a.RequestMappingHandlerMapping : Mapped to com.kavya.hrms.controller.ProjectController#list()
2026-05-28T14:38:17.147+05:30 DEBUG 5796 --- [nio-8080-exec-6] m.m.a.RequestResponseBodyMethodProcessor : Using 'application/json', given [*/*] and supported [application/json, application/*+json]
2026-05-28T14:38:17.149+05:30 DEBUG 5796 --- [nio-8080-exec-6] m.m.a.RequestResponseBodyMethodProcessor : Writing [[com.kavya.hrms.model.Project@121cc69, com.kavya.hrms.model.Project@7bf8cc09, com.kavya.hrms.model.P (truncated)...]
2026-05-28T14:38:17.150+05:30 DEBUG 5796 --- [io-8080-exec-10] o.s.web.servlet.DispatcherServlet        : GET "/api/employees", parameters={}
2026-05-28T14:38:17.151+05:30 DEBUG 5796 --- [io-8080-exec-10] s.w.s.m.m.a.RequestMappingHandlerMapping : Mapped to com.kavya.hrms.controller.EmployeeController#list()
2026-05-28T14:38:17.151+05:30 DEBUG 5796 --- [nio-8080-exec-6] o.s.web.servlet.DispatcherServlet        : Completed 200 OK
2026-05-28T14:38:17.161+05:30 DEBUG 5796 --- [io-8080-exec-10] m.m.a.RequestResponseBodyMethodProcessor : Using 'application/json', given [*/*] and supported [application/json, application/*+json]
2026-05-28T14:38:17.161+05:30 DEBUG 5796 --- [io-8080-exec-10] m.m.a.RequestResponseBodyMethodProcessor : Writing [[com.kavya.hrms.model.Employee@22f022be, com.kavya.hrms.model.Employee@6e0bf338, com.kavya.hrms.mode (truncated)...]
2026-05-28T14:38:17.162+05:30 DEBUG 5796 --- [nio-8080-exec-1] o.s.web.servlet.DispatcherServlet        : GET "/api/users", parameters={}
2026-05-28T14:38:17.163+05:30 DEBUG 5796 --- [io-8080-exec-10] o.s.web.servlet.DispatcherServlet        : Completed 200 OK
2026-05-28T14:38:17.166+05:30 DEBUG 5796 --- [nio-8080-exec-1] s.w.s.m.m.a.RequestMappingHandlerMapping : Mapped to com.kavya.hrms.controller.UserController#list()
2026-05-28T14:38:17.178+05:30 DEBUG 5796 --- [nio-8080-exec-3] o.s.web.servlet.DispatcherServlet        : GET "/api/employees", parameters={}
2026-05-28T14:38:17.179+05:30 DEBUG 5796 --- [nio-8080-exec-3] s.w.s.m.m.a.RequestMappingHandlerMapping : Mapped to com.kavya.hrms.controller.EmployeeController#list()
2026-05-28T14:38:17.187+05:30 DEBUG 5796 --- [nio-8080-exec-3] m.m.a.RequestResponseBodyMethodProcessor : Using 'application/json', given [*/*] and supported [application/json, application/*+json]
2026-05-28T14:38:17.187+05:30 DEBUG 5796 --- [nio-8080-exec-3] m.m.a.RequestResponseBodyMethodProcessor : Writing [[com.kavya.hrms.model.Employee@53c1c802, com.kavya.hrms.model.Employee@742f0733, com.kavya.hrms.mode (truncated)...]
2026-05-28T14:38:17.190+05:30 DEBUG 5796 --- [nio-8080-exec-3] o.s.web.servlet.DispatcherServlet        : Completed 200 OK
2026-05-28T14:38:17.197+05:30 DEBUG 5796 --- [nio-8080-exec-1] m.m.a.RequestResponseBodyMethodProcessor : Using 'application/json', given [*/*] and supported [application/json, application/*+json]
2026-05-28T14:38:17.198+05:30 DEBUG 5796 --- [nio-8080-exec-1] m.m.a.RequestResponseBodyMethodProcessor : Writing [[com.kavya.hrms.model.AppUser@1abe6231, com.kavya.hrms.model.AppUser@44ed4bb3, com.kavya.hrms.model. (truncated)...]
2026-05-28T14:38:17.199+05:30 DEBUG 5796 --- [nio-8080-exec-1] o.s.web.servlet.DispatcherServlet        : Completed 200 OK
2026-05-28T14:38:17.212+05:30 DEBUG 5796 --- [nio-8080-exec-9] o.s.web.servlet.DispatcherServlet        : GET "/api/employees", parameters={}
2026-05-28T14:38:17.213+05:30 DEBUG 5796 --- [nio-8080-exec-9] s.w.s.m.m.a.RequestMappingHandlerMapping : Mapped to com.kavya.hrms.controller.EmployeeController#list()
2026-05-28T14:38:17.219+05:30 DEBUG 5796 --- [nio-8080-exec-9] m.m.a.RequestResponseBodyMethodProcessor : Using 'application/json', given [*/*] and supported [application/json, application/*+json]
2026-05-28T14:38:17.220+05:30 DEBUG 5796 --- [nio-8080-exec-9] m.m.a.RequestResponseBodyMethodProcessor : Writing [[com.kavya.hrms.model.Employee@775f3457, com.kavya.hrms.model.Employee@4a4452e, com.kavya.hrms.model (truncated)...]
2026-05-28T14:38:17.222+05:30 DEBUG 5796 --- [nio-8080-exec-9] o.s.web.servlet.DispatcherServlet        : Completed 200 OK
2026-05-28T14:38:22.638+05:30 DEBUG 5796 --- [nio-8080-exec-2] o.s.web.servlet.DispatcherServlet        : GET "/api/employees", parameters={}
2026-05-28T14:38:22.638+05:30 DEBUG 5796 --- [nio-8080-exec-4] o.s.web.servlet.DispatcherServlet        : GET "/api/users", parameters={}
2026-05-28T14:38:22.659+05:30 DEBUG 5796 --- [nio-8080-exec-2] s.w.s.m.m.a.RequestMappingHandlerMapping : Mapped to com.kavya.hrms.controller.EmployeeController#list()
2026-05-28T14:38:22.659+05:30 DEBUG 5796 --- [nio-8080-exec-4] s.w.s.m.m.a.RequestMappingHandlerMapping : Mapped to com.kavya.hrms.controller.UserController#list()
2026-05-28T14:38:22.662+05:30 DEBUG 5796 --- [nio-8080-exec-4] m.m.a.RequestResponseBodyMethodProcessor : Using 'application/json', given [*/*] and supported [application/json, application/*+json]
2026-05-28T14:38:22.662+05:30 DEBUG 5796 --- [nio-8080-exec-2] m.m.a.RequestResponseBodyMethodProcessor : Using 'application/json', given [*/*] and supported [application/json, application/*+json]
2026-05-28T14:38:22.662+05:30 DEBUG 5796 --- [nio-8080-exec-4] m.m.a.RequestResponseBodyMethodProcessor : Writing [[com.kavya.hrms.model.AppUser@65bbc089, com.kavya.hrms.model.AppUser@2fa52417, com.kavya.hrms.model. (truncated)...]
2026-05-28T14:38:22.662+05:30 DEBUG 5796 --- [nio-8080-exec-2] m.m.a.RequestResponseBodyMethodProcessor : Writing [[com.kavya.hrms.model.Employee@858d591, com.kavya.hrms.model.Employee@475daac7, com.kavya.hrms.model (truncated)...]
2026-05-28T14:38:22.663+05:30 DEBUG 5796 --- [nio-8080-exec-4] o.s.web.servlet.DispatcherServlet        : Completed 200 OK
2026-05-28T14:38:22.663+05:30 DEBUG 5796 --- [nio-8080-exec-2] o.s.web.servlet.DispatcherServlet        : Completed 200 OK
2026-05-28T14:38:22.671+05:30 DEBUG 5796 --- [nio-8080-exec-8] o.s.web.servlet.DispatcherServlet        : GET "/api/employees", parameters={}
2026-05-28T14:38:22.671+05:30 DEBUG 5796 --- [nio-8080-exec-8] s.w.s.m.m.a.RequestMappingHandlerMapping : Mapped to com.kavya.hrms.controller.EmployeeController#list()
2026-05-28T14:38:22.674+05:30 DEBUG 5796 --- [nio-8080-exec-8] m.m.a.RequestResponseBodyMethodProcessor : Using 'application/json', given [*/*] and supported [application/json, application/*+json]
2026-05-28T14:38:22.674+05:30 DEBUG 5796 --- [nio-8080-exec-8] m.m.a.RequestResponseBodyMethodProcessor : Writing [[com.kavya.hrms.model.Employee@2cda876d, com.kavya.hrms.model.Employee@78502411, com.kavya.hrms.mode (truncated)...]
2026-05-28T14:38:22.675+05:30 DEBUG 5796 --- [nio-8080-exec-8] o.s.web.servlet.DispatcherServlet        : Completed 200 OK
2026-05-28T14:38:23.081+05:30 DEBUG 5796 --- [nio-8080-exec-7] o.s.web.servlet.DispatcherServlet        : GET "/api/projects", parameters={}
2026-05-28T14:38:23.082+05:30 DEBUG 5796 --- [nio-8080-exec-5] o.s.web.servlet.DispatcherServlet        : GET "/api/employees", parameters={}
2026-05-28T14:38:23.133+05:30 DEBUG 5796 --- [nio-8080-exec-7] s.w.s.m.m.a.RequestMappingHandlerMapping : Mapped to com.kavya.hrms.controller.ProjectController#list()
2026-05-28T14:38:23.137+05:30 DEBUG 5796 --- [nio-8080-exec-5] s.w.s.m.m.a.RequestMappingHandlerMapping : Mapped to com.kavya.hrms.controller.EmployeeController#list()
2026-05-28T14:38:23.139+05:30 DEBUG 5796 --- [nio-8080-exec-7] m.m.a.RequestResponseBodyMethodProcessor : Using 'application/json', given [*/*] and supported [application/json, application/*+json]
2026-05-28T14:38:23.139+05:30 DEBUG 5796 --- [nio-8080-exec-5] m.m.a.RequestResponseBodyMethodProcessor : Using 'application/json', given [*/*] and supported [application/json, application/*+json]
2026-05-28T14:38:23.140+05:30 DEBUG 5796 --- [nio-8080-exec-7] m.m.a.RequestResponseBodyMethodProcessor : Writing [[com.kavya.hrms.model.Project@46d84a7d, com.kavya.hrms.model.Project@40d6f7e3, com.kavya.hrms.model. (truncated)...]
2026-05-28T14:38:23.140+05:30 DEBUG 5796 --- [nio-8080-exec-5] m.m.a.RequestResponseBodyMethodProcessor : Writing [[com.kavya.hrms.model.Employee@c2e56e, com.kavya.hrms.model.Employee@7c8dd524, com.kavya.hrms.model. (truncated)...]
2026-05-28T14:38:23.141+05:30 DEBUG 5796 --- [nio-8080-exec-7] o.s.web.servlet.DispatcherServlet        : Completed 200 OK
2026-05-28T14:38:23.141+05:30 DEBUG 5796 --- [nio-8080-exec-5] o.s.web.servlet.DispatcherServlet        : Completed 200 OK
2026-05-28T14:38:32.643+05:30 DEBUG 5796 --- [nio-8080-exec-6] o.s.web.servlet.DispatcherServlet        : GET "/api/users", parameters={}
2026-05-28T14:38:32.644+05:30 DEBUG 5796 --- [io-8080-exec-10] o.s.web.servlet.DispatcherServlet        : GET "/api/employees", parameters={}
2026-05-28T14:38:32.645+05:30 DEBUG 5796 --- [nio-8080-exec-6] s.w.s.m.m.a.RequestMappingHandlerMapping : Mapped to com.kavya.hrms.controller.UserController#list()
2026-05-28T14:38:32.646+05:30 DEBUG 5796 --- [io-8080-exec-10] s.w.s.m.m.a.RequestMappingHandlerMapping : Mapped to com.kavya.hrms.controller.EmployeeController#list()
2026-05-28T14:38:32.656+05:30 DEBUG 5796 --- [nio-8080-exec-6] m.m.a.RequestResponseBodyMethodProcessor : Using 'application/json', given [*/*] and supported [application/json, application/*+json]
2026-05-28T14:38:32.656+05:30 DEBUG 5796 --- [io-8080-exec-10] m.m.a.RequestResponseBodyMethodProcessor : Using 'application/json', given [*/*] and supported [application/json, application/*+json]
2026-05-28T14:38:32.658+05:30 DEBUG 5796 --- [nio-8080-exec-6] m.m.a.RequestResponseBodyMethodProcessor : Writing [[com.kavya.hrms.model.AppUser@1bd60b2, com.kavya.hrms.model.AppUser@3c186c08, com.kavya.hrms.model.A (truncated)...]
2026-05-28T14:38:32.658+05:30 DEBUG 5796 --- [io-8080-exec-10] m.m.a.RequestResponseBodyMethodProcessor : Writing [[com.kavya.hrms.model.Employee@5fa9d3f2, com.kavya.hrms.model.Employee@1008f5ec, com.kavya.hrms.mode (truncated)...]
2026-05-28T14:38:32.660+05:30 DEBUG 5796 --- [nio-8080-exec-6] o.s.web.servlet.DispatcherServlet        : Completed 200 OK
2026-05-28T14:38:32.660+05:30 DEBUG 5796 --- [io-8080-exec-10] o.s.web.servlet.DispatcherServlet        : Completed 200 OK
2026-05-28T14:38:32.676+05:30 DEBUG 5796 --- [nio-8080-exec-3] o.s.web.servlet.DispatcherServlet        : GET "/api/employees", parameters={}
2026-05-28T14:38:32.678+05:30 DEBUG 5796 --- [nio-8080-exec-3] s.w.s.m.m.a.RequestMappingHandlerMapping : Mapped to com.kavya.hrms.controller.EmployeeController#list()
2026-05-28T14:38:32.683+05:30 DEBUG 5796 --- [nio-8080-exec-3] m.m.a.RequestResponseBodyMethodProcessor : Using 'application/json', given [*/*] and supported [application/json, application/*+json]
2026-05-28T14:38:32.684+05:30 DEBUG 5796 --- [nio-8080-exec-3] m.m.a.RequestResponseBodyMethodProcessor : Writing [[com.kavya.hrms.model.Employee@381b10c, com.kavya.hrms.model.Employee@c5226a4, com.kavya.hrms.model. (truncated)...]
2026-05-28T14:38:32.686+05:30 DEBUG 5796 --- [nio-8080-exec-3] o.s.web.servlet.DispatcherServlet        : Completed 200 OK
2026-05-28T14:38:38.060+05:30 DEBUG 5796 --- [nio-8080-exec-1] o.s.web.servlet.DispatcherServlet        : GET "/api/projects", parameters={}
2026-05-28T14:38:38.060+05:30 DEBUG 5796 --- [nio-8080-exec-9] o.s.web.servlet.DispatcherServlet        : GET "/api/employees", parameters={}
2026-05-28T14:38:38.072+05:30 DEBUG 5796 --- [nio-8080-exec-1] s.w.s.m.m.a.RequestMappingHandlerMapping : Mapped to com.kavya.hrms.controller.ProjectController#list()
2026-05-28T14:38:38.072+05:30 DEBUG 5796 --- [nio-8080-exec-9] s.w.s.m.m.a.RequestMappingHandlerMapping : Mapped to com.kavya.hrms.controller.EmployeeController#list()
2026-05-28T14:38:38.076+05:30 DEBUG 5796 --- [nio-8080-exec-1] m.m.a.RequestResponseBodyMethodProcessor : Using 'application/json', given [*/*] and supported [application/json, application/*+json]
2026-05-28T14:38:38.076+05:30 DEBUG 5796 --- [nio-8080-exec-1] m.m.a.RequestResponseBodyMethodProcessor : Writing [[com.kavya.hrms.model.Project@9b7030e, com.kavya.hrms.model.Project@4ec99e48, com.kavya.hrms.model.P (truncated)...]
2026-05-28T14:38:38.077+05:30 DEBUG 5796 --- [nio-8080-exec-9] m.m.a.RequestResponseBodyMethodProcessor : Using 'application/json', given [*/*] and supported [application/json, application/*+json]
2026-05-28T14:38:38.077+05:30 DEBUG 5796 --- [nio-8080-exec-9] m.m.a.RequestResponseBodyMethodProcessor : Writing [[com.kavya.hrms.model.Employee@e9b0272, com.kavya.hrms.model.Employee@2219a1cd, com.kavya.hrms.model (truncated)...]
2026-05-28T14:38:38.077+05:30 DEBUG 5796 --- [nio-8080-exec-1] o.s.web.servlet.DispatcherServlet        : Completed 200 OK
2026-05-28T14:38:38.078+05:30 DEBUG 5796 --- [nio-8080-exec-9] o.s.web.servlet.DispatcherServlet        : Completed 200 OK
2026-05-28T14:38:42.631+05:30 DEBUG 5796 --- [nio-8080-exec-4] o.s.web.servlet.DispatcherServlet        : GET "/api/users", parameters={}
2026-05-28T14:38:42.631+05:30 DEBUG 5796 --- [nio-8080-exec-2] o.s.web.servlet.DispatcherServlet        : GET "/api/employees", parameters={}
2026-05-28T14:38:42.633+05:30 DEBUG 5796 --- [nio-8080-exec-4] s.w.s.m.m.a.RequestMappingHandlerMapping : Mapped to com.kavya.hrms.controller.UserController#list()
2026-05-28T14:38:42.634+05:30 DEBUG 5796 --- [nio-8080-exec-2] s.w.s.m.m.a.RequestMappingHandlerMapping : Mapped to com.kavya.hrms.controller.EmployeeController#list()
2026-05-28T14:38:42.643+05:30 DEBUG 5796 --- [nio-8080-exec-4] m.m.a.RequestResponseBodyMethodProcessor : Using 'application/json', given [*/*] and supported [application/json, application/*+json]
2026-05-28T14:38:42.645+05:30 DEBUG 5796 --- [nio-8080-exec-4] m.m.a.RequestResponseBodyMethodProcessor : Writing [[com.kavya.hrms.model.AppUser@43a5ab1a, com.kavya.hrms.model.AppUser@60534ba9, com.kavya.hrms.model. (truncated)...]
2026-05-28T14:38:42.645+05:30 DEBUG 5796 --- [nio-8080-exec-2] m.m.a.RequestResponseBodyMethodProcessor : Using 'application/json', given [*/*] and supported [application/json, application/*+json]
2026-05-28T14:38:42.647+05:30 DEBUG 5796 --- [nio-8080-exec-2] m.m.a.RequestResponseBodyMethodProcessor : Writing [[com.kavya.hrms.model.Employee@4cfeb681, com.kavya.hrms.model.Employee@4c471599, com.kavya.hrms.mode (truncated)...]
2026-05-28T14:38:42.648+05:30 DEBUG 5796 --- [nio-8080-exec-4] o.s.web.servlet.DispatcherServlet        : Completed 200 OK
2026-05-28T14:38:42.650+05:30 DEBUG 5796 --- [nio-8080-exec-2] o.s.web.servlet.DispatcherServlet        : Completed 200 OK
2026-05-28T14:38:42.664+05:30 DEBUG 5796 --- [nio-8080-exec-8] o.s.web.servlet.DispatcherServlet        : GET "/api/employees", parameters={}
2026-05-28T14:38:42.665+05:30 DEBUG 5796 --- [nio-8080-exec-8] s.w.s.m.m.a.RequestMappingHandlerMapping : Mapped to com.kavya.hrms.controller.EmployeeController#list()
2026-05-28T14:38:42.670+05:30 DEBUG 5796 --- [nio-8080-exec-8] m.m.a.RequestResponseBodyMethodProcessor : Using 'application/json', given [*/*] and supported [application/json, application/*+json]
2026-05-28T14:38:42.670+05:30 DEBUG 5796 --- [nio-8080-exec-8] m.m.a.RequestResponseBodyMethodProcessor : Writing [[com.kavya.hrms.model.Employee@7f9a4264, com.kavya.hrms.model.Employee@12f37f26, com.kavya.hrms.mode (truncated)...]
2026-05-28T14:38:42.672+05:30 DEBUG 5796 --- [nio-8080-exec-8] o.s.web.servlet.DispatcherServlet        : Completed 200 OK
2026-05-28T14:38:52.646+05:30 DEBUG 5796 --- [io-8080-exec-10] o.s.web.servlet.DispatcherServlet        : GET "/api/users", parameters={}
2026-05-28T14:38:52.646+05:30 DEBUG 5796 --- [nio-8080-exec-3] o.s.web.servlet.DispatcherServlet        : GET "/api/employees", parameters={}
2026-05-28T14:38:52.647+05:30 DEBUG 5796 --- [io-8080-exec-10] s.w.s.m.m.a.RequestMappingHandlerMapping : Mapped to com.kavya.hrms.controller.UserController#list()
2026-05-28T14:38:52.648+05:30 DEBUG 5796 --- [nio-8080-exec-3] s.w.s.m.m.a.RequestMappingHandlerMapping : Mapped to com.kavya.hrms.controller.EmployeeController#list()
2026-05-28T14:38:52.658+05:30 DEBUG 5796 --- [io-8080-exec-10] m.m.a.RequestResponseBodyMethodProcessor : Using 'application/json', given [*/*] and supported [application/json, application/*+json]
2026-05-28T14:38:52.658+05:30 DEBUG 5796 --- [nio-8080-exec-3] m.m.a.RequestResponseBodyMethodProcessor : Using 'application/json', given [*/*] and supported [application/json, application/*+json]
2026-05-28T14:38:52.660+05:30 DEBUG 5796 --- [io-8080-exec-10] m.m.a.RequestResponseBodyMethodProcessor : Writing [[com.kavya.hrms.model.AppUser@6ce6df28, com.kavya.hrms.model.AppUser@3bf0bf00, com.kavya.hrms.model. (truncated)...]
2026-05-28T14:38:52.660+05:30 DEBUG 5796 --- [nio-8080-exec-3] m.m.a.RequestResponseBodyMethodProcessor : Writing [[com.kavya.hrms.model.Employee@1a88955, com.kavya.hrms.model.Employee@71c102f2, com.kavya.hrms.model (truncated)...]
2026-05-28T14:38:52.663+05:30 DEBUG 5796 --- [io-8080-exec-10] o.s.web.servlet.DispatcherServlet        : Completed 200 OK
2026-05-28T14:38:52.664+05:30 DEBUG 5796 --- [nio-8080-exec-3] o.s.web.servlet.DispatcherServlet        : Completed 200 OK
2026-05-28T14:38:52.679+05:30 DEBUG 5796 --- [nio-8080-exec-1] o.s.web.servlet.DispatcherServlet        : GET "/api/employees", parameters={}
2026-05-28T14:38:52.682+05:30 DEBUG 5796 --- [nio-8080-exec-1] s.w.s.m.m.a.RequestMappingHandlerMapping : Mapped to com.kavya.hrms.controller.EmployeeController#list()
2026-05-28T14:38:52.686+05:30 DEBUG 5796 --- [nio-8080-exec-1] m.m.a.RequestResponseBodyMethodProcessor : Using 'application/json', given [*/*] and supported [application/json, application/*+json]
2026-05-28T14:38:52.688+05:30 DEBUG 5796 --- [nio-8080-exec-1] m.m.a.RequestResponseBodyMethodProcessor : Writing [[com.kavya.hrms.model.Employee@5b03b070, com.kavya.hrms.model.Employee@593a4e86, com.kavya.hrms.mode (truncated)...]
2026-05-28T14:38:52.689+05:30 DEBUG 5796 --- [nio-8080-exec-1] o.s.web.servlet.DispatcherServlet        : Completed 200 OK
2026-05-28T14:38:53.072+05:30 DEBUG 5796 --- [nio-8080-exec-9] o.s.web.servlet.DispatcherServlet        : GET "/api/projects", parameters={}
2026-05-28T14:38:53.072+05:30 DEBUG 5796 --- [nio-8080-exec-4] o.s.web.servlet.DispatcherServlet        : GET "/api/employees", parameters={}
2026-05-28T14:38:53.073+05:30 DEBUG 5796 --- [nio-8080-exec-9] s.w.s.m.m.a.RequestMappingHandlerMapping : Mapped to com.kavya.hrms.controller.ProjectController#list()
2026-05-28T14:38:53.074+05:30 DEBUG 5796 --- [nio-8080-exec-4] s.w.s.m.m.a.RequestMappingHandlerMapping : Mapped to com.kavya.hrms.controller.EmployeeController#list()
2026-05-28T14:38:53.088+05:30 DEBUG 5796 --- [nio-8080-exec-4] m.m.a.RequestResponseBodyMethodProcessor : Using 'application/json', given [*/*] and supported [application/json, application/*+json]
2026-05-28T14:38:53.088+05:30 DEBUG 5796 --- [nio-8080-exec-9] m.m.a.RequestResponseBodyMethodProcessor : Using 'application/json', given [*/*] and supported [application/json, application/*+json]
2026-05-28T14:38:53.089+05:30 DEBUG 5796 --- [nio-8080-exec-9] m.m.a.RequestResponseBodyMethodProcessor : Writing [[com.kavya.hrms.model.Project@398a9de8, com.kavya.hrms.model.Project@8e62160, com.kavya.hrms.model.P (truncated)...]
2026-05-28T14:38:53.091+05:30 DEBUG 5796 --- [nio-8080-exec-9] o.s.web.servlet.DispatcherServlet        : Completed 200 OK
2026-05-28T14:38:53.091+05:30 DEBUG 5796 --- [nio-8080-exec-4] m.m.a.RequestResponseBodyMethodProcessor : Writing [[com.kavya.hrms.model.Employee@1f6bd80e, com.kavya.hrms.model.Employee@7898486f, com.kavya.hrms.mode (truncated)...]
2026-05-28T14:38:53.094+05:30 DEBUG 5796 --- [nio-8080-exec-4] o.s.web.servlet.DispatcherServlet        : Completed 200 OK
2026-05-28T14:39:01.619+05:30 DEBUG 5796 --- [nio-8080-exec-2] o.s.web.servlet.DispatcherServlet        : GET "/api/projects", parameters={}
2026-05-28T14:39:01.620+05:30 DEBUG 5796 --- [nio-8080-exec-2] s.w.s.m.m.a.RequestMappingHandlerMapping : Mapped to com.kavya.hrms.controller.ProjectController#list()
2026-05-28T14:39:01.623+05:30 DEBUG 5796 --- [nio-8080-exec-2] m.m.a.RequestResponseBodyMethodProcessor : Using 'application/json', given [*/*] and supported [application/json, application/*+json]
2026-05-28T14:39:01.624+05:30 DEBUG 5796 --- [nio-8080-exec-2] m.m.a.RequestResponseBodyMethodProcessor : Writing [[com.kavya.hrms.model.Project@1ef5e7c4, com.kavya.hrms.model.Project@1542dac9, com.kavya.hrms.model. (truncated)...]
2026-05-28T14:39:01.626+05:30 DEBUG 5796 --- [nio-8080-exec-2] o.s.web.servlet.DispatcherServlet        : Completed 200 OK
2026-05-28T14:39:01.648+05:30 DEBUG 5796 --- [nio-8080-exec-8] o.s.web.servlet.DispatcherServlet        : GET "/api/employees", parameters={}
2026-05-28T14:39:01.651+05:30 DEBUG 5796 --- [nio-8080-exec-8] s.w.s.m.m.a.RequestMappingHandlerMapping : Mapped to com.kavya.hrms.controller.EmployeeController#list()
2026-05-28T14:39:01.656+05:30 DEBUG 5796 --- [nio-8080-exec-8] m.m.a.RequestResponseBodyMethodProcessor : Using 'application/json', given [*/*] and supported [application/json, application/*+json]
2026-05-28T14:39:01.656+05:30 DEBUG 5796 --- [nio-8080-exec-8] m.m.a.RequestResponseBodyMethodProcessor : Writing [[com.kavya.hrms.model.Employee@677a5eff, com.kavya.hrms.model.Employee@3755e706, com.kavya.hrms.mode (truncated)...]
2026-05-28T14:39:01.658+05:30 DEBUG 5796 --- [nio-8080-exec-8] o.s.web.servlet.DispatcherServlet        : Completed 200 OK
2026-05-28T14:39:02.628+05:30 DEBUG 5796 --- [nio-8080-exec-5] o.s.web.servlet.DispatcherServlet        : GET "/api/users", parameters={}
2026-05-28T14:39:02.628+05:30 DEBUG 5796 --- [nio-8080-exec-7] o.s.web.servlet.DispatcherServlet        : GET "/api/employees", parameters={}
2026-05-28T14:39:02.629+05:30 DEBUG 5796 --- [nio-8080-exec-5] s.w.s.m.m.a.RequestMappingHandlerMapping : Mapped to com.kavya.hrms.controller.UserController#list()
2026-05-28T14:39:02.629+05:30 DEBUG 5796 --- [nio-8080-exec-7] s.w.s.m.m.a.RequestMappingHandlerMapping : Mapped to com.kavya.hrms.controller.EmployeeController#list()
2026-05-28T14:39:02.631+05:30 DEBUG 5796 --- [nio-8080-exec-5] m.m.a.RequestResponseBodyMethodProcessor : Using 'application/json', given [*/*] and supported [application/json, application/*+json]
2026-05-28T14:39:02.631+05:30 DEBUG 5796 --- [nio-8080-exec-7] m.m.a.RequestResponseBodyMethodProcessor : Using 'application/json', given [*/*] and supported [application/json, application/*+json]
2026-05-28T14:39:02.632+05:30 DEBUG 5796 --- [nio-8080-exec-5] m.m.a.RequestResponseBodyMethodProcessor : Writing [[com.kavya.hrms.model.AppUser@2749905a, com.kavya.hrms.model.AppUser@77f963ee, com.kavya.hrms.model. (truncated)...]
2026-05-28T14:39:02.632+05:30 DEBUG 5796 --- [nio-8080-exec-7] m.m.a.RequestResponseBodyMethodProcessor : Writing [[com.kavya.hrms.model.Employee@1fb03dc8, com.kavya.hrms.model.Employee@7b86c550, com.kavya.hrms.mode (truncated)...]
2026-05-28T14:39:02.633+05:30 DEBUG 5796 --- [nio-8080-exec-5] o.s.web.servlet.DispatcherServlet        : Completed 200 OK
2026-05-28T14:39:02.633+05:30 DEBUG 5796 --- [nio-8080-exec-7] o.s.web.servlet.DispatcherServlet        : Completed 200 OK
2026-05-28T14:39:02.639+05:30 DEBUG 5796 --- [nio-8080-exec-6] o.s.web.servlet.DispatcherServlet        : GET "/api/employees", parameters={}
2026-05-28T14:39:02.640+05:30 DEBUG 5796 --- [nio-8080-exec-6] s.w.s.m.m.a.RequestMappingHandlerMapping : Mapped to com.kavya.hrms.controller.EmployeeController#list()
2026-05-28T14:39:02.643+05:30 DEBUG 5796 --- [nio-8080-exec-6] m.m.a.RequestResponseBodyMethodProcessor : Using 'application/json', given [*/*] and supported [application/json, application/*+json]
2026-05-28T14:39:02.643+05:30 DEBUG 5796 --- [nio-8080-exec-6] m.m.a.RequestResponseBodyMethodProcessor : Writing [[com.kavya.hrms.model.Employee@18f2945c, com.kavya.hrms.model.Employee@7a5cff4, com.kavya.hrms.model (truncated)...]
2026-05-28T14:39:02.644+05:30 DEBUG 5796 --- [nio-8080-exec-6] o.s.web.servlet.DispatcherServlet        : Completed 200 OK
2026-05-28T14:39:08.060+05:30 DEBUG 5796 --- [io-8080-exec-10] o.s.web.servlet.DispatcherServlet        : GET "/api/projects", parameters={}
2026-05-28T14:39:08.060+05:30 DEBUG 5796 --- [nio-8080-exec-3] o.s.web.servlet.DispatcherServlet        : GET "/api/employees", parameters={}
2026-05-28T14:39:08.061+05:30 DEBUG 5796 --- [io-8080-exec-10] s.w.s.m.m.a.RequestMappingHandlerMapping : Mapped to com.kavya.hrms.controller.ProjectController#list()
2026-05-28T14:39:08.061+05:30 DEBUG 5796 --- [nio-8080-exec-3] s.w.s.m.m.a.RequestMappingHandlerMapping : Mapped to com.kavya.hrms.controller.EmployeeController#list()
2026-05-28T14:39:08.064+05:30 DEBUG 5796 --- [io-8080-exec-10] m.m.a.RequestResponseBodyMethodProcessor : Using 'application/json', given [*/*] and supported [application/json, application/*+json]
2026-05-28T14:39:08.064+05:30 DEBUG 5796 --- [nio-8080-exec-3] m.m.a.RequestResponseBodyMethodProcessor : Using 'application/json', given [*/*] and supported [application/json, application/*+json]
2026-05-28T14:39:08.064+05:30 DEBUG 5796 --- [io-8080-exec-10] m.m.a.RequestResponseBodyMethodProcessor : Writing [[com.kavya.hrms.model.Project@1265d1e4, com.kavya.hrms.model.Project@ffdd2e2, com.kavya.hrms.model.P (truncated)...]
2026-05-28T14:39:08.065+05:30 DEBUG 5796 --- [nio-8080-exec-3] m.m.a.RequestResponseBodyMethodProcessor : Writing [[com.kavya.hrms.model.Employee@24f76cd4, com.kavya.hrms.model.Employee@7d2b65e4, com.kavya.hrms.mode (truncated)...]
2026-05-28T14:39:08.066+05:30 DEBUG 5796 --- [io-8080-exec-10] o.s.web.servlet.DispatcherServlet        : Completed 200 OK
2026-05-28T14:39:08.066+05:30 DEBUG 5796 --- [nio-8080-exec-3] o.s.web.servlet.DispatcherServlet        : Completed 200 OK
2026-05-28T14:39:12.632+05:30 DEBUG 5796 --- [nio-8080-exec-1] o.s.web.servlet.DispatcherServlet        : GET "/api/users", parameters={}
2026-05-28T14:39:12.633+05:30 DEBUG 5796 --- [nio-8080-exec-9] o.s.web.servlet.DispatcherServlet        : GET "/api/employees", parameters={}
2026-05-28T14:39:12.634+05:30 DEBUG 5796 --- [nio-8080-exec-1] s.w.s.m.m.a.RequestMappingHandlerMapping : Mapped to com.kavya.hrms.controller.UserController#list()
2026-05-28T14:39:12.634+05:30 DEBUG 5796 --- [nio-8080-exec-9] s.w.s.m.m.a.RequestMappingHandlerMapping : Mapped to com.kavya.hrms.controller.EmployeeController#list()
2026-05-28T14:39:12.643+05:30 DEBUG 5796 --- [nio-8080-exec-1] m.m.a.RequestResponseBodyMethodProcessor : Using 'application/json', given [*/*] and supported [application/json, application/*+json]
2026-05-28T14:39:12.644+05:30 DEBUG 5796 --- [nio-8080-exec-9] m.m.a.RequestResponseBodyMethodProcessor : Using 'application/json', given [*/*] and supported [application/json, application/*+json]
2026-05-28T14:39:12.645+05:30 DEBUG 5796 --- [nio-8080-exec-1] m.m.a.RequestResponseBodyMethodProcessor : Writing [[com.kavya.hrms.model.AppUser@9624506, com.kavya.hrms.model.AppUser@87be74d, com.kavya.hrms.model.Ap (truncated)...]
2026-05-28T14:39:12.646+05:30 DEBUG 5796 --- [nio-8080-exec-9] m.m.a.RequestResponseBodyMethodProcessor : Writing [[com.kavya.hrms.model.Employee@45c313df, com.kavya.hrms.model.Employee@7c97c726, com.kavya.hrms.mode (truncated)...]
2026-05-28T14:39:12.648+05:30 DEBUG 5796 --- [nio-8080-exec-1] o.s.web.servlet.DispatcherServlet        : Completed 200 OK
2026-05-28T14:39:12.649+05:30 DEBUG 5796 --- [nio-8080-exec-9] o.s.web.servlet.DispatcherServlet        : Completed 200 OK
2026-05-28T14:39:12.659+05:30 DEBUG 5796 --- [nio-8080-exec-4] o.s.web.servlet.DispatcherServlet        : GET "/api/employees", parameters={}
2026-05-28T14:39:12.660+05:30 DEBUG 5796 --- [nio-8080-exec-4] s.w.s.m.m.a.RequestMappingHandlerMapping : Mapped to com.kavya.hrms.controller.EmployeeController#list()
2026-05-28T14:39:12.664+05:30 DEBUG 5796 --- [nio-8080-exec-4] m.m.a.RequestResponseBodyMethodProcessor : Using 'application/json', given [*/*] and supported [application/json, application/*+json]
2026-05-28T14:39:12.665+05:30 DEBUG 5796 --- [nio-8080-exec-4] m.m.a.RequestResponseBodyMethodProcessor : Writing [[com.kavya.hrms.model.Employee@77910e88, com.kavya.hrms.model.Employee@351a6d3a, com.kavya.hrms.mode (truncated)...]
2026-05-28T14:39:12.667+05:30 DEBUG 5796 --- [nio-8080-exec-4] o.s.web.servlet.DispatcherServlet        : Completed 200 OK
2026-05-28T14:39:22.636+05:30 DEBUG 5796 --- [nio-8080-exec-2] o.s.web.servlet.DispatcherServlet        : GET "/api/users", parameters={}
2026-05-28T14:39:22.637+05:30 DEBUG 5796 --- [nio-8080-exec-8] o.s.web.servlet.DispatcherServlet        : GET "/api/employees", parameters={}
2026-05-28T14:39:22.640+05:30 DEBUG 5796 --- [nio-8080-exec-2] s.w.s.m.m.a.RequestMappingHandlerMapping : Mapped to com.kavya.hrms.controller.UserController#list()
2026-05-28T14:39:22.641+05:30 DEBUG 5796 --- [nio-8080-exec-8] s.w.s.m.m.a.RequestMappingHandlerMapping : Mapped to com.kavya.hrms.controller.EmployeeController#list()
2026-05-28T14:39:22.649+05:30 DEBUG 5796 --- [nio-8080-exec-2] m.m.a.RequestResponseBodyMethodProcessor : Using 'application/json', given [*/*] and supported [application/json, application/*+json]
2026-05-28T14:39:22.650+05:30 DEBUG 5796 --- [nio-8080-exec-8] m.m.a.RequestResponseBodyMethodProcessor : Using 'application/json', given [*/*] and supported [application/json, application/*+json]
2026-05-28T14:39:22.651+05:30 DEBUG 5796 --- [nio-8080-exec-2] m.m.a.RequestResponseBodyMethodProcessor : Writing [[com.kavya.hrms.model.AppUser@328c2cd4, com.kavya.hrms.model.AppUser@311b2cde, com.kavya.hrms.model. (truncated)...]
2026-05-28T14:39:22.652+05:30 DEBUG 5796 --- [nio-8080-exec-8] m.m.a.RequestResponseBodyMethodProcessor : Writing [[com.kavya.hrms.model.Employee@353a4215, com.kavya.hrms.model.Employee@193a6286, com.kavya.hrms.mode (truncated)...]
2026-05-28T14:39:22.654+05:30 DEBUG 5796 --- [nio-8080-exec-2] o.s.web.servlet.DispatcherServlet        : Completed 200 OK
2026-05-28T14:39:22.656+05:30 DEBUG 5796 --- [nio-8080-exec-8] o.s.web.servlet.DispatcherServlet        : Completed 200 OK
2026-05-28T14:39:22.672+05:30 DEBUG 5796 --- [nio-8080-exec-5] o.s.web.servlet.DispatcherServlet        : GET "/api/employees", parameters={}
2026-05-28T14:39:22.673+05:30 DEBUG 5796 --- [nio-8080-exec-5] s.w.s.m.m.a.RequestMappingHandlerMapping : Mapped to com.kavya.hrms.controller.EmployeeController#list()
2026-05-28T14:39:22.679+05:30 DEBUG 5796 --- [nio-8080-exec-5] m.m.a.RequestResponseBodyMethodProcessor : Using 'application/json', given [*/*] and supported [application/json, application/*+json]
2026-05-28T14:39:22.679+05:30 DEBUG 5796 --- [nio-8080-exec-5] m.m.a.RequestResponseBodyMethodProcessor : Writing [[com.kavya.hrms.model.Employee@1d93535d, com.kavya.hrms.model.Employee@35cecc3f, com.kavya.hrms.mode (truncated)...]
2026-05-28T14:39:22.681+05:30 DEBUG 5796 --- [nio-8080-exec-5] o.s.web.servlet.DispatcherServlet        : Completed 200 OK
2026-05-28T14:39:23.076+05:30 DEBUG 5796 --- [nio-8080-exec-7] o.s.web.servlet.DispatcherServlet        : GET "/api/projects", parameters={}
2026-05-28T14:39:23.076+05:30 DEBUG 5796 --- [nio-8080-exec-6] o.s.web.servlet.DispatcherServlet        : GET "/api/employees", parameters={}
2026-05-28T14:39:23.077+05:30 DEBUG 5796 --- [nio-8080-exec-7] s.w.s.m.m.a.RequestMappingHandlerMapping : Mapped to com.kavya.hrms.controller.ProjectController#list()
2026-05-28T14:39:23.078+05:30 DEBUG 5796 --- [nio-8080-exec-6] s.w.s.m.m.a.RequestMappingHandlerMapping : Mapped to com.kavya.hrms.controller.EmployeeController#list()
2026-05-28T14:39:23.085+05:30 DEBUG 5796 --- [nio-8080-exec-7] m.m.a.RequestResponseBodyMethodProcessor : Using 'application/json', given [*/*] and supported [application/json, application/*+json]
2026-05-28T14:39:23.086+05:30 DEBUG 5796 --- [nio-8080-exec-7] m.m.a.RequestResponseBodyMethodProcessor : Writing [[com.kavya.hrms.model.Project@65ea615a, com.kavya.hrms.model.Project@4c891c4e, com.kavya.hrms.model. (truncated)...]
2026-05-28T14:39:23.086+05:30 DEBUG 5796 --- [nio-8080-exec-6] m.m.a.RequestResponseBodyMethodProcessor : Using 'application/json', given [*/*] and supported [application/json, application/*+json]
2026-05-28T14:39:23.087+05:30 DEBUG 5796 --- [nio-8080-exec-6] m.m.a.RequestResponseBodyMethodProcessor : Writing [[com.kavya.hrms.model.Employee@3301c6b8, com.kavya.hrms.model.Employee@23e09561, com.kavya.hrms.mode (truncated)...]
2026-05-28T14:39:23.088+05:30 DEBUG 5796 --- [nio-8080-exec-7] o.s.web.servlet.DispatcherServlet        : Completed 200 OK
2026-05-28T14:39:23.089+05:30 DEBUG 5796 --- [nio-8080-exec-6] o.s.web.servlet.DispatcherServlet        : Completed 200 OK
2026-05-28T14:39:32.628+05:30 DEBUG 5796 --- [io-8080-exec-10] o.s.web.servlet.DispatcherServlet        : GET "/api/users", parameters={}
2026-05-28T14:39:32.628+05:30 DEBUG 5796 --- [nio-8080-exec-3] o.s.web.servlet.DispatcherServlet        : GET "/api/employees", parameters={}
2026-05-28T14:39:32.629+05:30 DEBUG 5796 --- [io-8080-exec-10] s.w.s.m.m.a.RequestMappingHandlerMapping : Mapped to com.kavya.hrms.controller.UserController#list()
2026-05-28T14:39:32.630+05:30 DEBUG 5796 --- [nio-8080-exec-3] s.w.s.m.m.a.RequestMappingHandlerMapping : Mapped to com.kavya.hrms.controller.EmployeeController#list()
2026-05-28T14:39:32.632+05:30 DEBUG 5796 --- [io-8080-exec-10] m.m.a.RequestResponseBodyMethodProcessor : Using 'application/json', given [*/*] and supported [application/json, application/*+json]
2026-05-28T14:39:32.633+05:30 DEBUG 5796 --- [nio-8080-exec-3] m.m.a.RequestResponseBodyMethodProcessor : Using 'application/json', given [*/*] and supported [application/json, application/*+json]
2026-05-28T14:39:32.633+05:30 DEBUG 5796 --- [io-8080-exec-10] m.m.a.RequestResponseBodyMethodProcessor : Writing [[com.kavya.hrms.model.AppUser@721b18ae, com.kavya.hrms.model.AppUser@1390aecd, com.kavya.hrms.model. (truncated)...]
2026-05-28T14:39:32.633+05:30 DEBUG 5796 --- [nio-8080-exec-3] m.m.a.RequestResponseBodyMethodProcessor : Writing [[com.kavya.hrms.model.Employee@6dc2bc8e, com.kavya.hrms.model.Employee@5994fddf, com.kavya.hrms.mode (truncated)...]
2026-05-28T14:39:32.634+05:30 DEBUG 5796 --- [io-8080-exec-10] o.s.web.servlet.DispatcherServlet        : Completed 200 OK
2026-05-28T14:39:32.634+05:30 DEBUG 5796 --- [nio-8080-exec-3] o.s.web.servlet.DispatcherServlet        : Completed 200 OK
2026-05-28T14:39:32.642+05:30 DEBUG 5796 --- [nio-8080-exec-1] o.s.web.servlet.DispatcherServlet        : GET "/api/employees", parameters={}
2026-05-28T14:39:32.643+05:30 DEBUG 5796 --- [nio-8080-exec-1] s.w.s.m.m.a.RequestMappingHandlerMapping : Mapped to com.kavya.hrms.controller.EmployeeController#list()
2026-05-28T14:39:32.645+05:30 DEBUG 5796 --- [nio-8080-exec-1] m.m.a.RequestResponseBodyMethodProcessor : Using 'application/json', given [*/*] and supported [application/json, application/*+json]
2026-05-28T14:39:32.645+05:30 DEBUG 5796 --- [nio-8080-exec-1] m.m.a.RequestResponseBodyMethodProcessor : Writing [[com.kavya.hrms.model.Employee@66e8e9d8, com.kavya.hrms.model.Employee@5f7e0689, com.kavya.hrms.mode (truncated)...]
2026-05-28T14:39:32.646+05:30 DEBUG 5796 --- [nio-8080-exec-1] o.s.web.servlet.DispatcherServlet        : Completed 200 OK
2026-05-28T14:39:38.066+05:30 DEBUG 5796 --- [nio-8080-exec-9] o.s.web.servlet.DispatcherServlet        : GET "/api/projects", parameters={}
2026-05-28T14:39:38.066+05:30 DEBUG 5796 --- [nio-8080-exec-4] o.s.web.servlet.DispatcherServlet        : GET "/api/employees", parameters={}
2026-05-28T14:39:38.067+05:30 DEBUG 5796 --- [nio-8080-exec-9] s.w.s.m.m.a.RequestMappingHandlerMapping : Mapped to com.kavya.hrms.controller.ProjectController#list()
2026-05-28T14:39:38.068+05:30 DEBUG 5796 --- [nio-8080-exec-4] s.w.s.m.m.a.RequestMappingHandlerMapping : Mapped to com.kavya.hrms.controller.EmployeeController#list()
2026-05-28T14:39:38.075+05:30 DEBUG 5796 --- [nio-8080-exec-9] m.m.a.RequestResponseBodyMethodProcessor : Using 'application/json', given [*/*] and supported [application/json, application/*+json]
2026-05-28T14:39:38.076+05:30 DEBUG 5796 --- [nio-8080-exec-9] m.m.a.RequestResponseBodyMethodProcessor : Writing [[com.kavya.hrms.model.Project@f87be04, com.kavya.hrms.model.Project@5508c2d2, com.kavya.hrms.model.P (truncated)...]
2026-05-28T14:39:38.077+05:30 DEBUG 5796 --- [nio-8080-exec-4] m.m.a.RequestResponseBodyMethodProcessor : Using 'application/json', given [*/*] and supported [application/json, application/*+json]
2026-05-28T14:39:38.078+05:30 DEBUG 5796 --- [nio-8080-exec-4] m.m.a.RequestResponseBodyMethodProcessor : Writing [[com.kavya.hrms.model.Employee@7795a4d6, com.kavya.hrms.model.Employee@24028ce, com.kavya.hrms.model (truncated)...]
2026-05-28T14:39:38.079+05:30 DEBUG 5796 --- [nio-8080-exec-9] o.s.web.servlet.DispatcherServlet        : Completed 200 OK
2026-05-28T14:39:38.082+05:30 DEBUG 5796 --- [nio-8080-exec-4] o.s.web.servlet.DispatcherServlet        : Completed 200 OK
2026-05-28T14:39:42.640+05:30 DEBUG 5796 --- [nio-8080-exec-2] o.s.web.servlet.DispatcherServlet        : GET "/api/users", parameters={}
2026-05-28T14:39:42.640+05:30 DEBUG 5796 --- [nio-8080-exec-8] o.s.web.servlet.DispatcherServlet        : GET "/api/employees", parameters={}
2026-05-28T14:39:42.644+05:30 DEBUG 5796 --- [nio-8080-exec-2] s.w.s.m.m.a.RequestMappingHandlerMapping : Mapped to com.kavya.hrms.controller.UserController#list()
2026-05-28T14:39:42.645+05:30 DEBUG 5796 --- [nio-8080-exec-8] s.w.s.m.m.a.RequestMappingHandlerMapping : Mapped to com.kavya.hrms.controller.EmployeeController#list()
2026-05-28T14:39:42.654+05:30 DEBUG 5796 --- [nio-8080-exec-2] m.m.a.RequestResponseBodyMethodProcessor : Using 'application/json', given [*/*] and supported [application/json, application/*+json]
2026-05-28T14:39:42.655+05:30 DEBUG 5796 --- [nio-8080-exec-2] m.m.a.RequestResponseBodyMethodProcessor : Writing [[com.kavya.hrms.model.AppUser@414ca41d, com.kavya.hrms.model.AppUser@27abe3bb, com.kavya.hrms.model. (truncated)...]
2026-05-28T14:39:42.657+05:30 DEBUG 5796 --- [nio-8080-exec-8] m.m.a.RequestResponseBodyMethodProcessor : Using 'application/json', given [*/*] and supported [application/json, application/*+json]
2026-05-28T14:39:42.658+05:30 DEBUG 5796 --- [nio-8080-exec-2] o.s.web.servlet.DispatcherServlet        : Completed 200 OK
2026-05-28T14:39:42.660+05:30 DEBUG 5796 --- [nio-8080-exec-8] m.m.a.RequestResponseBodyMethodProcessor : Writing [[com.kavya.hrms.model.Employee@250b0cab, com.kavya.hrms.model.Employee@60c07b4b, com.kavya.hrms.mode (truncated)...]
2026-05-28T14:39:42.666+05:30 DEBUG 5796 --- [nio-8080-exec-8] o.s.web.servlet.DispatcherServlet        : Completed 200 OK
2026-05-28T14:39:42.686+05:30 DEBUG 5796 --- [nio-8080-exec-5] o.s.web.servlet.DispatcherServlet        : GET "/api/employees", parameters={}
2026-05-28T14:39:42.686+05:30 DEBUG 5796 --- [nio-8080-exec-5] s.w.s.m.m.a.RequestMappingHandlerMapping : Mapped to com.kavya.hrms.controller.EmployeeController#list()
2026-05-28T14:39:42.691+05:30 DEBUG 5796 --- [nio-8080-exec-5] m.m.a.RequestResponseBodyMethodProcessor : Using 'application/json', given [*/*] and supported [application/json, application/*+json]
2026-05-28T14:39:42.692+05:30 DEBUG 5796 --- [nio-8080-exec-5] m.m.a.RequestResponseBodyMethodProcessor : Writing [[com.kavya.hrms.model.Employee@1be12166, com.kavya.hrms.model.Employee@5a5bb486, com.kavya.hrms.mode (truncated)...]
2026-05-28T14:39:42.693+05:30 DEBUG 5796 --- [nio-8080-exec-5] o.s.web.servlet.DispatcherServlet        : Completed 200 OK
2026-05-28T14:39:52.641+05:30 DEBUG 5796 --- [nio-8080-exec-6] o.s.web.servlet.DispatcherServlet        : GET "/api/employees", parameters={}
2026-05-28T14:39:52.641+05:30 DEBUG 5796 --- [nio-8080-exec-7] o.s.web.servlet.DispatcherServlet        : GET "/api/users", parameters={}
2026-05-28T14:39:52.642+05:30 DEBUG 5796 --- [nio-8080-exec-6] s.w.s.m.m.a.RequestMappingHandlerMapping : Mapped to com.kavya.hrms.controller.EmployeeController#list()
2026-05-28T14:39:52.643+05:30 DEBUG 5796 --- [nio-8080-exec-7] s.w.s.m.m.a.RequestMappingHandlerMapping : Mapped to com.kavya.hrms.controller.UserController#list()
2026-05-28T14:39:52.651+05:30 DEBUG 5796 --- [nio-8080-exec-6] m.m.a.RequestResponseBodyMethodProcessor : Using 'application/json', given [*/*] and supported [application/json, application/*+json]
2026-05-28T14:39:52.653+05:30 DEBUG 5796 --- [nio-8080-exec-6] m.m.a.RequestResponseBodyMethodProcessor : Writing [[com.kavya.hrms.model.Employee@e776f3c, com.kavya.hrms.model.Employee@15483d7d, com.kavya.hrms.model (truncated)...]
2026-05-28T14:39:52.653+05:30 DEBUG 5796 --- [nio-8080-exec-7] m.m.a.RequestResponseBodyMethodProcessor : Using 'application/json', given [*/*] and supported [application/json, application/*+json]
2026-05-28T14:39:52.654+05:30 DEBUG 5796 --- [nio-8080-exec-7] m.m.a.RequestResponseBodyMethodProcessor : Writing [[com.kavya.hrms.model.AppUser@2e87b517, com.kavya.hrms.model.AppUser@414c1bfb, com.kavya.hrms.model. (truncated)...]
2026-05-28T14:39:52.656+05:30 DEBUG 5796 --- [nio-8080-exec-6] o.s.web.servlet.DispatcherServlet        : Completed 200 OK
2026-05-28T14:39:52.657+05:30 DEBUG 5796 --- [nio-8080-exec-7] o.s.web.servlet.DispatcherServlet        : Completed 200 OK
2026-05-28T14:39:52.677+05:30 DEBUG 5796 --- [nio-8080-exec-3] o.s.web.servlet.DispatcherServlet        : GET "/api/employees", parameters={}
2026-05-28T14:39:52.678+05:30 DEBUG 5796 --- [nio-8080-exec-3] s.w.s.m.m.a.RequestMappingHandlerMapping : Mapped to com.kavya.hrms.controller.EmployeeController#list()
2026-05-28T14:39:52.683+05:30 DEBUG 5796 --- [nio-8080-exec-3] m.m.a.RequestResponseBodyMethodProcessor : Using 'application/json', given [*/*] and supported [application/json, application/*+json]
2026-05-28T14:39:52.683+05:30 DEBUG 5796 --- [nio-8080-exec-3] m.m.a.RequestResponseBodyMethodProcessor : Writing [[com.kavya.hrms.model.Employee@3a359f98, com.kavya.hrms.model.Employee@770e0d89, com.kavya.hrms.mode (truncated)...]
2026-05-28T14:39:52.685+05:30 DEBUG 5796 --- [nio-8080-exec-3] o.s.web.servlet.DispatcherServlet        : Completed 200 OK
2026-05-28T14:39:53.062+05:30 DEBUG 5796 --- [io-8080-exec-10] o.s.web.servlet.DispatcherServlet        : GET "/api/projects", parameters={}
2026-05-28T14:39:53.063+05:30 DEBUG 5796 --- [io-8080-exec-10] s.w.s.m.m.a.RequestMappingHandlerMapping : Mapped to com.kavya.hrms.controller.ProjectController#list()
2026-05-28T14:39:53.063+05:30 DEBUG 5796 --- [nio-8080-exec-1] o.s.web.servlet.DispatcherServlet        : GET "/api/employees", parameters={}
2026-05-28T14:39:53.064+05:30 DEBUG 5796 --- [nio-8080-exec-1] s.w.s.m.m.a.RequestMappingHandlerMapping : Mapped to com.kavya.hrms.controller.EmployeeController#list()
2026-05-28T14:39:53.066+05:30 DEBUG 5796 --- [io-8080-exec-10] m.m.a.RequestResponseBodyMethodProcessor : Using 'application/json', given [*/*] and supported [application/json, application/*+json]
2026-05-28T14:39:53.066+05:30 DEBUG 5796 --- [io-8080-exec-10] m.m.a.RequestResponseBodyMethodProcessor : Writing [[com.kavya.hrms.model.Project@2b7dface, com.kavya.hrms.model.Project@638dcbd6, com.kavya.hrms.model. (truncated)...]
2026-05-28T14:39:53.067+05:30 DEBUG 5796 --- [io-8080-exec-10] o.s.web.servlet.DispatcherServlet        : Completed 200 OK
2026-05-28T14:39:53.068+05:30 DEBUG 5796 --- [nio-8080-exec-1] m.m.a.RequestResponseBodyMethodProcessor : Using 'application/json', given [*/*] and supported [application/json, application/*+json]
2026-05-28T14:39:53.069+05:30 DEBUG 5796 --- [nio-8080-exec-1] m.m.a.RequestResponseBodyMethodProcessor : Writing [[com.kavya.hrms.model.Employee@78f69cb0, com.kavya.hrms.model.Employee@4908afb4, com.kavya.hrms.mode (truncated)...]
2026-05-28T14:39:53.071+05:30 DEBUG 5796 --- [nio-8080-exec-1] o.s.web.servlet.DispatcherServlet        : Completed 200 OK
2026-05-28T14:40:01.050+05:30 DEBUG 5796 --- [nio-8080-exec-9] o.s.web.servlet.DispatcherServlet        : POST "/api/projects", parameters={}
2026-05-28T14:40:01.056+05:30 DEBUG 5796 --- [nio-8080-exec-9] s.w.s.m.m.a.RequestMappingHandlerMapping : Mapped to com.kavya.hrms.controller.ProjectController#create(Project)
2026-05-28T14:40:01.058+05:30 DEBUG 5796 --- [nio-8080-exec-9] m.m.a.RequestResponseBodyMethodProcessor : Read "application/json;charset=UTF-8" to [com.kavya.hrms.model.Project@56ff750d]
2026-05-28T14:40:01.063+05:30 DEBUG 5796 --- [nio-8080-exec-9] m.m.a.RequestResponseBodyMethodProcessor : Using 'application/json', given [*/*] and supported [application/json, application/*+json]
2026-05-28T14:40:01.063+05:30 DEBUG 5796 --- [nio-8080-exec-9] m.m.a.RequestResponseBodyMethodProcessor : Writing [com.kavya.hrms.model.Project@56ff750d]
2026-05-28T14:40:01.065+05:30 DEBUG 5796 --- [nio-8080-exec-9] o.s.web.servlet.DispatcherServlet        : Completed 200 OK
2026-05-28T14:40:01.081+05:30 DEBUG 5796 --- [nio-8080-exec-4] o.s.web.servlet.DispatcherServlet        : GET "/api/projects", parameters={}
2026-05-28T14:40:01.081+05:30 DEBUG 5796 --- [nio-8080-exec-4] s.w.s.m.m.a.RequestMappingHandlerMapping : Mapped to com.kavya.hrms.controller.ProjectController#list()
2026-05-28T14:40:01.085+05:30 DEBUG 5796 --- [nio-8080-exec-4] m.m.a.RequestResponseBodyMethodProcessor : Using 'application/json', given [*/*] and supported [application/json, application/*+json]
2026-05-28T14:40:01.086+05:30 DEBUG 5796 --- [nio-8080-exec-4] m.m.a.RequestResponseBodyMethodProcessor : Writing [[com.kavya.hrms.model.Project@509ee61e, com.kavya.hrms.model.Project@f80b909, com.kavya.hrms.model.P (truncated)...]
2026-05-28T14:40:01.089+05:30 DEBUG 5796 --- [nio-8080-exec-4] o.s.web.servlet.DispatcherServlet        : Completed 200 OK
2026-05-28T14:40:02.638+05:30 DEBUG 5796 --- [nio-8080-exec-2] o.s.web.servlet.DispatcherServlet        : GET "/api/users", parameters={}
2026-05-28T14:40:02.638+05:30 DEBUG 5796 --- [nio-8080-exec-8] o.s.web.servlet.DispatcherServlet        : GET "/api/employees", parameters={}
2026-05-28T14:40:03.296+05:30 DEBUG 5796 --- [nio-8080-exec-2] s.w.s.m.m.a.RequestMappingHandlerMapping : Mapped to com.kavya.hrms.controller.UserController#list()
2026-05-28T14:40:03.297+05:30 DEBUG 5796 --- [nio-8080-exec-8] s.w.s.m.m.a.RequestMappingHandlerMapping : Mapped to com.kavya.hrms.controller.EmployeeController#list()
2026-05-28T14:40:03.301+05:30 DEBUG 5796 --- [nio-8080-exec-2] m.m.a.RequestResponseBodyMethodProcessor : Using 'application/json', given [*/*] and supported [application/json, application/*+json]
2026-05-28T14:40:03.303+05:30 DEBUG 5796 --- [nio-8080-exec-2] m.m.a.RequestResponseBodyMethodProcessor : Writing [[com.kavya.hrms.model.AppUser@75bcefd9, com.kavya.hrms.model.AppUser@65041a83, com.kavya.hrms.model. (truncated)...]
2026-05-28T14:40:03.302+05:30 DEBUG 5796 --- [nio-8080-exec-8] m.m.a.RequestResponseBodyMethodProcessor : Using 'application/json', given [*/*] and supported [application/json, application/*+json]
2026-05-28T14:40:03.303+05:30 DEBUG 5796 --- [nio-8080-exec-8] m.m.a.RequestResponseBodyMethodProcessor : Writing [[com.kavya.hrms.model.Employee@4f381499, com.kavya.hrms.model.Employee@34f162c6, com.kavya.hrms.mode (truncated)...]
2026-05-28T14:40:03.304+05:30 DEBUG 5796 --- [nio-8080-exec-2] o.s.web.servlet.DispatcherServlet        : Completed 200 OK
2026-05-28T14:40:03.305+05:30 DEBUG 5796 --- [nio-8080-exec-8] o.s.web.servlet.DispatcherServlet        : Completed 200 OK
2026-05-28T14:40:03.314+05:30 DEBUG 5796 --- [nio-8080-exec-5] o.s.web.servlet.DispatcherServlet        : GET "/api/employees", parameters={}
2026-05-28T14:40:03.315+05:30 DEBUG 5796 --- [nio-8080-exec-5] s.w.s.m.m.a.RequestMappingHandlerMapping : Mapped to com.kavya.hrms.controller.EmployeeController#list()
2026-05-28T14:40:03.320+05:30 DEBUG 5796 --- [nio-8080-exec-5] m.m.a.RequestResponseBodyMethodProcessor : Using 'application/json', given [*/*] and supported [application/json, application/*+json]
2026-05-28T14:40:03.320+05:30 DEBUG 5796 --- [nio-8080-exec-5] m.m.a.RequestResponseBodyMethodProcessor : Writing [[com.kavya.hrms.model.Employee@1b0b96cd, com.kavya.hrms.model.Employee@47e360ac, com.kavya.hrms.mode (truncated)...]
2026-05-28T14:40:03.322+05:30 DEBUG 5796 --- [nio-8080-exec-5] o.s.web.servlet.DispatcherServlet        : Completed 200 OK
2026-05-28T14:40:08.085+05:30 DEBUG 5796 --- [nio-8080-exec-6] o.s.web.servlet.DispatcherServlet        : GET "/api/projects", parameters={}
2026-05-28T14:40:08.088+05:30 DEBUG 5796 --- [nio-8080-exec-7] o.s.web.servlet.DispatcherServlet        : GET "/api/employees", parameters={}
2026-05-28T14:40:08.355+05:30 DEBUG 5796 --- [nio-8080-exec-6] s.w.s.m.m.a.RequestMappingHandlerMapping : Mapped to com.kavya.hrms.controller.ProjectController#list()
2026-05-28T14:40:08.373+05:30 DEBUG 5796 --- [nio-8080-exec-6] m.m.a.RequestResponseBodyMethodProcessor : Using 'application/json', given [*/*] and supported [application/json, application/*+json]
2026-05-28T14:40:08.374+05:30 DEBUG 5796 --- [nio-8080-exec-6] m.m.a.RequestResponseBodyMethodProcessor : Writing [[com.kavya.hrms.model.Project@114057fa, com.kavya.hrms.model.Project@6fdd5aa2, com.kavya.hrms.model. (truncated)...]
2026-05-28T14:40:08.376+05:30 DEBUG 5796 --- [nio-8080-exec-6] o.s.web.servlet.DispatcherServlet        : Completed 200 OK
2026-05-28T14:40:08.357+05:30 DEBUG 5796 --- [nio-8080-exec-7] s.w.s.m.m.a.RequestMappingHandlerMapping : Mapped to com.kavya.hrms.controller.EmployeeController#list()
2026-05-28T14:40:08.382+05:30 DEBUG 5796 --- [nio-8080-exec-7] m.m.a.RequestResponseBodyMethodProcessor : Using 'application/json', given [*/*] and supported [application/json, application/*+json]
2026-05-28T14:40:08.382+05:30 DEBUG 5796 --- [nio-8080-exec-7] m.m.a.RequestResponseBodyMethodProcessor : Writing [[com.kavya.hrms.model.Employee@21097c28, com.kavya.hrms.model.Employee@4aed0e7f, com.kavya.hrms.mode (truncated)...]
2026-05-28T14:40:08.384+05:30 DEBUG 5796 --- [nio-8080-exec-7] o.s.web.servlet.DispatcherServlet        : Completed 200 OK
2026-05-28T14:40:12.625+05:30 DEBUG 5796 --- [io-8080-exec-10] o.s.web.servlet.DispatcherServlet        : GET "/api/employees", parameters={}
2026-05-28T14:40:12.625+05:30 DEBUG 5796 --- [nio-8080-exec-3] o.s.web.servlet.DispatcherServlet        : GET "/api/users", parameters={}
2026-05-28T14:40:12.628+05:30 DEBUG 5796 --- [io-8080-exec-10] s.w.s.m.m.a.RequestMappingHandlerMapping : Mapped to com.kavya.hrms.controller.EmployeeController#list()
2026-05-28T14:40:12.629+05:30 DEBUG 5796 --- [nio-8080-exec-3] s.w.s.m.m.a.RequestMappingHandlerMapping : Mapped to com.kavya.hrms.controller.UserController#list()
2026-05-28T14:40:12.632+05:30 DEBUG 5796 --- [io-8080-exec-10] m.m.a.RequestResponseBodyMethodProcessor : Using 'application/json', given [*/*] and supported [application/json, application/*+json]
2026-05-28T14:40:12.634+05:30 DEBUG 5796 --- [io-8080-exec-10] m.m.a.RequestResponseBodyMethodProcessor : Writing [[com.kavya.hrms.model.Employee@76585e75, com.kavya.hrms.model.Employee@7b86e813, com.kavya.hrms.mode (truncated)...]
2026-05-28T14:40:12.634+05:30 DEBUG 5796 --- [nio-8080-exec-3] m.m.a.RequestResponseBodyMethodProcessor : Using 'application/json', given [*/*] and supported [application/json, application/*+json]
2026-05-28T14:40:12.637+05:30 DEBUG 5796 --- [nio-8080-exec-3] m.m.a.RequestResponseBodyMethodProcessor : Writing [[com.kavya.hrms.model.AppUser@4cdbb900, com.kavya.hrms.model.AppUser@3f0c2797, com.kavya.hrms.model. (truncated)...]
2026-05-28T14:40:12.636+05:30 DEBUG 5796 --- [io-8080-exec-10] o.s.web.servlet.DispatcherServlet        : Completed 200 OK
2026-05-28T14:40:12.638+05:30 DEBUG 5796 --- [nio-8080-exec-3] o.s.web.servlet.DispatcherServlet        : Completed 200 OK
2026-05-28T14:40:12.649+05:30 DEBUG 5796 --- [nio-8080-exec-1] o.s.web.servlet.DispatcherServlet        : GET "/api/employees", parameters={}
2026-05-28T14:40:12.650+05:30 DEBUG 5796 --- [nio-8080-exec-1] s.w.s.m.m.a.RequestMappingHandlerMapping : Mapped to com.kavya.hrms.controller.EmployeeController#list()
2026-05-28T14:40:12.653+05:30 DEBUG 5796 --- [nio-8080-exec-1] m.m.a.RequestResponseBodyMethodProcessor : Using 'application/json', given [*/*] and supported [application/json, application/*+json]
2026-05-28T14:40:12.655+05:30 DEBUG 5796 --- [nio-8080-exec-1] m.m.a.RequestResponseBodyMethodProcessor : Writing [[com.kavya.hrms.model.Employee@5a8141a4, com.kavya.hrms.model.Employee@5057bde1, com.kavya.hrms.mode (truncated)...]
2026-05-28T14:40:12.657+05:30 DEBUG 5796 --- [nio-8080-exec-1] o.s.web.servlet.DispatcherServlet        : Completed 200 OK
2026-05-28T14:40:22.636+05:30 DEBUG 5796 --- [nio-8080-exec-9] o.s.web.servlet.DispatcherServlet        : GET "/api/users", parameters={}
2026-05-28T14:40:22.636+05:30 DEBUG 5796 --- [nio-8080-exec-4] o.s.web.servlet.DispatcherServlet        : GET "/api/employees", parameters={}
2026-05-28T14:40:22.657+05:30 DEBUG 5796 --- [nio-8080-exec-9] s.w.s.m.m.a.RequestMappingHandlerMapping : Mapped to com.kavya.hrms.controller.UserController#list()
2026-05-28T14:40:22.659+05:30 DEBUG 5796 --- [nio-8080-exec-4] s.w.s.m.m.a.RequestMappingHandlerMapping : Mapped to com.kavya.hrms.controller.EmployeeController#list()
2026-05-28T14:40:22.681+05:30 DEBUG 5796 --- [nio-8080-exec-9] m.m.a.RequestResponseBodyMethodProcessor : Using 'application/json', given [*/*] and supported [application/json, application/*+json]
2026-05-28T14:40:22.681+05:30 DEBUG 5796 --- [nio-8080-exec-4] m.m.a.RequestResponseBodyMethodProcessor : Using 'application/json', given [*/*] and supported [application/json, application/*+json]
2026-05-28T14:40:22.682+05:30 DEBUG 5796 --- [nio-8080-exec-9] m.m.a.RequestResponseBodyMethodProcessor : Writing [[com.kavya.hrms.model.AppUser@45f23352, com.kavya.hrms.model.AppUser@6747d8d1, com.kavya.hrms.model. (truncated)...]
2026-05-28T14:40:22.682+05:30 DEBUG 5796 --- [nio-8080-exec-4] m.m.a.RequestResponseBodyMethodProcessor : Writing [[com.kavya.hrms.model.Employee@766ba7a, com.kavya.hrms.model.Employee@51fdb046, com.kavya.hrms.model (truncated)...]
2026-05-28T14:40:22.685+05:30 DEBUG 5796 --- [nio-8080-exec-9] o.s.web.servlet.DispatcherServlet        : Completed 200 OK
2026-05-28T14:40:22.685+05:30 DEBUG 5796 --- [nio-8080-exec-4] o.s.web.servlet.DispatcherServlet        : Completed 200 OK
2026-05-28T14:40:22.693+05:30 DEBUG 5796 --- [nio-8080-exec-2] o.s.web.servlet.DispatcherServlet        : GET "/api/employees", parameters={}
2026-05-28T14:40:22.694+05:30 DEBUG 5796 --- [nio-8080-exec-2] s.w.s.m.m.a.RequestMappingHandlerMapping : Mapped to com.kavya.hrms.controller.EmployeeController#list()
2026-05-28T14:40:22.697+05:30 DEBUG 5796 --- [nio-8080-exec-2] m.m.a.RequestResponseBodyMethodProcessor : Using 'application/json', given [*/*] and supported [application/json, application/*+json]
2026-05-28T14:40:22.699+05:30 DEBUG 5796 --- [nio-8080-exec-2] m.m.a.RequestResponseBodyMethodProcessor : Writing [[com.kavya.hrms.model.Employee@7e604e71, com.kavya.hrms.model.Employee@4b5c085, com.kavya.hrms.model (truncated)...]
2026-05-28T14:40:22.700+05:30 DEBUG 5796 --- [nio-8080-exec-2] o.s.web.servlet.DispatcherServlet        : Completed 200 OK
2026-05-28T14:40:23.070+05:30 DEBUG 5796 --- [nio-8080-exec-8] o.s.web.servlet.DispatcherServlet        : GET "/api/projects", parameters={}
2026-05-28T14:40:23.071+05:30 DEBUG 5796 --- [nio-8080-exec-5] o.s.web.servlet.DispatcherServlet        : GET "/api/employees", parameters={}
2026-05-28T14:40:23.162+05:30 DEBUG 5796 --- [nio-8080-exec-5] s.w.s.m.m.a.RequestMappingHandlerMapping : Mapped to com.kavya.hrms.controller.EmployeeController#list()
2026-05-28T14:40:23.160+05:30 DEBUG 5796 --- [nio-8080-exec-8] s.w.s.m.m.a.RequestMappingHandlerMapping : Mapped to com.kavya.hrms.controller.ProjectController#list()
2026-05-28T14:40:23.170+05:30 DEBUG 5796 --- [nio-8080-exec-5] m.m.a.RequestResponseBodyMethodProcessor : Using 'application/json', given [*/*] and supported [application/json, application/*+json]
2026-05-28T14:40:23.170+05:30 DEBUG 5796 --- [nio-8080-exec-5] m.m.a.RequestResponseBodyMethodProcessor : Writing [[com.kavya.hrms.model.Employee@796e8481, com.kavya.hrms.model.Employee@594e70c6, com.kavya.hrms.mode (truncated)...]
2026-05-28T14:40:23.172+05:30 DEBUG 5796 --- [nio-8080-exec-5] o.s.web.servlet.DispatcherServlet        : Completed 200 OK
2026-05-28T14:40:23.173+05:30 DEBUG 5796 --- [nio-8080-exec-8] m.m.a.RequestResponseBodyMethodProcessor : Using 'application/json', given [*/*] and supported [application/json, application/*+json]
2026-05-28T14:40:23.174+05:30 DEBUG 5796 --- [nio-8080-exec-8] m.m.a.RequestResponseBodyMethodProcessor : Writing [[com.kavya.hrms.model.Project@135e88ff, com.kavya.hrms.model.Project@e6c3d09, com.kavya.hrms.model.P (truncated)...]
2026-05-28T14:40:23.175+05:30 DEBUG 5796 --- [nio-8080-exec-8] o.s.web.servlet.DispatcherServlet        : Completed 200 OK
2026-05-28T14:40:32.647+05:30 DEBUG 5796 --- [nio-8080-exec-6] o.s.web.servlet.DispatcherServlet        : GET "/api/users", parameters={}
2026-05-28T14:40:32.649+05:30 DEBUG 5796 --- [nio-8080-exec-6] s.w.s.m.m.a.RequestMappingHandlerMapping : Mapped to com.kavya.hrms.controller.UserController#list()
2026-05-28T14:40:32.654+05:30 DEBUG 5796 --- [nio-8080-exec-7] o.s.web.servlet.DispatcherServlet        : GET "/api/employees", parameters={}
2026-05-28T14:40:32.654+05:30 DEBUG 5796 --- [nio-8080-exec-6] m.m.a.RequestResponseBodyMethodProcessor : Using 'application/json', given [*/*] and supported [application/json, application/*+json]
2026-05-28T14:40:32.655+05:30 DEBUG 5796 --- [nio-8080-exec-7] s.w.s.m.m.a.RequestMappingHandlerMapping : Mapped to com.kavya.hrms.controller.EmployeeController#list()
2026-05-28T14:40:32.655+05:30 DEBUG 5796 --- [nio-8080-exec-6] m.m.a.RequestResponseBodyMethodProcessor : Writing [[com.kavya.hrms.model.AppUser@42b8d5b6, com.kavya.hrms.model.AppUser@3494ac81, com.kavya.hrms.model. (truncated)...]
2026-05-28T14:40:32.657+05:30 DEBUG 5796 --- [nio-8080-exec-6] o.s.web.servlet.DispatcherServlet        : Completed 200 OK
2026-05-28T14:40:32.661+05:30 DEBUG 5796 --- [nio-8080-exec-7] m.m.a.RequestResponseBodyMethodProcessor : Using 'application/json', given [*/*] and supported [application/json, application/*+json]
2026-05-28T14:40:32.661+05:30 DEBUG 5796 --- [nio-8080-exec-7] m.m.a.RequestResponseBodyMethodProcessor : Writing [[com.kavya.hrms.model.Employee@28b30f8c, com.kavya.hrms.model.Employee@656af0c2, com.kavya.hrms.mode (truncated)...]
2026-05-28T14:40:32.663+05:30 DEBUG 5796 --- [nio-8080-exec-7] o.s.web.servlet.DispatcherServlet        : Completed 200 OK
2026-05-28T14:40:32.669+05:30 DEBUG 5796 --- [io-8080-exec-10] o.s.web.servlet.DispatcherServlet        : GET "/api/employees", parameters={}
2026-05-28T14:40:32.671+05:30 DEBUG 5796 --- [io-8080-exec-10] s.w.s.m.m.a.RequestMappingHandlerMapping : Mapped to com.kavya.hrms.controller.EmployeeController#list()
2026-05-28T14:40:32.674+05:30 DEBUG 5796 --- [io-8080-exec-10] m.m.a.RequestResponseBodyMethodProcessor : Using 'application/json', given [*/*] and supported [application/json, application/*+json]
2026-05-28T14:40:32.675+05:30 DEBUG 5796 --- [io-8080-exec-10] m.m.a.RequestResponseBodyMethodProcessor : Writing [[com.kavya.hrms.model.Employee@55d82b99, com.kavya.hrms.model.Employee@3c03b89f, com.kavya.hrms.mode (truncated)...]
2026-05-28T14:40:32.676+05:30 DEBUG 5796 --- [io-8080-exec-10] o.s.web.servlet.DispatcherServlet        : Completed 200 OK
2026-05-28T14:40:38.076+05:30 DEBUG 5796 --- [nio-8080-exec-3] o.s.web.servlet.DispatcherServlet        : GET "/api/projects", parameters={}
2026-05-28T14:40:38.076+05:30 DEBUG 5796 --- [nio-8080-exec-1] o.s.web.servlet.DispatcherServlet        : GET "/api/employees", parameters={}
2026-05-28T14:40:38.078+05:30 DEBUG 5796 --- [nio-8080-exec-3] s.w.s.m.m.a.RequestMappingHandlerMapping : Mapped to com.kavya.hrms.controller.ProjectController#list()
2026-05-28T14:40:38.079+05:30 DEBUG 5796 --- [nio-8080-exec-1] s.w.s.m.m.a.RequestMappingHandlerMapping : Mapped to com.kavya.hrms.controller.EmployeeController#list()
2026-05-28T14:40:38.086+05:30 DEBUG 5796 --- [nio-8080-exec-3] m.m.a.RequestResponseBodyMethodProcessor : Using 'application/json', given [*/*] and supported [application/json, application/*+json]
2026-05-28T14:40:38.088+05:30 DEBUG 5796 --- [nio-8080-exec-3] m.m.a.RequestResponseBodyMethodProcessor : Writing [[com.kavya.hrms.model.Project@22217709, com.kavya.hrms.model.Project@57091579, com.kavya.hrms.model. (truncated)...]
2026-05-28T14:40:38.089+05:30 DEBUG 5796 --- [nio-8080-exec-1] m.m.a.RequestResponseBodyMethodProcessor : Using 'application/json', given [*/*] and supported [application/json, application/*+json]
2026-05-28T14:40:38.090+05:30 DEBUG 5796 --- [nio-8080-exec-1] m.m.a.RequestResponseBodyMethodProcessor : Writing [[com.kavya.hrms.model.Employee@3f1aa75a, com.kavya.hrms.model.Employee@5375772e, com.kavya.hrms.mode (truncated)...]
2026-05-28T14:40:38.090+05:30 DEBUG 5796 --- [nio-8080-exec-3] o.s.web.servlet.DispatcherServlet        : Completed 200 OK
2026-05-28T14:40:38.093+05:30 DEBUG 5796 --- [nio-8080-exec-1] o.s.web.servlet.DispatcherServlet        : Completed 200 OK
2026-05-28T14:40:41.494+05:30 DEBUG 5796 --- [nio-8080-exec-9] o.s.web.servlet.DispatcherServlet        : GET "/api/projects", parameters={}
2026-05-28T14:40:41.495+05:30 DEBUG 5796 --- [nio-8080-exec-4] o.s.web.servlet.DispatcherServlet        : GET "/api/employees", parameters={}
2026-05-28T14:40:41.497+05:30 DEBUG 5796 --- [nio-8080-exec-9] s.w.s.m.m.a.RequestMappingHandlerMapping : Mapped to com.kavya.hrms.controller.ProjectController#list()
2026-05-28T14:40:41.497+05:30 DEBUG 5796 --- [nio-8080-exec-4] s.w.s.m.m.a.RequestMappingHandlerMapping : Mapped to com.kavya.hrms.controller.EmployeeController#list()
2026-05-28T14:40:41.500+05:30 DEBUG 5796 --- [nio-8080-exec-9] m.m.a.RequestResponseBodyMethodProcessor : Using 'application/json', given [*/*] and supported [application/json, application/*+json]
2026-05-28T14:40:41.500+05:30 DEBUG 5796 --- [nio-8080-exec-9] m.m.a.RequestResponseBodyMethodProcessor : Writing [[com.kavya.hrms.model.Project@1734fc67, com.kavya.hrms.model.Project@65434179, com.kavya.hrms.model. (truncated)...]
2026-05-28T14:40:41.500+05:30 DEBUG 5796 --- [nio-8080-exec-4] m.m.a.RequestResponseBodyMethodProcessor : Using 'application/json', given [*/*] and supported [application/json, application/*+json]
2026-05-28T14:40:41.501+05:30 DEBUG 5796 --- [nio-8080-exec-9] o.s.web.servlet.DispatcherServlet        : Completed 200 OK
2026-05-28T14:40:41.501+05:30 DEBUG 5796 --- [nio-8080-exec-4] m.m.a.RequestResponseBodyMethodProcessor : Writing [[com.kavya.hrms.model.Employee@5cef5d76, com.kavya.hrms.model.Employee@4b3d456f, com.kavya.hrms.mode (truncated)...]
2026-05-28T14:40:41.503+05:30 DEBUG 5796 --- [nio-8080-exec-4] o.s.web.servlet.DispatcherServlet        : Completed 200 OK
2026-05-28T14:40:42.659+05:30 DEBUG 5796 --- [nio-8080-exec-2] o.s.web.servlet.DispatcherServlet        : GET "/api/users", parameters={}
2026-05-28T14:40:42.661+05:30 DEBUG 5796 --- [nio-8080-exec-2] s.w.s.m.m.a.RequestMappingHandlerMapping : Mapped to com.kavya.hrms.controller.UserController#list()
2026-05-28T14:40:42.664+05:30 DEBUG 5796 --- [nio-8080-exec-5] o.s.web.servlet.DispatcherServlet        : GET "/api/employees", parameters={}
2026-05-28T14:40:42.665+05:30 DEBUG 5796 --- [nio-8080-exec-5] s.w.s.m.m.a.RequestMappingHandlerMapping : Mapped to com.kavya.hrms.controller.EmployeeController#list()
2026-05-28T14:40:42.667+05:30 DEBUG 5796 --- [nio-8080-exec-2] m.m.a.RequestResponseBodyMethodProcessor : Using 'application/json', given [*/*] and supported [application/json, application/*+json]
2026-05-28T14:40:42.667+05:30 DEBUG 5796 --- [nio-8080-exec-2] m.m.a.RequestResponseBodyMethodProcessor : Writing [[com.kavya.hrms.model.AppUser@615f23f8, com.kavya.hrms.model.AppUser@4dd87126, com.kavya.hrms.model. (truncated)...]
2026-05-28T14:40:42.668+05:30 DEBUG 5796 --- [nio-8080-exec-5] m.m.a.RequestResponseBodyMethodProcessor : Using 'application/json', given [*/*] and supported [application/json, application/*+json]
2026-05-28T14:40:42.668+05:30 DEBUG 5796 --- [nio-8080-exec-2] o.s.web.servlet.DispatcherServlet        : Completed 200 OK
2026-05-28T14:40:42.668+05:30 DEBUG 5796 --- [nio-8080-exec-5] m.m.a.RequestResponseBodyMethodProcessor : Writing [[com.kavya.hrms.model.Employee@4967a2c0, com.kavya.hrms.model.Employee@739721d3, com.kavya.hrms.mode (truncated)...]
2026-05-28T14:40:42.670+05:30 DEBUG 5796 --- [nio-8080-exec-5] o.s.web.servlet.DispatcherServlet        : Completed 200 OK
2026-05-28T14:40:42.676+05:30 DEBUG 5796 --- [nio-8080-exec-8] o.s.web.servlet.DispatcherServlet        : GET "/api/employees", parameters={}
2026-05-28T14:40:42.677+05:30 DEBUG 5796 --- [nio-8080-exec-8] s.w.s.m.m.a.RequestMappingHandlerMapping : Mapped to com.kavya.hrms.controller.EmployeeController#list()
2026-05-28T14:40:42.680+05:30 DEBUG 5796 --- [nio-8080-exec-8] m.m.a.RequestResponseBodyMethodProcessor : Using 'application/json', given [*/*] and supported [application/json, application/*+json]
2026-05-28T14:40:42.680+05:30 DEBUG 5796 --- [nio-8080-exec-8] m.m.a.RequestResponseBodyMethodProcessor : Writing [[com.kavya.hrms.model.Employee@490d8535, com.kavya.hrms.model.Employee@714aa737, com.kavya.hrms.mode (truncated)...]
2026-05-28T14:40:42.681+05:30 DEBUG 5796 --- [nio-8080-exec-8] o.s.web.servlet.DispatcherServlet        : Completed 200 OK
2026-05-28T14:40:50.057+05:30 DEBUG 5796 --- [nio-8080-exec-6] o.s.web.servlet.DispatcherServlet        : GET "/api/projects", parameters={}
2026-05-28T14:40:50.058+05:30 DEBUG 5796 --- [nio-8080-exec-7] o.s.web.servlet.DispatcherServlet        : GET "/api/employees", parameters={}
2026-05-28T14:40:50.060+05:30 DEBUG 5796 --- [nio-8080-exec-7] s.w.s.m.m.a.RequestMappingHandlerMapping : Mapped to com.kavya.hrms.controller.EmployeeController#list()
2026-05-28T14:40:50.059+05:30 DEBUG 5796 --- [nio-8080-exec-6] s.w.s.m.m.a.RequestMappingHandlerMapping : Mapped to com.kavya.hrms.controller.ProjectController#list()
2026-05-28T14:40:50.065+05:30 DEBUG 5796 --- [nio-8080-exec-7] m.m.a.RequestResponseBodyMethodProcessor : Using 'application/json', given [*/*] and supported [application/json, application/*+json]
2026-05-28T14:40:50.065+05:30 DEBUG 5796 --- [nio-8080-exec-7] m.m.a.RequestResponseBodyMethodProcessor : Writing [[com.kavya.hrms.model.Employee@21835dba, com.kavya.hrms.model.Employee@722c5d0c, com.kavya.hrms.mode (truncated)...]
2026-05-28T14:40:50.067+05:30 DEBUG 5796 --- [nio-8080-exec-7] o.s.web.servlet.DispatcherServlet        : Completed 200 OK
2026-05-28T14:40:50.074+05:30 DEBUG 5796 --- [nio-8080-exec-6] m.m.a.RequestResponseBodyMethodProcessor : Using 'application/json', given [*/*] and supported [application/json, application/*+json]
2026-05-28T14:40:50.074+05:30 DEBUG 5796 --- [nio-8080-exec-6] m.m.a.RequestResponseBodyMethodProcessor : Writing [[com.kavya.hrms.model.Project@4cfdb414, com.kavya.hrms.model.Project@4445f29b, com.kavya.hrms.model. (truncated)...]
2026-05-28T14:40:50.075+05:30 DEBUG 5796 --- [nio-8080-exec-6] o.s.web.servlet.DispatcherServlet        : Completed 200 OK
2026-05-28T14:40:52.634+05:30 DEBUG 5796 --- [nio-8080-exec-3] o.s.web.servlet.DispatcherServlet        : GET "/api/employees", parameters={}
2026-05-28T14:40:52.634+05:30 DEBUG 5796 --- [io-8080-exec-10] o.s.web.servlet.DispatcherServlet        : GET "/api/users", parameters={}
2026-05-28T14:40:52.634+05:30 DEBUG 5796 --- [nio-8080-exec-3] s.w.s.m.m.a.RequestMappingHandlerMapping : Mapped to com.kavya.hrms.controller.EmployeeController#list()
2026-05-28T14:40:52.634+05:30 DEBUG 5796 --- [io-8080-exec-10] s.w.s.m.m.a.RequestMappingHandlerMapping : Mapped to com.kavya.hrms.controller.UserController#list()
2026-05-28T14:40:52.637+05:30 DEBUG 5796 --- [io-8080-exec-10] m.m.a.RequestResponseBodyMethodProcessor : Using 'application/json', given [*/*] and supported [application/json, application/*+json]
2026-05-28T14:40:52.637+05:30 DEBUG 5796 --- [io-8080-exec-10] m.m.a.RequestResponseBodyMethodProcessor : Writing [[com.kavya.hrms.model.AppUser@318892b2, com.kavya.hrms.model.AppUser@405c7a63, com.kavya.hrms.model. (truncated)...]
2026-05-28T14:40:52.637+05:30 DEBUG 5796 --- [nio-8080-exec-3] m.m.a.RequestResponseBodyMethodProcessor : Using 'application/json', given [*/*] and supported [application/json, application/*+json]
2026-05-28T14:40:52.638+05:30 DEBUG 5796 --- [nio-8080-exec-3] m.m.a.RequestResponseBodyMethodProcessor : Writing [[com.kavya.hrms.model.Employee@65bfe8f, com.kavya.hrms.model.Employee@5899f92f, com.kavya.hrms.model (truncated)...]
2026-05-28T14:40:52.638+05:30 DEBUG 5796 --- [io-8080-exec-10] o.s.web.servlet.DispatcherServlet        : Completed 200 OK
2026-05-28T14:40:52.639+05:30 DEBUG 5796 --- [nio-8080-exec-3] o.s.web.servlet.DispatcherServlet        : Completed 200 OK
2026-05-28T14:40:52.648+05:30 DEBUG 5796 --- [nio-8080-exec-1] o.s.web.servlet.DispatcherServlet        : GET "/api/employees", parameters={}
2026-05-28T14:40:52.648+05:30 DEBUG 5796 --- [nio-8080-exec-1] s.w.s.m.m.a.RequestMappingHandlerMapping : Mapped to com.kavya.hrms.controller.EmployeeController#list()
2026-05-28T14:40:52.651+05:30 DEBUG 5796 --- [nio-8080-exec-1] m.m.a.RequestResponseBodyMethodProcessor : Using 'application/json', given [*/*] and supported [application/json, application/*+json]
2026-05-28T14:40:52.651+05:30 DEBUG 5796 --- [nio-8080-exec-1] m.m.a.RequestResponseBodyMethodProcessor : Writing [[com.kavya.hrms.model.Employee@39654167, com.kavya.hrms.model.Employee@4f4a308d, com.kavya.hrms.mode (truncated)...]
2026-05-28T14:40:52.652+05:30 DEBUG 5796 --- [nio-8080-exec-1] o.s.web.servlet.DispatcherServlet        : Completed 200 OK
2026-05-28T14:40:53.061+05:30 DEBUG 5796 --- [nio-8080-exec-9] o.s.web.servlet.DispatcherServlet        : GET "/api/projects", parameters={}
2026-05-28T14:40:53.061+05:30 DEBUG 5796 --- [nio-8080-exec-9] s.w.s.m.m.a.RequestMappingHandlerMapping : Mapped to com.kavya.hrms.controller.ProjectController#list()
2026-05-28T14:40:53.062+05:30 DEBUG 5796 --- [nio-8080-exec-4] o.s.web.servlet.DispatcherServlet        : GET "/api/employees", parameters={}
2026-05-28T14:40:53.063+05:30 DEBUG 5796 --- [nio-8080-exec-4] s.w.s.m.m.a.RequestMappingHandlerMapping : Mapped to com.kavya.hrms.controller.EmployeeController#list()
2026-05-28T14:40:53.064+05:30 DEBUG 5796 --- [nio-8080-exec-9] m.m.a.RequestResponseBodyMethodProcessor : Using 'application/json', given [*/*] and supported [application/json, application/*+json]
2026-05-28T14:40:53.065+05:30 DEBUG 5796 --- [nio-8080-exec-9] m.m.a.RequestResponseBodyMethodProcessor : Writing [[com.kavya.hrms.model.Project@337a963c, com.kavya.hrms.model.Project@44ec3b72, com.kavya.hrms.model. (truncated)...]
2026-05-28T14:40:53.065+05:30 DEBUG 5796 --- [nio-8080-exec-9] o.s.web.servlet.DispatcherServlet        : Completed 200 OK
2026-05-28T14:40:53.067+05:30 DEBUG 5796 --- [nio-8080-exec-4] m.m.a.RequestResponseBodyMethodProcessor : Using 'application/json', given [*/*] and supported [application/json, application/*+json]
2026-05-28T14:40:53.068+05:30 DEBUG 5796 --- [nio-8080-exec-4] m.m.a.RequestResponseBodyMethodProcessor : Writing [[com.kavya.hrms.model.Employee@32df3350, com.kavya.hrms.model.Employee@1a817f8f, com.kavya.hrms.mode (truncated)...]
2026-05-28T14:40:53.069+05:30 DEBUG 5796 --- [nio-8080-exec-4] o.s.web.servlet.DispatcherServlet        : Completed 200 OK
2026-05-28T14:41:02.641+05:30 DEBUG 5796 --- [nio-8080-exec-2] o.s.web.servlet.DispatcherServlet        : GET "/api/users", parameters={}
2026-05-28T14:41:02.641+05:30 DEBUG 5796 --- [nio-8080-exec-5] o.s.web.servlet.DispatcherServlet        : GET "/api/employees", parameters={}
2026-05-28T14:41:02.642+05:30 DEBUG 5796 --- [nio-8080-exec-2] s.w.s.m.m.a.RequestMappingHandlerMapping : Mapped to com.kavya.hrms.controller.UserController#list()
2026-05-28T14:41:02.643+05:30 DEBUG 5796 --- [nio-8080-exec-5] s.w.s.m.m.a.RequestMappingHandlerMapping : Mapped to com.kavya.hrms.controller.EmployeeController#list()
2026-05-28T14:41:02.650+05:30 DEBUG 5796 --- [nio-8080-exec-2] m.m.a.RequestResponseBodyMethodProcessor : Using 'application/json', given [*/*] and supported [application/json, application/*+json]
2026-05-28T14:41:02.650+05:30 DEBUG 5796 --- [nio-8080-exec-5] m.m.a.RequestResponseBodyMethodProcessor : Using 'application/json', given [*/*] and supported [application/json, application/*+json]
2026-05-28T14:41:02.651+05:30 DEBUG 5796 --- [nio-8080-exec-2] m.m.a.RequestResponseBodyMethodProcessor : Writing [[com.kavya.hrms.model.AppUser@58345de8, com.kavya.hrms.model.AppUser@89f5ef9, com.kavya.hrms.model.A (truncated)...]
2026-05-28T14:41:02.652+05:30 DEBUG 5796 --- [nio-8080-exec-5] m.m.a.RequestResponseBodyMethodProcessor : Writing [[com.kavya.hrms.model.Employee@63901e5b, com.kavya.hrms.model.Employee@28297f7c, com.kavya.hrms.mode (truncated)...]
2026-05-28T14:41:02.654+05:30 DEBUG 5796 --- [nio-8080-exec-2] o.s.web.servlet.DispatcherServlet        : Completed 200 OK
2026-05-28T14:41:02.655+05:30 DEBUG 5796 --- [nio-8080-exec-5] o.s.web.servlet.DispatcherServlet        : Completed 200 OK
2026-05-28T14:41:02.668+05:30 DEBUG 5796 --- [nio-8080-exec-8] o.s.web.servlet.DispatcherServlet        : GET "/api/employees", parameters={}
2026-05-28T14:41:02.670+05:30 DEBUG 5796 --- [nio-8080-exec-8] s.w.s.m.m.a.RequestMappingHandlerMapping : Mapped to com.kavya.hrms.controller.EmployeeController#list()
2026-05-28T14:41:02.673+05:30 DEBUG 5796 --- [nio-8080-exec-8] m.m.a.RequestResponseBodyMethodProcessor : Using 'application/json', given [*/*] and supported [application/json, application/*+json]
2026-05-28T14:41:02.674+05:30 DEBUG 5796 --- [nio-8080-exec-8] m.m.a.RequestResponseBodyMethodProcessor : Writing [[com.kavya.hrms.model.Employee@4c02f514, com.kavya.hrms.model.Employee@6e08bce9, com.kavya.hrms.mode (truncated)...]
2026-05-28T14:41:02.675+05:30 DEBUG 5796 --- [nio-8080-exec-8] o.s.web.servlet.DispatcherServlet        : Completed 200 OK
2026-05-28T14:41:08.068+05:30 DEBUG 5796 --- [nio-8080-exec-7] o.s.web.servlet.DispatcherServlet        : GET "/api/projects", parameters={}
2026-05-28T14:41:08.070+05:30 DEBUG 5796 --- [nio-8080-exec-6] o.s.web.servlet.DispatcherServlet        : GET "/api/employees", parameters={}
2026-05-28T14:41:08.077+05:30 DEBUG 5796 --- [nio-8080-exec-7] s.w.s.m.m.a.RequestMappingHandlerMapping : Mapped to com.kavya.hrms.controller.ProjectController#list()
2026-05-28T14:41:08.078+05:30 DEBUG 5796 --- [nio-8080-exec-6] s.w.s.m.m.a.RequestMappingHandlerMapping : Mapped to com.kavya.hrms.controller.EmployeeController#list()
2026-05-28T14:41:08.086+05:30 DEBUG 5796 --- [nio-8080-exec-7] m.m.a.RequestResponseBodyMethodProcessor : Using 'application/json', given [*/*] and supported [application/json, application/*+json]
2026-05-28T14:41:08.087+05:30 DEBUG 5796 --- [nio-8080-exec-7] m.m.a.RequestResponseBodyMethodProcessor : Writing [[com.kavya.hrms.model.Project@156b234f, com.kavya.hrms.model.Project@39752a6e, com.kavya.hrms.model. (truncated)...]
2026-05-28T14:41:08.087+05:30 DEBUG 5796 --- [nio-8080-exec-6] m.m.a.RequestResponseBodyMethodProcessor : Using 'application/json', given [*/*] and supported [application/json, application/*+json]
2026-05-28T14:41:08.089+05:30 DEBUG 5796 --- [nio-8080-exec-6] m.m.a.RequestResponseBodyMethodProcessor : Writing [[com.kavya.hrms.model.Employee@53ca7aa6, com.kavya.hrms.model.Employee@cc07481, com.kavya.hrms.model (truncated)...]
2026-05-28T14:41:08.090+05:30 DEBUG 5796 --- [nio-8080-exec-7] o.s.web.servlet.DispatcherServlet        : Completed 200 OK
2026-05-28T14:41:08.093+05:30 DEBUG 5796 --- [nio-8080-exec-6] o.s.web.servlet.DispatcherServlet        : Completed 200 OK
2026-05-28T14:41:12.637+05:30 DEBUG 5796 --- [io-8080-exec-10] o.s.web.servlet.DispatcherServlet        : GET "/api/users", parameters={}
2026-05-28T14:41:12.637+05:30 DEBUG 5796 --- [nio-8080-exec-3] o.s.web.servlet.DispatcherServlet        : GET "/api/employees", parameters={}
2026-05-28T14:41:12.639+05:30 DEBUG 5796 --- [io-8080-exec-10] s.w.s.m.m.a.RequestMappingHandlerMapping : Mapped to com.kavya.hrms.controller.UserController#list()
2026-05-28T14:41:12.639+05:30 DEBUG 5796 --- [nio-8080-exec-3] s.w.s.m.m.a.RequestMappingHandlerMapping : Mapped to com.kavya.hrms.controller.EmployeeController#list()
2026-05-28T14:41:12.647+05:30 DEBUG 5796 --- [io-8080-exec-10] m.m.a.RequestResponseBodyMethodProcessor : Using 'application/json', given [*/*] and supported [application/json, application/*+json]
2026-05-28T14:41:12.650+05:30 DEBUG 5796 --- [io-8080-exec-10] m.m.a.RequestResponseBodyMethodProcessor : Writing [[com.kavya.hrms.model.AppUser@3abb7900, com.kavya.hrms.model.AppUser@811336c, com.kavya.hrms.model.A (truncated)...]
2026-05-28T14:41:12.649+05:30 DEBUG 5796 --- [nio-8080-exec-3] m.m.a.RequestResponseBodyMethodProcessor : Using 'application/json', given [*/*] and supported [application/json, application/*+json]
2026-05-28T14:41:12.653+05:30 DEBUG 5796 --- [nio-8080-exec-3] m.m.a.RequestResponseBodyMethodProcessor : Writing [[com.kavya.hrms.model.Employee@4d25ef73, com.kavya.hrms.model.Employee@7510449a, com.kavya.hrms.mode (truncated)...]
2026-05-28T14:41:12.653+05:30 DEBUG 5796 --- [io-8080-exec-10] o.s.web.servlet.DispatcherServlet        : Completed 200 OK
2026-05-28T14:41:12.656+05:30 DEBUG 5796 --- [nio-8080-exec-3] o.s.web.servlet.DispatcherServlet        : Completed 200 OK
2026-05-28T14:41:12.671+05:30 DEBUG 5796 --- [nio-8080-exec-1] o.s.web.servlet.DispatcherServlet        : GET "/api/employees", parameters={}
2026-05-28T14:41:12.672+05:30 DEBUG 5796 --- [nio-8080-exec-1] s.w.s.m.m.a.RequestMappingHandlerMapping : Mapped to com.kavya.hrms.controller.EmployeeController#list()
2026-05-28T14:41:12.676+05:30 DEBUG 5796 --- [nio-8080-exec-1] m.m.a.RequestResponseBodyMethodProcessor : Using 'application/json', given [*/*] and supported [application/json, application/*+json]
2026-05-28T14:41:12.676+05:30 DEBUG 5796 --- [nio-8080-exec-1] m.m.a.RequestResponseBodyMethodProcessor : Writing [[com.kavya.hrms.model.Employee@574c91c8, com.kavya.hrms.model.Employee@6a5e62be, com.kavya.hrms.mode (truncated)...]
2026-05-28T14:41:12.678+05:30 DEBUG 5796 --- [nio-8080-exec-1] o.s.web.servlet.DispatcherServlet        : Completed 200 OK
2026-05-28T14:41:22.643+05:30 DEBUG 5796 --- [nio-8080-exec-4] o.s.web.servlet.DispatcherServlet        : GET "/api/employees", parameters={}
2026-05-28T14:41:22.643+05:30 DEBUG 5796 --- [nio-8080-exec-9] o.s.web.servlet.DispatcherServlet        : GET "/api/users", parameters={}
2026-05-28T14:41:22.645+05:30 DEBUG 5796 --- [nio-8080-exec-4] s.w.s.m.m.a.RequestMappingHandlerMapping : Mapped to com.kavya.hrms.controller.EmployeeController#list()
2026-05-28T14:41:22.646+05:30 DEBUG 5796 --- [nio-8080-exec-9] s.w.s.m.m.a.RequestMappingHandlerMapping : Mapped to com.kavya.hrms.controller.UserController#list()
2026-05-28T14:41:22.654+05:30 DEBUG 5796 --- [nio-8080-exec-9] m.m.a.RequestResponseBodyMethodProcessor : Using 'application/json', given [*/*] and supported [application/json, application/*+json]
2026-05-28T14:41:22.654+05:30 DEBUG 5796 --- [nio-8080-exec-4] m.m.a.RequestResponseBodyMethodProcessor : Using 'application/json', given [*/*] and supported [application/json, application/*+json]
2026-05-28T14:41:22.655+05:30 DEBUG 5796 --- [nio-8080-exec-9] m.m.a.RequestResponseBodyMethodProcessor : Writing [[com.kavya.hrms.model.AppUser@e5c29dc, com.kavya.hrms.model.AppUser@3a952521, com.kavya.hrms.model.A (truncated)...]
2026-05-28T14:41:22.656+05:30 DEBUG 5796 --- [nio-8080-exec-4] m.m.a.RequestResponseBodyMethodProcessor : Writing [[com.kavya.hrms.model.Employee@365ca240, com.kavya.hrms.model.Employee@5bcc4f50, com.kavya.hrms.mode (truncated)...]
2026-05-28T14:41:22.658+05:30 DEBUG 5796 --- [nio-8080-exec-9] o.s.web.servlet.DispatcherServlet        : Completed 200 OK
2026-05-28T14:41:22.659+05:30 DEBUG 5796 --- [nio-8080-exec-4] o.s.web.servlet.DispatcherServlet        : Completed 200 OK
2026-05-28T14:41:22.687+05:30 DEBUG 5796 --- [nio-8080-exec-2] o.s.web.servlet.DispatcherServlet        : GET "/api/employees", parameters={}
2026-05-28T14:41:22.687+05:30 DEBUG 5796 --- [nio-8080-exec-2] s.w.s.m.m.a.RequestMappingHandlerMapping : Mapped to com.kavya.hrms.controller.EmployeeController#list()
2026-05-28T14:41:22.691+05:30 DEBUG 5796 --- [nio-8080-exec-2] m.m.a.RequestResponseBodyMethodProcessor : Using 'application/json', given [*/*] and supported [application/json, application/*+json]
2026-05-28T14:41:22.692+05:30 DEBUG 5796 --- [nio-8080-exec-2] m.m.a.RequestResponseBodyMethodProcessor : Writing [[com.kavya.hrms.model.Employee@69c44524, com.kavya.hrms.model.Employee@5c5d4295, com.kavya.hrms.mode (truncated)...]
2026-05-28T14:41:22.693+05:30 DEBUG 5796 --- [nio-8080-exec-2] o.s.web.servlet.DispatcherServlet        : Completed 200 OK
2026-05-28T14:41:23.065+05:30 DEBUG 5796 --- [nio-8080-exec-5] o.s.web.servlet.DispatcherServlet        : GET "/api/projects", parameters={}
2026-05-28T14:41:23.065+05:30 DEBUG 5796 --- [nio-8080-exec-8] o.s.web.servlet.DispatcherServlet        : GET "/api/employees", parameters={}
2026-05-28T14:41:23.066+05:30 DEBUG 5796 --- [nio-8080-exec-5] s.w.s.m.m.a.RequestMappingHandlerMapping : Mapped to com.kavya.hrms.controller.ProjectController#list()
2026-05-28T14:41:23.067+05:30 DEBUG 5796 --- [nio-8080-exec-8] s.w.s.m.m.a.RequestMappingHandlerMapping : Mapped to com.kavya.hrms.controller.EmployeeController#list()
2026-05-28T14:41:23.073+05:30 DEBUG 5796 --- [nio-8080-exec-5] m.m.a.RequestResponseBodyMethodProcessor : Using 'application/json', given [*/*] and supported [application/json, application/*+json]
2026-05-28T14:41:23.074+05:30 DEBUG 5796 --- [nio-8080-exec-8] m.m.a.RequestResponseBodyMethodProcessor : Using 'application/json', given [*/*] and supported [application/json, application/*+json]
2026-05-28T14:41:23.074+05:30 DEBUG 5796 --- [nio-8080-exec-5] m.m.a.RequestResponseBodyMethodProcessor : Writing [[com.kavya.hrms.model.Project@2bd7ba2a, com.kavya.hrms.model.Project@4ff15435, com.kavya.hrms.model. (truncated)...]
2026-05-28T14:41:23.075+05:30 DEBUG 5796 --- [nio-8080-exec-8] m.m.a.RequestResponseBodyMethodProcessor : Writing [[com.kavya.hrms.model.Employee@1d84b2a4, com.kavya.hrms.model.Employee@74821493, com.kavya.hrms.mode (truncated)...]
2026-05-28T14:41:23.077+05:30 DEBUG 5796 --- [nio-8080-exec-5] o.s.web.servlet.DispatcherServlet        : Completed 200 OK
2026-05-28T14:41:23.078+05:30 DEBUG 5796 --- [nio-8080-exec-8] o.s.web.servlet.DispatcherServlet        : Completed 200 OK
2026-05-28T14:41:32.638+05:30 DEBUG 5796 --- [nio-8080-exec-6] o.s.web.servlet.DispatcherServlet        : GET "/api/employees", parameters={}
2026-05-28T14:41:32.638+05:30 DEBUG 5796 --- [nio-8080-exec-7] o.s.web.servlet.DispatcherServlet        : GET "/api/users", parameters={}
2026-05-28T14:41:32.639+05:30 DEBUG 5796 --- [nio-8080-exec-6] s.w.s.m.m.a.RequestMappingHandlerMapping : Mapped to com.kavya.hrms.controller.EmployeeController#list()
2026-05-28T14:41:32.640+05:30 DEBUG 5796 --- [nio-8080-exec-7] s.w.s.m.m.a.RequestMappingHandlerMapping : Mapped to com.kavya.hrms.controller.UserController#list()
2026-05-28T14:41:32.649+05:30 DEBUG 5796 --- [nio-8080-exec-6] m.m.a.RequestResponseBodyMethodProcessor : Using 'application/json', given [*/*] and supported [application/json, application/*+json]
2026-05-28T14:41:32.649+05:30 DEBUG 5796 --- [nio-8080-exec-7] m.m.a.RequestResponseBodyMethodProcessor : Using 'application/json', given [*/*] and supported [application/json, application/*+json]
2026-05-28T14:41:32.650+05:30 DEBUG 5796 --- [nio-8080-exec-6] m.m.a.RequestResponseBodyMethodProcessor : Writing [[com.kavya.hrms.model.Employee@1cfb5035, com.kavya.hrms.model.Employee@594f32a3, com.kavya.hrms.mode (truncated)...]
2026-05-28T14:41:32.651+05:30 DEBUG 5796 --- [nio-8080-exec-7] m.m.a.RequestResponseBodyMethodProcessor : Writing [[com.kavya.hrms.model.AppUser@6341d93b, com.kavya.hrms.model.AppUser@4dbf718a, com.kavya.hrms.model. (truncated)...]
2026-05-28T14:41:32.652+05:30 DEBUG 5796 --- [nio-8080-exec-7] o.s.web.servlet.DispatcherServlet        : Completed 200 OK
2026-05-28T14:41:32.652+05:30 DEBUG 5796 --- [nio-8080-exec-6] o.s.web.servlet.DispatcherServlet        : Completed 200 OK
2026-05-28T14:41:32.665+05:30 DEBUG 5796 --- [io-8080-exec-10] o.s.web.servlet.DispatcherServlet        : GET "/api/employees", parameters={}
2026-05-28T14:41:32.666+05:30 DEBUG 5796 --- [io-8080-exec-10] s.w.s.m.m.a.RequestMappingHandlerMapping : Mapped to com.kavya.hrms.controller.EmployeeController#list()
2026-05-28T14:41:32.669+05:30 DEBUG 5796 --- [io-8080-exec-10] m.m.a.RequestResponseBodyMethodProcessor : Using 'application/json', given [*/*] and supported [application/json, application/*+json]
2026-05-28T14:41:32.671+05:30 DEBUG 5796 --- [io-8080-exec-10] m.m.a.RequestResponseBodyMethodProcessor : Writing [[com.kavya.hrms.model.Employee@f28c1e5, com.kavya.hrms.model.Employee@148e8fe3, com.kavya.hrms.model (truncated)...]
2026-05-28T14:41:32.673+05:30 DEBUG 5796 --- [io-8080-exec-10] o.s.web.servlet.DispatcherServlet        : Completed 200 OK
2026-05-28T14:41:38.067+05:30 DEBUG 5796 --- [nio-8080-exec-1] o.s.web.servlet.DispatcherServlet        : GET "/api/employees", parameters={}
2026-05-28T14:41:38.067+05:30 DEBUG 5796 --- [nio-8080-exec-3] o.s.web.servlet.DispatcherServlet        : GET "/api/projects", parameters={}
2026-05-28T14:41:38.068+05:30 DEBUG 5796 --- [nio-8080-exec-1] s.w.s.m.m.a.RequestMappingHandlerMapping : Mapped to com.kavya.hrms.controller.EmployeeController#list()
2026-05-28T14:41:38.069+05:30 DEBUG 5796 --- [nio-8080-exec-3] s.w.s.m.m.a.RequestMappingHandlerMapping : Mapped to com.kavya.hrms.controller.ProjectController#list()
2026-05-28T14:41:38.075+05:30 DEBUG 5796 --- [nio-8080-exec-3] m.m.a.RequestResponseBodyMethodProcessor : Using 'application/json', given [*/*] and supported [application/json, application/*+json]
2026-05-28T14:41:38.076+05:30 DEBUG 5796 --- [nio-8080-exec-1] m.m.a.RequestResponseBodyMethodProcessor : Using 'application/json', given [*/*] and supported [application/json, application/*+json]
2026-05-28T14:41:38.076+05:30 DEBUG 5796 --- [nio-8080-exec-3] m.m.a.RequestResponseBodyMethodProcessor : Writing [[com.kavya.hrms.model.Project@4e76a997, com.kavya.hrms.model.Project@4666ddb0, com.kavya.hrms.model. (truncated)...]
2026-05-28T14:41:38.077+05:30 DEBUG 5796 --- [nio-8080-exec-1] m.m.a.RequestResponseBodyMethodProcessor : Writing [[com.kavya.hrms.model.Employee@43940a34, com.kavya.hrms.model.Employee@1b042ba4, com.kavya.hrms.mode (truncated)...]
2026-05-28T14:41:38.079+05:30 DEBUG 5796 --- [nio-8080-exec-3] o.s.web.servlet.DispatcherServlet        : Completed 200 OK
2026-05-28T14:41:38.080+05:30 DEBUG 5796 --- [nio-8080-exec-1] o.s.web.servlet.DispatcherServlet        : Completed 200 OK
2026-05-28T14:41:42.636+05:30 DEBUG 5796 --- [nio-8080-exec-9] o.s.web.servlet.DispatcherServlet        : GET "/api/users", parameters={}
2026-05-28T14:41:42.636+05:30 DEBUG 5796 --- [nio-8080-exec-4] o.s.web.servlet.DispatcherServlet        : GET "/api/employees", parameters={}
2026-05-28T14:41:42.638+05:30 DEBUG 5796 --- [nio-8080-exec-9] s.w.s.m.m.a.RequestMappingHandlerMapping : Mapped to com.kavya.hrms.controller.UserController#list()
2026-05-28T14:41:42.639+05:30 DEBUG 5796 --- [nio-8080-exec-4] s.w.s.m.m.a.RequestMappingHandlerMapping : Mapped to com.kavya.hrms.controller.EmployeeController#list()
2026-05-28T14:41:42.646+05:30 DEBUG 5796 --- [nio-8080-exec-9] m.m.a.RequestResponseBodyMethodProcessor : Using 'application/json', given [*/*] and supported [application/json, application/*+json]
2026-05-28T14:41:42.648+05:30 DEBUG 5796 --- [nio-8080-exec-9] m.m.a.RequestResponseBodyMethodProcessor : Writing [[com.kavya.hrms.model.AppUser@5642cf98, com.kavya.hrms.model.AppUser@6d8ef501, com.kavya.hrms.model. (truncated)...]
2026-05-28T14:41:42.649+05:30 DEBUG 5796 --- [nio-8080-exec-4] m.m.a.RequestResponseBodyMethodProcessor : Using 'application/json', given [*/*] and supported [application/json, application/*+json]
2026-05-28T14:41:42.650+05:30 DEBUG 5796 --- [nio-8080-exec-4] m.m.a.RequestResponseBodyMethodProcessor : Writing [[com.kavya.hrms.model.Employee@1e506e36, com.kavya.hrms.model.Employee@16ee2423, com.kavya.hrms.mode (truncated)...]
2026-05-28T14:41:42.650+05:30 DEBUG 5796 --- [nio-8080-exec-9] o.s.web.servlet.DispatcherServlet        : Completed 200 OK
2026-05-28T14:41:42.654+05:30 DEBUG 5796 --- [nio-8080-exec-4] o.s.web.servlet.DispatcherServlet        : Completed 200 OK
2026-05-28T14:41:42.671+05:30 DEBUG 5796 --- [nio-8080-exec-2] o.s.web.servlet.DispatcherServlet        : GET "/api/employees", parameters={}
2026-05-28T14:41:42.672+05:30 DEBUG 5796 --- [nio-8080-exec-2] s.w.s.m.m.a.RequestMappingHandlerMapping : Mapped to com.kavya.hrms.controller.EmployeeController#list()
2026-05-28T14:41:42.676+05:30 DEBUG 5796 --- [nio-8080-exec-2] m.m.a.RequestResponseBodyMethodProcessor : Using 'application/json', given [*/*] and supported [application/json, application/*+json]
2026-05-28T14:41:42.676+05:30 DEBUG 5796 --- [nio-8080-exec-2] m.m.a.RequestResponseBodyMethodProcessor : Writing [[com.kavya.hrms.model.Employee@68163909, com.kavya.hrms.model.Employee@7eaca913, com.kavya.hrms.mode (truncated)...]
2026-05-28T14:41:42.678+05:30 DEBUG 5796 --- [nio-8080-exec-2] o.s.web.servlet.DispatcherServlet        : Completed 200 OK
2026-05-28T14:41:52.641+05:30 DEBUG 5796 --- [nio-8080-exec-7] o.s.web.servlet.DispatcherServlet        : GET "/api/users", parameters={}
2026-05-28T14:41:52.642+05:30 DEBUG 5796 --- [nio-8080-exec-6] o.s.web.servlet.DispatcherServlet        : GET "/api/employees", parameters={}
2026-05-28T14:41:52.643+05:30 DEBUG 5796 --- [nio-8080-exec-7] s.w.s.m.m.a.RequestMappingHandlerMapping : Mapped to com.kavya.hrms.controller.UserController#list()
2026-05-28T14:41:52.643+05:30 DEBUG 5796 --- [nio-8080-exec-6] s.w.s.m.m.a.RequestMappingHandlerMapping : Mapped to com.kavya.hrms.controller.EmployeeController#list()
2026-05-28T14:41:52.657+05:30 DEBUG 5796 --- [nio-8080-exec-7] m.m.a.RequestResponseBodyMethodProcessor : Using 'application/json', given [*/*] and supported [application/json, application/*+json]
2026-05-28T14:41:52.658+05:30 DEBUG 5796 --- [nio-8080-exec-7] m.m.a.RequestResponseBodyMethodProcessor : Writing [[com.kavya.hrms.model.AppUser@770c6cf, com.kavya.hrms.model.AppUser@73c31459, com.kavya.hrms.model.A (truncated)...]
2026-05-28T14:41:52.660+05:30 DEBUG 5796 --- [nio-8080-exec-7] o.s.web.servlet.DispatcherServlet        : Completed 200 OK
2026-05-28T14:41:52.661+05:30 DEBUG 5796 --- [nio-8080-exec-6] m.m.a.RequestResponseBodyMethodProcessor : Using 'application/json', given [*/*] and supported [application/json, application/*+json]
2026-05-28T14:41:52.663+05:30 DEBUG 5796 --- [nio-8080-exec-6] m.m.a.RequestResponseBodyMethodProcessor : Writing [[com.kavya.hrms.model.Employee@44685688, com.kavya.hrms.model.Employee@4e9be7a6, com.kavya.hrms.mode (truncated)...]
2026-05-28T14:41:52.666+05:30 DEBUG 5796 --- [nio-8080-exec-6] o.s.web.servlet.DispatcherServlet        : Completed 200 OK
2026-05-28T14:41:52.682+05:30 DEBUG 5796 --- [io-8080-exec-10] o.s.web.servlet.DispatcherServlet        : GET "/api/employees", parameters={}
2026-05-28T14:41:52.683+05:30 DEBUG 5796 --- [io-8080-exec-10] s.w.s.m.m.a.RequestMappingHandlerMapping : Mapped to com.kavya.hrms.controller.EmployeeController#list()
2026-05-28T14:41:52.687+05:30 DEBUG 5796 --- [io-8080-exec-10] m.m.a.RequestResponseBodyMethodProcessor : Using 'application/json', given [*/*] and supported [application/json, application/*+json]
2026-05-28T14:41:52.687+05:30 DEBUG 5796 --- [io-8080-exec-10] m.m.a.RequestResponseBodyMethodProcessor : Writing [[com.kavya.hrms.model.Employee@11b0e9c4, com.kavya.hrms.model.Employee@28df8712, com.kavya.hrms.mode (truncated)...]
2026-05-28T14:41:52.689+05:30 DEBUG 5796 --- [io-8080-exec-10] o.s.web.servlet.DispatcherServlet        : Completed 200 OK
2026-05-28T14:41:53.090+05:30 DEBUG 5796 --- [nio-8080-exec-3] o.s.web.servlet.DispatcherServlet        : GET "/api/projects", parameters={}
2026-05-28T14:41:53.090+05:30 DEBUG 5796 --- [nio-8080-exec-3] s.w.s.m.m.a.RequestMappingHandlerMapping : Mapped to com.kavya.hrms.controller.ProjectController#list()
2026-05-28T14:41:53.091+05:30 DEBUG 5796 --- [nio-8080-exec-1] o.s.web.servlet.DispatcherServlet        : GET "/api/employees", parameters={}
2026-05-28T14:41:53.091+05:30 DEBUG 5796 --- [nio-8080-exec-1] s.w.s.m.m.a.RequestMappingHandlerMapping : Mapped to com.kavya.hrms.controller.EmployeeController#list()
2026-05-28T14:41:53.093+05:30 DEBUG 5796 --- [nio-8080-exec-3] m.m.a.RequestResponseBodyMethodProcessor : Using 'application/json', given [*/*] and supported [application/json, application/*+json]
2026-05-28T14:41:53.094+05:30 DEBUG 5796 --- [nio-8080-exec-3] m.m.a.RequestResponseBodyMethodProcessor : Writing [[com.kavya.hrms.model.Project@10fdc1e7, com.kavya.hrms.model.Project@2c2155e2, com.kavya.hrms.model. (truncated)...]
2026-05-28T14:41:53.094+05:30 DEBUG 5796 --- [nio-8080-exec-3] o.s.web.servlet.DispatcherServlet        : Completed 200 OK
2026-05-28T14:41:53.105+05:30 DEBUG 5796 --- [nio-8080-exec-1] m.m.a.RequestResponseBodyMethodProcessor : Using 'application/json', given [*/*] and supported [application/json, application/*+json]
2026-05-28T14:41:53.105+05:30 DEBUG 5796 --- [nio-8080-exec-1] m.m.a.RequestResponseBodyMethodProcessor : Writing [[com.kavya.hrms.model.Employee@7088561f, com.kavya.hrms.model.Employee@232f756, com.kavya.hrms.model (truncated)...]
2026-05-28T14:41:53.106+05:30 DEBUG 5796 --- [nio-8080-exec-1] o.s.web.servlet.DispatcherServlet        : Completed 200 OK
2026-05-28T14:42:02.633+05:30 DEBUG 5796 --- [nio-8080-exec-9] o.s.web.servlet.DispatcherServlet        : GET "/api/users", parameters={}
2026-05-28T14:42:02.634+05:30 DEBUG 5796 --- [nio-8080-exec-4] o.s.web.servlet.DispatcherServlet        : GET "/api/employees", parameters={}
2026-05-28T14:42:02.635+05:30 DEBUG 5796 --- [nio-8080-exec-4] s.w.s.m.m.a.RequestMappingHandlerMapping : Mapped to com.kavya.hrms.controller.EmployeeController#list()
2026-05-28T14:42:02.635+05:30 DEBUG 5796 --- [nio-8080-exec-9] s.w.s.m.m.a.RequestMappingHandlerMapping : Mapped to com.kavya.hrms.controller.UserController#list()
2026-05-28T14:42:02.645+05:30 DEBUG 5796 --- [nio-8080-exec-9] m.m.a.RequestResponseBodyMethodProcessor : Using 'application/json', given [*/*] and supported [application/json, application/*+json]
2026-05-28T14:42:02.646+05:30 DEBUG 5796 --- [nio-8080-exec-4] m.m.a.RequestResponseBodyMethodProcessor : Using 'application/json', given [*/*] and supported [application/json, application/*+json]
2026-05-28T14:42:02.646+05:30 DEBUG 5796 --- [nio-8080-exec-9] m.m.a.RequestResponseBodyMethodProcessor : Writing [[com.kavya.hrms.model.AppUser@4654bce2, com.kavya.hrms.model.AppUser@28bbf808, com.kavya.hrms.model. (truncated)...]
2026-05-28T14:42:02.647+05:30 DEBUG 5796 --- [nio-8080-exec-4] m.m.a.RequestResponseBodyMethodProcessor : Writing [[com.kavya.hrms.model.Employee@3a411ea5, com.kavya.hrms.model.Employee@7cf67970, com.kavya.hrms.mode (truncated)...]
2026-05-28T14:42:02.649+05:30 DEBUG 5796 --- [nio-8080-exec-9] o.s.web.servlet.DispatcherServlet        : Completed 200 OK
2026-05-28T14:42:02.650+05:30 DEBUG 5796 --- [nio-8080-exec-4] o.s.web.servlet.DispatcherServlet        : Completed 200 OK
2026-05-28T14:42:02.661+05:30 DEBUG 5796 --- [nio-8080-exec-2] o.s.web.servlet.DispatcherServlet        : GET "/api/employees", parameters={}
2026-05-28T14:42:02.662+05:30 DEBUG 5796 --- [nio-8080-exec-2] s.w.s.m.m.a.RequestMappingHandlerMapping : Mapped to com.kavya.hrms.controller.EmployeeController#list()
2026-05-28T14:42:02.666+05:30 DEBUG 5796 --- [nio-8080-exec-2] m.m.a.RequestResponseBodyMethodProcessor : Using 'application/json', given [*/*] and supported [application/json, application/*+json]
2026-05-28T14:42:02.666+05:30 DEBUG 5796 --- [nio-8080-exec-2] m.m.a.RequestResponseBodyMethodProcessor : Writing [[com.kavya.hrms.model.Employee@2dcef3cf, com.kavya.hrms.model.Employee@a34b582, com.kavya.hrms.model (truncated)...]
2026-05-28T14:42:02.668+05:30 DEBUG 5796 --- [nio-8080-exec-2] o.s.web.servlet.DispatcherServlet        : Completed 200 OK
2026-05-28T14:42:08.073+05:30 DEBUG 5796 --- [nio-8080-exec-5] o.s.web.servlet.DispatcherServlet        : GET "/api/projects", parameters={}
2026-05-28T14:42:08.073+05:30 DEBUG 5796 --- [nio-8080-exec-8] o.s.web.servlet.DispatcherServlet        : GET "/api/employees", parameters={}
2026-05-28T14:42:08.074+05:30 DEBUG 5796 --- [nio-8080-exec-5] s.w.s.m.m.a.RequestMappingHandlerMapping : Mapped to com.kavya.hrms.controller.ProjectController#list()
2026-05-28T14:42:08.075+05:30 DEBUG 5796 --- [nio-8080-exec-8] s.w.s.m.m.a.RequestMappingHandlerMapping : Mapped to com.kavya.hrms.controller.EmployeeController#list()
2026-05-28T14:42:08.082+05:30 DEBUG 5796 --- [nio-8080-exec-5] m.m.a.RequestResponseBodyMethodProcessor : Using 'application/json', given [*/*] and supported [application/json, application/*+json]
2026-05-28T14:42:08.083+05:30 DEBUG 5796 --- [nio-8080-exec-5] m.m.a.RequestResponseBodyMethodProcessor : Writing [[com.kavya.hrms.model.Project@4b2a87af, com.kavya.hrms.model.Project@3da05da0, com.kavya.hrms.model. (truncated)...]
2026-05-28T14:42:08.085+05:30 DEBUG 5796 --- [nio-8080-exec-8] m.m.a.RequestResponseBodyMethodProcessor : Using 'application/json', given [*/*] and supported [application/json, application/*+json]
2026-05-28T14:42:08.086+05:30 DEBUG 5796 --- [nio-8080-exec-8] m.m.a.RequestResponseBodyMethodProcessor : Writing [[com.kavya.hrms.model.Employee@ea8eaae, com.kavya.hrms.model.Employee@246fb936, com.kavya.hrms.model (truncated)...]
2026-05-28T14:42:08.086+05:30 DEBUG 5796 --- [nio-8080-exec-5] o.s.web.servlet.DispatcherServlet        : Completed 200 OK
2026-05-28T14:42:08.090+05:30 DEBUG 5796 --- [nio-8080-exec-8] o.s.web.servlet.DispatcherServlet        : Completed 200 OK
2026-05-28T14:42:12.639+05:30 DEBUG 5796 --- [nio-8080-exec-7] o.s.web.servlet.DispatcherServlet        : GET "/api/users", parameters={}
2026-05-28T14:42:12.640+05:30 DEBUG 5796 --- [nio-8080-exec-7] s.w.s.m.m.a.RequestMappingHandlerMapping : Mapped to com.kavya.hrms.controller.UserController#list()
2026-05-28T14:42:12.641+05:30 DEBUG 5796 --- [nio-8080-exec-6] o.s.web.servlet.DispatcherServlet        : GET "/api/employees", parameters={}
2026-05-28T14:42:12.642+05:30 DEBUG 5796 --- [nio-8080-exec-6] s.w.s.m.m.a.RequestMappingHandlerMapping : Mapped to com.kavya.hrms.controller.EmployeeController#list()
2026-05-28T14:42:12.645+05:30 DEBUG 5796 --- [nio-8080-exec-7] m.m.a.RequestResponseBodyMethodProcessor : Using 'application/json', given [*/*] and supported [application/json, application/*+json]
2026-05-28T14:42:12.646+05:30 DEBUG 5796 --- [nio-8080-exec-7] m.m.a.RequestResponseBodyMethodProcessor : Writing [[com.kavya.hrms.model.AppUser@7e48e635, com.kavya.hrms.model.AppUser@6736b126, com.kavya.hrms.model. (truncated)...]
2026-05-28T14:42:12.647+05:30 DEBUG 5796 --- [nio-8080-exec-7] o.s.web.servlet.DispatcherServlet        : Completed 200 OK
2026-05-28T14:42:12.649+05:30 DEBUG 5796 --- [nio-8080-exec-6] m.m.a.RequestResponseBodyMethodProcessor : Using 'application/json', given [*/*] and supported [application/json, application/*+json]
2026-05-28T14:42:12.649+05:30 DEBUG 5796 --- [nio-8080-exec-6] m.m.a.RequestResponseBodyMethodProcessor : Writing [[com.kavya.hrms.model.Employee@189e6b6b, com.kavya.hrms.model.Employee@d781382, com.kavya.hrms.model (truncated)...]
2026-05-28T14:42:12.651+05:30 DEBUG 5796 --- [nio-8080-exec-6] o.s.web.servlet.DispatcherServlet        : Completed 200 OK
2026-05-28T14:42:12.664+05:30 DEBUG 5796 --- [io-8080-exec-10] o.s.web.servlet.DispatcherServlet        : GET "/api/employees", parameters={}
2026-05-28T14:42:12.665+05:30 DEBUG 5796 --- [io-8080-exec-10] s.w.s.m.m.a.RequestMappingHandlerMapping : Mapped to com.kavya.hrms.controller.EmployeeController#list()
2026-05-28T14:42:12.670+05:30 DEBUG 5796 --- [io-8080-exec-10] m.m.a.RequestResponseBodyMethodProcessor : Using 'application/json', given [*/*] and supported [application/json, application/*+json]
2026-05-28T14:42:12.671+05:30 DEBUG 5796 --- [io-8080-exec-10] m.m.a.RequestResponseBodyMethodProcessor : Writing [[com.kavya.hrms.model.Employee@3e7f31d9, com.kavya.hrms.model.Employee@72e7a9ae, com.kavya.hrms.mode (truncated)...]
2026-05-28T14:42:12.672+05:30 DEBUG 5796 --- [io-8080-exec-10] o.s.web.servlet.DispatcherServlet        : Completed 200 OK
2026-05-28T14:42:23.045+05:30 DEBUG 5796 --- [nio-8080-exec-3] o.s.web.servlet.DispatcherServlet        : GET "/api/users", parameters={}
2026-05-28T14:42:23.046+05:30 DEBUG 5796 --- [nio-8080-exec-1] o.s.web.servlet.DispatcherServlet        : GET "/api/employees", parameters={}
2026-05-28T14:42:23.072+05:30 DEBUG 5796 --- [nio-8080-exec-3] s.w.s.m.m.a.RequestMappingHandlerMapping : Mapped to com.kavya.hrms.controller.UserController#list()
2026-05-28T14:42:23.074+05:30 DEBUG 5796 --- [nio-8080-exec-1] s.w.s.m.m.a.RequestMappingHandlerMapping : Mapped to com.kavya.hrms.controller.EmployeeController#list()
2026-05-28T14:42:23.081+05:30 DEBUG 5796 --- [nio-8080-exec-3] m.m.a.RequestResponseBodyMethodProcessor : Using 'application/json', given [*/*] and supported [application/json, application/*+json]
2026-05-28T14:42:23.081+05:30 DEBUG 5796 --- [nio-8080-exec-1] m.m.a.RequestResponseBodyMethodProcessor : Using 'application/json', given [*/*] and supported [application/json, application/*+json]
2026-05-28T14:42:23.082+05:30 DEBUG 5796 --- [nio-8080-exec-3] m.m.a.RequestResponseBodyMethodProcessor : Writing [[com.kavya.hrms.model.AppUser@6f15063, com.kavya.hrms.model.AppUser@542050af, com.kavya.hrms.model.A (truncated)...]
2026-05-28T14:42:23.083+05:30 DEBUG 5796 --- [nio-8080-exec-1] m.m.a.RequestResponseBodyMethodProcessor : Writing [[com.kavya.hrms.model.Employee@44b5778, com.kavya.hrms.model.Employee@3c243034, com.kavya.hrms.model (truncated)...]
2026-05-28T14:42:23.084+05:30 DEBUG 5796 --- [nio-8080-exec-3] o.s.web.servlet.DispatcherServlet        : Completed 200 OK
2026-05-28T14:42:23.086+05:30 DEBUG 5796 --- [nio-8080-exec-1] o.s.web.servlet.DispatcherServlet        : Completed 200 OK
2026-05-28T14:42:23.101+05:30 DEBUG 5796 --- [nio-8080-exec-9] o.s.web.servlet.DispatcherServlet        : GET "/api/employees", parameters={}
2026-05-28T14:42:23.104+05:30 DEBUG 5796 --- [nio-8080-exec-9] s.w.s.m.m.a.RequestMappingHandlerMapping : Mapped to com.kavya.hrms.controller.EmployeeController#list()
2026-05-28T14:42:23.107+05:30 DEBUG 5796 --- [nio-8080-exec-9] m.m.a.RequestResponseBodyMethodProcessor : Using 'application/json', given [*/*] and supported [application/json, application/*+json]
2026-05-28T14:42:23.108+05:30 DEBUG 5796 --- [nio-8080-exec-9] m.m.a.RequestResponseBodyMethodProcessor : Writing [[com.kavya.hrms.model.Employee@77eaada2, com.kavya.hrms.model.Employee@4134ba6f, com.kavya.hrms.mode (truncated)...]
2026-05-28T14:42:23.109+05:30 DEBUG 5796 --- [nio-8080-exec-9] o.s.web.servlet.DispatcherServlet        : Completed 200 OK
2026-05-28T14:42:24.033+05:30 DEBUG 5796 --- [nio-8080-exec-4] o.s.web.servlet.DispatcherServlet        : GET "/api/projects", parameters={}
2026-05-28T14:42:24.034+05:30 DEBUG 5796 --- [nio-8080-exec-2] o.s.web.servlet.DispatcherServlet        : GET "/api/employees", parameters={}
2026-05-28T14:42:24.220+05:30 DEBUG 5796 --- [nio-8080-exec-4] s.w.s.m.m.a.RequestMappingHandlerMapping : Mapped to com.kavya.hrms.controller.ProjectController#list()
2026-05-28T14:42:24.224+05:30 DEBUG 5796 --- [nio-8080-exec-2] s.w.s.m.m.a.RequestMappingHandlerMapping : Mapped to com.kavya.hrms.controller.EmployeeController#list()
2026-05-28T14:42:24.235+05:30 DEBUG 5796 --- [nio-8080-exec-4] m.m.a.RequestResponseBodyMethodProcessor : Using 'application/json', given [*/*] and supported [application/json, application/*+json]
2026-05-28T14:42:24.238+05:30 DEBUG 5796 --- [nio-8080-exec-4] m.m.a.RequestResponseBodyMethodProcessor : Writing [[com.kavya.hrms.model.Project@4823d2a1, com.kavya.hrms.model.Project@61963f21, com.kavya.hrms.model. (truncated)...]
2026-05-28T14:42:24.239+05:30 DEBUG 5796 --- [nio-8080-exec-2] m.m.a.RequestResponseBodyMethodProcessor : Using 'application/json', given [*/*] and supported [application/json, application/*+json]
2026-05-28T14:42:24.240+05:30 DEBUG 5796 --- [nio-8080-exec-4] o.s.web.servlet.DispatcherServlet        : Completed 200 OK
2026-05-28T14:42:24.240+05:30 DEBUG 5796 --- [nio-8080-exec-2] m.m.a.RequestResponseBodyMethodProcessor : Writing [[com.kavya.hrms.model.Employee@1abbdcfd, com.kavya.hrms.model.Employee@536584db, com.kavya.hrms.mode (truncated)...]
2026-05-28T14:42:24.243+05:30 DEBUG 5796 --- [nio-8080-exec-2] o.s.web.servlet.DispatcherServlet        : Completed 200 OK
2026-05-28T14:42:29.108+05:30 DEBUG 5796 --- [nio-8080-exec-5] o.s.web.servlet.DispatcherServlet        : GET "/api/projects", parameters={}
2026-05-28T14:42:29.110+05:30 DEBUG 5796 --- [nio-8080-exec-8] o.s.web.servlet.DispatcherServlet        : GET "/api/employees", parameters={}
2026-05-28T14:42:29.129+05:30 DEBUG 5796 --- [nio-8080-exec-8] s.w.s.m.m.a.RequestMappingHandlerMapping : Mapped to com.kavya.hrms.controller.EmployeeController#list()
2026-05-28T14:42:29.128+05:30 DEBUG 5796 --- [nio-8080-exec-5] s.w.s.m.m.a.RequestMappingHandlerMapping : Mapped to com.kavya.hrms.controller.ProjectController#list()
2026-05-28T14:42:29.134+05:30 DEBUG 5796 --- [nio-8080-exec-8] m.m.a.RequestResponseBodyMethodProcessor : Using 'application/json', given [*/*] and supported [application/json, application/*+json]
2026-05-28T14:42:29.135+05:30 DEBUG 5796 --- [nio-8080-exec-8] m.m.a.RequestResponseBodyMethodProcessor : Writing [[com.kavya.hrms.model.Employee@2a8b854d, com.kavya.hrms.model.Employee@6a6ed8c0, com.kavya.hrms.mode (truncated)...]
2026-05-28T14:42:29.136+05:30 DEBUG 5796 --- [nio-8080-exec-8] o.s.web.servlet.DispatcherServlet        : Completed 200 OK
2026-05-28T14:42:29.137+05:30 DEBUG 5796 --- [nio-8080-exec-5] m.m.a.RequestResponseBodyMethodProcessor : Using 'application/json', given [*/*] and supported [application/json, application/*+json]
2026-05-28T14:42:29.138+05:30 DEBUG 5796 --- [nio-8080-exec-5] m.m.a.RequestResponseBodyMethodProcessor : Writing [[com.kavya.hrms.model.Project@c2513a2, com.kavya.hrms.model.Project@46f58ba0, com.kavya.hrms.model.P (truncated)...]
2026-05-28T14:42:29.139+05:30 DEBUG 5796 --- [nio-8080-exec-5] o.s.web.servlet.DispatcherServlet        : Completed 200 OK
2026-05-28T14:42:33.033+05:30 DEBUG 5796 --- [nio-8080-exec-7] o.s.web.servlet.DispatcherServlet        : GET "/api/users", parameters={}
2026-05-28T14:42:33.035+05:30 DEBUG 5796 --- [nio-8080-exec-6] o.s.web.servlet.DispatcherServlet        : GET "/api/employees", parameters={}
2026-05-28T14:42:33.142+05:30 DEBUG 5796 --- [nio-8080-exec-7] s.w.s.m.m.a.RequestMappingHandlerMapping : Mapped to com.kavya.hrms.controller.UserController#list()
2026-05-28T14:42:33.143+05:30 DEBUG 5796 --- [nio-8080-exec-6] s.w.s.m.m.a.RequestMappingHandlerMapping : Mapped to com.kavya.hrms.controller.EmployeeController#list()
2026-05-28T14:42:33.145+05:30 DEBUG 5796 --- [nio-8080-exec-6] m.m.a.RequestResponseBodyMethodProcessor : Using 'application/json', given [*/*] and supported [application/json, application/*+json]
2026-05-28T14:42:33.145+05:30 DEBUG 5796 --- [nio-8080-exec-7] m.m.a.RequestResponseBodyMethodProcessor : Using 'application/json', given [*/*] and supported [application/json, application/*+json]
2026-05-28T14:42:33.145+05:30 DEBUG 5796 --- [nio-8080-exec-6] m.m.a.RequestResponseBodyMethodProcessor : Writing [[com.kavya.hrms.model.Employee@a5a5b59, com.kavya.hrms.model.Employee@251542e5, com.kavya.hrms.model (truncated)...]
2026-05-28T14:42:33.146+05:30 DEBUG 5796 --- [nio-8080-exec-7] m.m.a.RequestResponseBodyMethodProcessor : Writing [[com.kavya.hrms.model.AppUser@4731013, com.kavya.hrms.model.AppUser@6ffea24b, com.kavya.hrms.model.A (truncated)...]
2026-05-28T14:42:33.146+05:30 DEBUG 5796 --- [nio-8080-exec-7] o.s.web.servlet.DispatcherServlet        : Completed 200 OK
2026-05-28T14:42:33.146+05:30 DEBUG 5796 --- [nio-8080-exec-6] o.s.web.servlet.DispatcherServlet        : Completed 200 OK
2026-05-28T14:42:33.157+05:30 DEBUG 5796 --- [io-8080-exec-10] o.s.web.servlet.DispatcherServlet        : GET "/api/employees", parameters={}
2026-05-28T14:42:33.158+05:30 DEBUG 5796 --- [io-8080-exec-10] s.w.s.m.m.a.RequestMappingHandlerMapping : Mapped to com.kavya.hrms.controller.EmployeeController#list()
2026-05-28T14:42:33.161+05:30 DEBUG 5796 --- [io-8080-exec-10] m.m.a.RequestResponseBodyMethodProcessor : Using 'application/json', given [*/*] and supported [application/json, application/*+json]
2026-05-28T14:42:33.161+05:30 DEBUG 5796 --- [io-8080-exec-10] m.m.a.RequestResponseBodyMethodProcessor : Writing [[com.kavya.hrms.model.Employee@1c54f9b9, com.kavya.hrms.model.Employee@56cac5b3, com.kavya.hrms.mode (truncated)...]
2026-05-28T14:42:33.162+05:30 DEBUG 5796 --- [io-8080-exec-10] o.s.web.servlet.DispatcherServlet        : Completed 200 OK
2026-05-28T14:42:43.028+05:30 DEBUG 5796 --- [nio-8080-exec-1] o.s.web.servlet.DispatcherServlet        : GET "/api/employees", parameters={}
2026-05-28T14:42:43.028+05:30 DEBUG 5796 --- [nio-8080-exec-3] o.s.web.servlet.DispatcherServlet        : GET "/api/users", parameters={}
2026-05-28T14:42:43.058+05:30 DEBUG 5796 --- [nio-8080-exec-1] s.w.s.m.m.a.RequestMappingHandlerMapping : Mapped to com.kavya.hrms.controller.EmployeeController#list()
2026-05-28T14:42:43.058+05:30 DEBUG 5796 --- [nio-8080-exec-3] s.w.s.m.m.a.RequestMappingHandlerMapping : Mapped to com.kavya.hrms.controller.UserController#list()
2026-05-28T14:42:43.063+05:30 DEBUG 5796 --- [nio-8080-exec-3] m.m.a.RequestResponseBodyMethodProcessor : Using 'application/json', given [*/*] and supported [application/json, application/*+json]
2026-05-28T14:42:43.063+05:30 DEBUG 5796 --- [nio-8080-exec-1] m.m.a.RequestResponseBodyMethodProcessor : Using 'application/json', given [*/*] and supported [application/json, application/*+json]
2026-05-28T14:42:43.064+05:30 DEBUG 5796 --- [nio-8080-exec-3] m.m.a.RequestResponseBodyMethodProcessor : Writing [[com.kavya.hrms.model.AppUser@320217c2, com.kavya.hrms.model.AppUser@6c70e76b, com.kavya.hrms.model. (truncated)...]
2026-05-28T14:42:43.064+05:30 DEBUG 5796 --- [nio-8080-exec-1] m.m.a.RequestResponseBodyMethodProcessor : Writing [[com.kavya.hrms.model.Employee@7936b187, com.kavya.hrms.model.Employee@66b368d0, com.kavya.hrms.mode (truncated)...]
2026-05-28T14:42:43.065+05:30 DEBUG 5796 --- [nio-8080-exec-3] o.s.web.servlet.DispatcherServlet        : Completed 200 OK
2026-05-28T14:42:43.066+05:30 DEBUG 5796 --- [nio-8080-exec-1] o.s.web.servlet.DispatcherServlet        : Completed 200 OK
2026-05-28T14:42:43.086+05:30 DEBUG 5796 --- [nio-8080-exec-9] o.s.web.servlet.DispatcherServlet        : GET "/api/employees", parameters={}
2026-05-28T14:42:43.087+05:30 DEBUG 5796 --- [nio-8080-exec-9] s.w.s.m.m.a.RequestMappingHandlerMapping : Mapped to com.kavya.hrms.controller.EmployeeController#list()
2026-05-28T14:42:43.090+05:30 DEBUG 5796 --- [nio-8080-exec-9] m.m.a.RequestResponseBodyMethodProcessor : Using 'application/json', given [*/*] and supported [application/json, application/*+json]
2026-05-28T14:42:43.090+05:30 DEBUG 5796 --- [nio-8080-exec-9] m.m.a.RequestResponseBodyMethodProcessor : Writing [[com.kavya.hrms.model.Employee@1cb60338, com.kavya.hrms.model.Employee@68944734, com.kavya.hrms.mode (truncated)...]
2026-05-28T14:42:43.091+05:30 DEBUG 5796 --- [nio-8080-exec-9] o.s.web.servlet.DispatcherServlet        : Completed 200 OK
2026-05-28T14:42:45.035+05:30 DEBUG 5796 --- [nio-8080-exec-2] o.s.web.servlet.DispatcherServlet        : GET "/api/employees", parameters={}
2026-05-28T14:42:45.036+05:30 DEBUG 5796 --- [nio-8080-exec-4] o.s.web.servlet.DispatcherServlet        : GET "/api/projects", parameters={}
2026-05-28T14:42:45.094+05:30 DEBUG 5796 --- [nio-8080-exec-2] s.w.s.m.m.a.RequestMappingHandlerMapping : Mapped to com.kavya.hrms.controller.EmployeeController#list()
2026-05-28T14:42:45.094+05:30 DEBUG 5796 --- [nio-8080-exec-4] s.w.s.m.m.a.RequestMappingHandlerMapping : Mapped to com.kavya.hrms.controller.ProjectController#list()
2026-05-28T14:42:45.096+05:30 DEBUG 5796 --- [nio-8080-exec-4] m.m.a.RequestResponseBodyMethodProcessor : Using 'application/json', given [*/*] and supported [application/json, application/*+json]
2026-05-28T14:42:45.097+05:30 DEBUG 5796 --- [nio-8080-exec-2] m.m.a.RequestResponseBodyMethodProcessor : Using 'application/json', given [*/*] and supported [application/json, application/*+json]
2026-05-28T14:42:45.097+05:30 DEBUG 5796 --- [nio-8080-exec-4] m.m.a.RequestResponseBodyMethodProcessor : Writing [[com.kavya.hrms.model.Project@592225d7, com.kavya.hrms.model.Project@150424a, com.kavya.hrms.model.P (truncated)...]
2026-05-28T14:42:45.098+05:30 DEBUG 5796 --- [nio-8080-exec-2] m.m.a.RequestResponseBodyMethodProcessor : Writing [[com.kavya.hrms.model.Employee@3b33a2b8, com.kavya.hrms.model.Employee@649e75e8, com.kavya.hrms.mode (truncated)...]
2026-05-28T14:42:45.098+05:30 DEBUG 5796 --- [nio-8080-exec-4] o.s.web.servlet.DispatcherServlet        : Completed 200 OK
2026-05-28T14:42:45.099+05:30 DEBUG 5796 --- [nio-8080-exec-2] o.s.web.servlet.DispatcherServlet        : Completed 200 OK
2026-05-28T14:42:53.027+05:30 DEBUG 5796 --- [nio-8080-exec-5] o.s.web.servlet.DispatcherServlet        : GET "/api/employees", parameters={}
2026-05-28T14:42:53.027+05:30 DEBUG 5796 --- [nio-8080-exec-8] o.s.web.servlet.DispatcherServlet        : GET "/api/users", parameters={}
2026-05-28T14:42:53.444+05:30 DEBUG 5796 --- [nio-8080-exec-5] s.w.s.m.m.a.RequestMappingHandlerMapping : Mapped to com.kavya.hrms.controller.EmployeeController#list()
2026-05-28T14:42:53.447+05:30 DEBUG 5796 --- [nio-8080-exec-8] s.w.s.m.m.a.RequestMappingHandlerMapping : Mapped to com.kavya.hrms.controller.UserController#list()
2026-05-28T14:42:53.458+05:30 DEBUG 5796 --- [nio-8080-exec-8] m.m.a.RequestResponseBodyMethodProcessor : Using 'application/json', given [*/*] and supported [application/json, application/*+json]
2026-05-28T14:42:53.459+05:30 DEBUG 5796 --- [nio-8080-exec-5] m.m.a.RequestResponseBodyMethodProcessor : Using 'application/json', given [*/*] and supported [application/json, application/*+json]
2026-05-28T14:42:53.461+05:30 DEBUG 5796 --- [nio-8080-exec-8] m.m.a.RequestResponseBodyMethodProcessor : Writing [[com.kavya.hrms.model.AppUser@d499ca9, com.kavya.hrms.model.AppUser@6bd37a88, com.kavya.hrms.model.A (truncated)...]
2026-05-28T14:42:53.461+05:30 DEBUG 5796 --- [nio-8080-exec-5] m.m.a.RequestResponseBodyMethodProcessor : Writing [[com.kavya.hrms.model.Employee@50154e2e, com.kavya.hrms.model.Employee@3552a5f7, com.kavya.hrms.mode (truncated)...]
2026-05-28T14:42:53.463+05:30 DEBUG 5796 --- [nio-8080-exec-8] o.s.web.servlet.DispatcherServlet        : Completed 200 OK
2026-05-28T14:42:53.464+05:30 DEBUG 5796 --- [nio-8080-exec-5] o.s.web.servlet.DispatcherServlet        : Completed 200 OK
2026-05-28T14:42:53.479+05:30 DEBUG 5796 --- [nio-8080-exec-7] o.s.web.servlet.DispatcherServlet        : GET "/api/employees", parameters={}
2026-05-28T14:42:53.480+05:30 DEBUG 5796 --- [nio-8080-exec-7] s.w.s.m.m.a.RequestMappingHandlerMapping : Mapped to com.kavya.hrms.controller.EmployeeController#list()
2026-05-28T14:42:53.483+05:30 DEBUG 5796 --- [nio-8080-exec-7] m.m.a.RequestResponseBodyMethodProcessor : Using 'application/json', given [*/*] and supported [application/json, application/*+json]
2026-05-28T14:42:53.484+05:30 DEBUG 5796 --- [nio-8080-exec-7] m.m.a.RequestResponseBodyMethodProcessor : Writing [[com.kavya.hrms.model.Employee@5546df2b, com.kavya.hrms.model.Employee@7a3828ba, com.kavya.hrms.mode (truncated)...]
2026-05-28T14:42:53.485+05:30 DEBUG 5796 --- [nio-8080-exec-7] o.s.web.servlet.DispatcherServlet        : Completed 200 OK
2026-05-28T14:43:00.044+05:30 DEBUG 5796 --- [nio-8080-exec-6] o.s.web.servlet.DispatcherServlet        : GET "/api/projects", parameters={}
2026-05-28T14:43:00.044+05:30 DEBUG 5796 --- [io-8080-exec-10] o.s.web.servlet.DispatcherServlet        : GET "/api/employees", parameters={}
2026-05-28T14:43:00.062+05:30 DEBUG 5796 --- [nio-8080-exec-6] s.w.s.m.m.a.RequestMappingHandlerMapping : Mapped to com.kavya.hrms.controller.ProjectController#list()
2026-05-28T14:43:00.062+05:30 DEBUG 5796 --- [io-8080-exec-10] s.w.s.m.m.a.RequestMappingHandlerMapping : Mapped to com.kavya.hrms.controller.EmployeeController#list()
2026-05-28T14:43:00.066+05:30 DEBUG 5796 --- [nio-8080-exec-6] m.m.a.RequestResponseBodyMethodProcessor : Using 'application/json', given [*/*] and supported [application/json, application/*+json]
2026-05-28T14:43:00.066+05:30 DEBUG 5796 --- [nio-8080-exec-6] m.m.a.RequestResponseBodyMethodProcessor : Writing [[com.kavya.hrms.model.Project@6c8cf967, com.kavya.hrms.model.Project@6e6ed931, com.kavya.hrms.model. (truncated)...]
2026-05-28T14:43:00.067+05:30 DEBUG 5796 --- [io-8080-exec-10] m.m.a.RequestResponseBodyMethodProcessor : Using 'application/json', given [*/*] and supported [application/json, application/*+json]
2026-05-28T14:43:00.067+05:30 DEBUG 5796 --- [io-8080-exec-10] m.m.a.RequestResponseBodyMethodProcessor : Writing [[com.kavya.hrms.model.Employee@462d4372, com.kavya.hrms.model.Employee@2c434e51, com.kavya.hrms.mode (truncated)...]
2026-05-28T14:43:00.067+05:30 DEBUG 5796 --- [nio-8080-exec-6] o.s.web.servlet.DispatcherServlet        : Completed 200 OK
2026-05-28T14:43:00.069+05:30 DEBUG 5796 --- [io-8080-exec-10] o.s.web.servlet.DispatcherServlet        : Completed 200 OK
2026-05-28T14:43:03.029+05:30 DEBUG 5796 --- [nio-8080-exec-3] o.s.web.servlet.DispatcherServlet        : GET "/api/users", parameters={}
2026-05-28T14:43:03.029+05:30 DEBUG 5796 --- [nio-8080-exec-1] o.s.web.servlet.DispatcherServlet        : GET "/api/employees", parameters={}
2026-05-28T14:43:03.121+05:30 DEBUG 5796 --- [nio-8080-exec-3] s.w.s.m.m.a.RequestMappingHandlerMapping : Mapped to com.kavya.hrms.controller.UserController#list()
2026-05-28T14:43:03.122+05:30 DEBUG 5796 --- [nio-8080-exec-1] s.w.s.m.m.a.RequestMappingHandlerMapping : Mapped to com.kavya.hrms.controller.EmployeeController#list()
2026-05-28T14:43:03.129+05:30 DEBUG 5796 --- [nio-8080-exec-3] m.m.a.RequestResponseBodyMethodProcessor : Using 'application/json', given [*/*] and supported [application/json, application/*+json]
2026-05-28T14:43:03.130+05:30 DEBUG 5796 --- [nio-8080-exec-3] m.m.a.RequestResponseBodyMethodProcessor : Writing [[com.kavya.hrms.model.AppUser@33479f9d, com.kavya.hrms.model.AppUser@5b8fbac9, com.kavya.hrms.model. (truncated)...]
2026-05-28T14:43:03.131+05:30 DEBUG 5796 --- [nio-8080-exec-3] o.s.web.servlet.DispatcherServlet        : Completed 200 OK
2026-05-28T14:43:03.132+05:30 DEBUG 5796 --- [nio-8080-exec-1] m.m.a.RequestResponseBodyMethodProcessor : Using 'application/json', given [*/*] and supported [application/json, application/*+json]
2026-05-28T14:43:03.132+05:30 DEBUG 5796 --- [nio-8080-exec-1] m.m.a.RequestResponseBodyMethodProcessor : Writing [[com.kavya.hrms.model.Employee@718a16f0, com.kavya.hrms.model.Employee@76ea7d59, com.kavya.hrms.mode (truncated)...]
2026-05-28T14:43:03.133+05:30 DEBUG 5796 --- [nio-8080-exec-1] o.s.web.servlet.DispatcherServlet        : Completed 200 OK
2026-05-28T14:43:03.141+05:30 DEBUG 5796 --- [nio-8080-exec-9] o.s.web.servlet.DispatcherServlet        : GET "/api/employees", parameters={}
2026-05-28T14:43:03.141+05:30 DEBUG 5796 --- [nio-8080-exec-9] s.w.s.m.m.a.RequestMappingHandlerMapping : Mapped to com.kavya.hrms.controller.EmployeeController#list()
2026-05-28T14:43:03.144+05:30 DEBUG 5796 --- [nio-8080-exec-9] m.m.a.RequestResponseBodyMethodProcessor : Using 'application/json', given [*/*] and supported [application/json, application/*+json]
2026-05-28T14:43:03.144+05:30 DEBUG 5796 --- [nio-8080-exec-9] m.m.a.RequestResponseBodyMethodProcessor : Writing [[com.kavya.hrms.model.Employee@39896f6c, com.kavya.hrms.model.Employee@5aff1f69, com.kavya.hrms.mode (truncated)...]
2026-05-28T14:43:03.145+05:30 DEBUG 5796 --- [nio-8080-exec-9] o.s.web.servlet.DispatcherServlet        : Completed 200 OK
2026-05-28T14:43:04.427+05:30 DEBUG 5796 --- [nio-8080-exec-2] o.s.web.servlet.DispatcherServlet        : GET "/api/employees", parameters={}
2026-05-28T14:43:04.427+05:30 DEBUG 5796 --- [nio-8080-exec-4] o.s.web.servlet.DispatcherServlet        : GET "/api/projects", parameters={}
2026-05-28T14:43:04.795+05:30 DEBUG 5796 --- [nio-8080-exec-4] s.w.s.m.m.a.RequestMappingHandlerMapping : Mapped to com.kavya.hrms.controller.ProjectController#list()
2026-05-28T14:43:04.799+05:30 DEBUG 5796 --- [nio-8080-exec-4] m.m.a.RequestResponseBodyMethodProcessor : Using 'application/json', given [*/*] and supported [application/json, application/*+json]
2026-05-28T14:43:04.800+05:30 DEBUG 5796 --- [nio-8080-exec-4] m.m.a.RequestResponseBodyMethodProcessor : Writing [[com.kavya.hrms.model.Project@1f5c07e1, com.kavya.hrms.model.Project@27dc9b90, com.kavya.hrms.model. (truncated)...]
2026-05-28T14:43:04.801+05:30 DEBUG 5796 --- [nio-8080-exec-4] o.s.web.servlet.DispatcherServlet        : Completed 200 OK
2026-05-28T14:43:04.794+05:30 DEBUG 5796 --- [nio-8080-exec-2] s.w.s.m.m.a.RequestMappingHandlerMapping : Mapped to com.kavya.hrms.controller.EmployeeController#list()
2026-05-28T14:43:04.835+05:30 DEBUG 5796 --- [nio-8080-exec-2] m.m.a.RequestResponseBodyMethodProcessor : Using 'application/json', given [*/*] and supported [application/json, application/*+json]
2026-05-28T14:43:04.836+05:30 DEBUG 5796 --- [nio-8080-exec-2] m.m.a.RequestResponseBodyMethodProcessor : Writing [[com.kavya.hrms.model.Employee@77b6d24a, com.kavya.hrms.model.Employee@a84ddf5, com.kavya.hrms.model (truncated)...]
2026-05-28T14:43:04.837+05:30 DEBUG 5796 --- [nio-8080-exec-2] o.s.web.servlet.DispatcherServlet        : Completed 200 OK
2026-05-28T14:43:13.028+05:30 DEBUG 5796 --- [nio-8080-exec-8] o.s.web.servlet.DispatcherServlet        : GET "/api/users", parameters={}
2026-05-28T14:43:13.028+05:30 DEBUG 5796 --- [nio-8080-exec-5] o.s.web.servlet.DispatcherServlet        : GET "/api/employees", parameters={}
2026-05-28T14:43:13.053+05:30 DEBUG 5796 --- [nio-8080-exec-8] s.w.s.m.m.a.RequestMappingHandlerMapping : Mapped to com.kavya.hrms.controller.UserController#list()
2026-05-28T14:43:13.053+05:30 DEBUG 5796 --- [nio-8080-exec-5] s.w.s.m.m.a.RequestMappingHandlerMapping : Mapped to com.kavya.hrms.controller.EmployeeController#list()
2026-05-28T14:43:13.055+05:30 DEBUG 5796 --- [nio-8080-exec-8] m.m.a.RequestResponseBodyMethodProcessor : Using 'application/json', given [*/*] and supported [application/json, application/*+json]
2026-05-28T14:43:13.055+05:30 DEBUG 5796 --- [nio-8080-exec-8] m.m.a.RequestResponseBodyMethodProcessor : Writing [[com.kavya.hrms.model.AppUser@75c9d23e, com.kavya.hrms.model.AppUser@1ced4ee5, com.kavya.hrms.model. (truncated)...]
2026-05-28T14:43:13.055+05:30 DEBUG 5796 --- [nio-8080-exec-5] m.m.a.RequestResponseBodyMethodProcessor : Using 'application/json', given [*/*] and supported [application/json, application/*+json]
2026-05-28T14:43:13.056+05:30 DEBUG 5796 --- [nio-8080-exec-5] m.m.a.RequestResponseBodyMethodProcessor : Writing [[com.kavya.hrms.model.Employee@fe5cbbc, com.kavya.hrms.model.Employee@13dcd90b, com.kavya.hrms.model (truncated)...]
2026-05-28T14:43:13.056+05:30 DEBUG 5796 --- [nio-8080-exec-8] o.s.web.servlet.DispatcherServlet        : Completed 200 OK
2026-05-28T14:43:13.057+05:30 DEBUG 5796 --- [nio-8080-exec-5] o.s.web.servlet.DispatcherServlet        : Completed 200 OK
2026-05-28T14:43:13.066+05:30 DEBUG 5796 --- [nio-8080-exec-7] o.s.web.servlet.DispatcherServlet        : GET "/api/employees", parameters={}
2026-05-28T14:43:13.066+05:30 DEBUG 5796 --- [nio-8080-exec-7] s.w.s.m.m.a.RequestMappingHandlerMapping : Mapped to com.kavya.hrms.controller.EmployeeController#list()
2026-05-28T14:43:13.069+05:30 DEBUG 5796 --- [nio-8080-exec-7] m.m.a.RequestResponseBodyMethodProcessor : Using 'application/json', given [*/*] and supported [application/json, application/*+json]
2026-05-28T14:43:13.069+05:30 DEBUG 5796 --- [nio-8080-exec-7] m.m.a.RequestResponseBodyMethodProcessor : Writing [[com.kavya.hrms.model.Employee@1ea0b599, com.kavya.hrms.model.Employee@6008dfc8, com.kavya.hrms.mode (truncated)...]
2026-05-28T14:43:13.070+05:30 DEBUG 5796 --- [nio-8080-exec-7] o.s.web.servlet.DispatcherServlet        : Completed 200 OK
2026-05-28T14:43:15.093+05:30 DEBUG 5796 --- [nio-8080-exec-6] o.s.web.servlet.DispatcherServlet        : GET "/api/projects", parameters={}
2026-05-28T14:43:15.093+05:30 DEBUG 5796 --- [io-8080-exec-10] o.s.web.servlet.DispatcherServlet        : GET "/api/employees", parameters={}
2026-05-28T14:43:15.109+05:30 DEBUG 5796 --- [nio-8080-exec-6] s.w.s.m.m.a.RequestMappingHandlerMapping : Mapped to com.kavya.hrms.controller.ProjectController#list()
2026-05-28T14:43:15.110+05:30 DEBUG 5796 --- [io-8080-exec-10] s.w.s.m.m.a.RequestMappingHandlerMapping : Mapped to com.kavya.hrms.controller.EmployeeController#list()
2026-05-28T14:43:15.114+05:30 DEBUG 5796 --- [io-8080-exec-10] m.m.a.RequestResponseBodyMethodProcessor : Using 'application/json', given [*/*] and supported [application/json, application/*+json]
2026-05-28T14:43:15.114+05:30 DEBUG 5796 --- [nio-8080-exec-6] m.m.a.RequestResponseBodyMethodProcessor : Using 'application/json', given [*/*] and supported [application/json, application/*+json]
2026-05-28T14:43:15.115+05:30 DEBUG 5796 --- [io-8080-exec-10] m.m.a.RequestResponseBodyMethodProcessor : Writing [[com.kavya.hrms.model.Employee@525a3499, com.kavya.hrms.model.Employee@644fa2f3, com.kavya.hrms.mode (truncated)...]
2026-05-28T14:43:15.115+05:30 DEBUG 5796 --- [nio-8080-exec-6] m.m.a.RequestResponseBodyMethodProcessor : Writing [[com.kavya.hrms.model.Project@3c0a3129, com.kavya.hrms.model.Project@2ee80887, com.kavya.hrms.model. (truncated)...]
2026-05-28T14:43:15.116+05:30 DEBUG 5796 --- [nio-8080-exec-6] o.s.web.servlet.DispatcherServlet        : Completed 200 OK
2026-05-28T14:43:15.116+05:30 DEBUG 5796 --- [io-8080-exec-10] o.s.web.servlet.DispatcherServlet        : Completed 200 OK
2026-05-28T14:43:18.719+05:30 DEBUG 5796 --- [nio-8080-exec-3] o.s.web.servlet.DispatcherServlet        : GET "/api/projects", parameters={}
2026-05-28T14:43:18.720+05:30 DEBUG 5796 --- [nio-8080-exec-1] o.s.web.servlet.DispatcherServlet        : GET "/api/employees", parameters={}
2026-05-28T14:43:18.721+05:30 DEBUG 5796 --- [nio-8080-exec-3] s.w.s.m.m.a.RequestMappingHandlerMapping : Mapped to com.kavya.hrms.controller.ProjectController#list()
2026-05-28T14:43:18.723+05:30 DEBUG 5796 --- [nio-8080-exec-1] s.w.s.m.m.a.RequestMappingHandlerMapping : Mapped to com.kavya.hrms.controller.EmployeeController#list()
2026-05-28T14:43:18.725+05:30 DEBUG 5796 --- [nio-8080-exec-3] m.m.a.RequestResponseBodyMethodProcessor : Using 'application/json', given [*/*] and supported [application/json, application/*+json]
2026-05-28T14:43:18.725+05:30 DEBUG 5796 --- [nio-8080-exec-3] m.m.a.RequestResponseBodyMethodProcessor : Writing [[com.kavya.hrms.model.Project@2cddfb3f, com.kavya.hrms.model.Project@7ed38e20, com.kavya.hrms.model. (truncated)...]
2026-05-28T14:43:18.726+05:30 DEBUG 5796 --- [nio-8080-exec-3] o.s.web.servlet.DispatcherServlet        : Completed 200 OK
2026-05-28T14:43:18.726+05:30 DEBUG 5796 --- [nio-8080-exec-1] m.m.a.RequestResponseBodyMethodProcessor : Using 'application/json', given [*/*] and supported [application/json, application/*+json]
2026-05-28T14:43:18.727+05:30 DEBUG 5796 --- [nio-8080-exec-1] m.m.a.RequestResponseBodyMethodProcessor : Writing [[com.kavya.hrms.model.Employee@46a235ac, com.kavya.hrms.model.Employee@514b5a71, com.kavya.hrms.mode (truncated)...]
2026-05-28T14:43:18.728+05:30 DEBUG 5796 --- [nio-8080-exec-1] o.s.web.servlet.DispatcherServlet        : Completed 200 OK
2026-05-28T14:43:23.037+05:30 DEBUG 5796 --- [nio-8080-exec-9] o.s.web.servlet.DispatcherServlet        : GET "/api/users", parameters={}
2026-05-28T14:43:23.038+05:30 DEBUG 5796 --- [nio-8080-exec-9] s.w.s.m.m.a.RequestMappingHandlerMapping : Mapped to com.kavya.hrms.controller.UserController#list()
2026-05-28T14:43:23.040+05:30 DEBUG 5796 --- [nio-8080-exec-4] o.s.web.servlet.DispatcherServlet        : GET "/api/employees", parameters={}
2026-05-28T14:43:23.040+05:30 DEBUG 5796 --- [nio-8080-exec-4] s.w.s.m.m.a.RequestMappingHandlerMapping : Mapped to com.kavya.hrms.controller.EmployeeController#list()
2026-05-28T14:43:23.042+05:30 DEBUG 5796 --- [nio-8080-exec-9] m.m.a.RequestResponseBodyMethodProcessor : Using 'application/json', given [*/*] and supported [application/json, application/*+json]
2026-05-28T14:43:23.047+05:30 DEBUG 5796 --- [nio-8080-exec-9] m.m.a.RequestResponseBodyMethodProcessor : Writing [[com.kavya.hrms.model.AppUser@5d834733, com.kavya.hrms.model.AppUser@b0f9aed, com.kavya.hrms.model.A (truncated)...]
2026-05-28T14:43:23.049+05:30 DEBUG 5796 --- [nio-8080-exec-9] o.s.web.servlet.DispatcherServlet        : Completed 200 OK
2026-05-28T14:43:23.051+05:30 DEBUG 5796 --- [nio-8080-exec-4] m.m.a.RequestResponseBodyMethodProcessor : Using 'application/json', given [*/*] and supported [application/json, application/*+json]
2026-05-28T14:43:23.052+05:30 DEBUG 5796 --- [nio-8080-exec-4] m.m.a.RequestResponseBodyMethodProcessor : Writing [[com.kavya.hrms.model.Employee@77757913, com.kavya.hrms.model.Employee@4fd965ec, com.kavya.hrms.mode (truncated)...]
2026-05-28T14:43:23.054+05:30 DEBUG 5796 --- [nio-8080-exec-4] o.s.web.servlet.DispatcherServlet        : Completed 200 OK
2026-05-28T14:43:23.063+05:30 DEBUG 5796 --- [nio-8080-exec-2] o.s.web.servlet.DispatcherServlet        : GET "/api/employees", parameters={}
2026-05-28T14:43:23.064+05:30 DEBUG 5796 --- [nio-8080-exec-2] s.w.s.m.m.a.RequestMappingHandlerMapping : Mapped to com.kavya.hrms.controller.EmployeeController#list()
2026-05-28T14:43:23.068+05:30 DEBUG 5796 --- [nio-8080-exec-2] m.m.a.RequestResponseBodyMethodProcessor : Using 'application/json', given [*/*] and supported [application/json, application/*+json]
2026-05-28T14:43:23.069+05:30 DEBUG 5796 --- [nio-8080-exec-2] m.m.a.RequestResponseBodyMethodProcessor : Writing [[com.kavya.hrms.model.Employee@456eb4dd, com.kavya.hrms.model.Employee@243890a0, com.kavya.hrms.mode (truncated)...]
2026-05-28T14:43:23.070+05:30 DEBUG 5796 --- [nio-8080-exec-2] o.s.web.servlet.DispatcherServlet        : Completed 200 OK
2026-05-28T14:43:24.362+05:30 DEBUG 5796 --- [nio-8080-exec-8] o.s.web.servlet.DispatcherServlet        : GET "/api/projects", parameters={}
2026-05-28T14:43:24.362+05:30 DEBUG 5796 --- [nio-8080-exec-5] o.s.web.servlet.DispatcherServlet        : GET "/api/employees", parameters={}
2026-05-28T14:43:24.363+05:30 DEBUG 5796 --- [nio-8080-exec-5] s.w.s.m.m.a.RequestMappingHandlerMapping : Mapped to com.kavya.hrms.controller.EmployeeController#list()
2026-05-28T14:43:24.362+05:30 DEBUG 5796 --- [nio-8080-exec-8] s.w.s.m.m.a.RequestMappingHandlerMapping : Mapped to com.kavya.hrms.controller.ProjectController#list()
2026-05-28T14:43:24.368+05:30 DEBUG 5796 --- [nio-8080-exec-5] m.m.a.RequestResponseBodyMethodProcessor : Using 'application/json', given [*/*] and supported [application/json, application/*+json]
2026-05-28T14:43:24.369+05:30 DEBUG 5796 --- [nio-8080-exec-5] m.m.a.RequestResponseBodyMethodProcessor : Writing [[com.kavya.hrms.model.Employee@64e64703, com.kavya.hrms.model.Employee@6aa41d1, com.kavya.hrms.model (truncated)...]
2026-05-28T14:43:24.371+05:30 DEBUG 5796 --- [nio-8080-exec-5] o.s.web.servlet.DispatcherServlet        : Completed 200 OK
2026-05-28T14:43:24.372+05:30 DEBUG 5796 --- [nio-8080-exec-8] m.m.a.RequestResponseBodyMethodProcessor : Using 'application/json', given [*/*] and supported [application/json, application/*+json]
2026-05-28T14:43:24.372+05:30 DEBUG 5796 --- [nio-8080-exec-8] m.m.a.RequestResponseBodyMethodProcessor : Writing [[com.kavya.hrms.model.Project@51b7b6f2, com.kavya.hrms.model.Project@f19ba6c, com.kavya.hrms.model.P (truncated)...]
2026-05-28T14:43:24.373+05:30 DEBUG 5796 --- [nio-8080-exec-8] o.s.web.servlet.DispatcherServlet        : Completed 200 OK
2026-05-28T14:43:29.101+05:30 DEBUG 5796 --- [nio-8080-exec-7] o.s.web.servlet.DispatcherServlet        : GET "/api/projects", parameters={}
2026-05-28T14:43:29.101+05:30 DEBUG 5796 --- [io-8080-exec-10] o.s.web.servlet.DispatcherServlet        : GET "/api/employees", parameters={}
2026-05-28T14:43:29.365+05:30 DEBUG 5796 --- [nio-8080-exec-7] s.w.s.m.m.a.RequestMappingHandlerMapping : Mapped to com.kavya.hrms.controller.ProjectController#list()
2026-05-28T14:43:29.366+05:30 DEBUG 5796 --- [io-8080-exec-10] s.w.s.m.m.a.RequestMappingHandlerMapping : Mapped to com.kavya.hrms.controller.EmployeeController#list()
2026-05-28T14:43:29.379+05:30 DEBUG 5796 --- [nio-8080-exec-7] m.m.a.RequestResponseBodyMethodProcessor : Using 'application/json', given [*/*] and supported [application/json, application/*+json]
2026-05-28T14:43:29.382+05:30 DEBUG 5796 --- [nio-8080-exec-7] m.m.a.RequestResponseBodyMethodProcessor : Writing [[com.kavya.hrms.model.Project@31d62e29, com.kavya.hrms.model.Project@64b1920e, com.kavya.hrms.model. (truncated)...]
2026-05-28T14:43:29.384+05:30 DEBUG 5796 --- [nio-8080-exec-7] o.s.web.servlet.DispatcherServlet        : Completed 200 OK
2026-05-28T14:43:29.413+05:30 DEBUG 5796 --- [io-8080-exec-10] m.m.a.RequestResponseBodyMethodProcessor : Using 'application/json', given [*/*] and supported [application/json, application/*+json]
2026-05-28T14:43:29.414+05:30 DEBUG 5796 --- [io-8080-exec-10] m.m.a.RequestResponseBodyMethodProcessor : Writing [[com.kavya.hrms.model.Employee@105483d, com.kavya.hrms.model.Employee@52e86be8, com.kavya.hrms.model (truncated)...]
2026-05-28T14:43:29.415+05:30 DEBUG 5796 --- [io-8080-exec-10] o.s.web.servlet.DispatcherServlet        : Completed 200 OK
2026-05-28T14:43:32.643+05:30 DEBUG 5796 --- [nio-8080-exec-6] o.s.web.servlet.DispatcherServlet        : GET "/api/users", parameters={}
2026-05-28T14:43:32.643+05:30 DEBUG 5796 --- [nio-8080-exec-3] o.s.web.servlet.DispatcherServlet        : GET "/api/employees", parameters={}
2026-05-28T14:43:32.679+05:30 DEBUG 5796 --- [nio-8080-exec-6] s.w.s.m.m.a.RequestMappingHandlerMapping : Mapped to com.kavya.hrms.controller.UserController#list()
2026-05-28T14:43:32.680+05:30 DEBUG 5796 --- [nio-8080-exec-3] s.w.s.m.m.a.RequestMappingHandlerMapping : Mapped to com.kavya.hrms.controller.EmployeeController#list()
2026-05-28T14:43:32.698+05:30 DEBUG 5796 --- [nio-8080-exec-6] m.m.a.RequestResponseBodyMethodProcessor : Using 'application/json', given [*/*] and supported [application/json, application/*+json]
2026-05-28T14:43:32.699+05:30 DEBUG 5796 --- [nio-8080-exec-6] m.m.a.RequestResponseBodyMethodProcessor : Writing [[com.kavya.hrms.model.AppUser@42fd62ec, com.kavya.hrms.model.AppUser@9c36f6f, com.kavya.hrms.model.A (truncated)...]
2026-05-28T14:43:32.700+05:30 DEBUG 5796 --- [nio-8080-exec-3] m.m.a.RequestResponseBodyMethodProcessor : Using 'application/json', given [*/*] and supported [application/json, application/*+json]
2026-05-28T14:43:32.702+05:30 DEBUG 5796 --- [nio-8080-exec-3] m.m.a.RequestResponseBodyMethodProcessor : Writing [[com.kavya.hrms.model.Employee@4962b27a, com.kavya.hrms.model.Employee@56df7c12, com.kavya.hrms.mode (truncated)...]
2026-05-28T14:43:32.701+05:30 DEBUG 5796 --- [nio-8080-exec-6] o.s.web.servlet.DispatcherServlet        : Completed 200 OK
2026-05-28T14:43:32.705+05:30 DEBUG 5796 --- [nio-8080-exec-3] o.s.web.servlet.DispatcherServlet        : Completed 200 OK
2026-05-28T14:43:32.721+05:30 DEBUG 5796 --- [nio-8080-exec-1] o.s.web.servlet.DispatcherServlet        : GET "/api/employees", parameters={}
2026-05-28T14:43:32.722+05:30 DEBUG 5796 --- [nio-8080-exec-1] s.w.s.m.m.a.RequestMappingHandlerMapping : Mapped to com.kavya.hrms.controller.EmployeeController#list()
2026-05-28T14:43:32.725+05:30 DEBUG 5796 --- [nio-8080-exec-1] m.m.a.RequestResponseBodyMethodProcessor : Using 'application/json', given [*/*] and supported [application/json, application/*+json]
2026-05-28T14:43:32.726+05:30 DEBUG 5796 --- [nio-8080-exec-1] m.m.a.RequestResponseBodyMethodProcessor : Writing [[com.kavya.hrms.model.Employee@16689def, com.kavya.hrms.model.Employee@5fd311eb, com.kavya.hrms.mode (truncated)...]
2026-05-28T14:43:32.726+05:30 DEBUG 5796 --- [nio-8080-exec-1] o.s.web.servlet.DispatcherServlet        : Completed 200 OK
2026-05-28T14:43:42.634+05:30 DEBUG 5796 --- [nio-8080-exec-9] o.s.web.servlet.DispatcherServlet        : GET "/api/users", parameters={}
2026-05-28T14:43:42.634+05:30 DEBUG 5796 --- [nio-8080-exec-4] o.s.web.servlet.DispatcherServlet        : GET "/api/employees", parameters={}
2026-05-28T14:43:42.635+05:30 DEBUG 5796 --- [nio-8080-exec-9] s.w.s.m.m.a.RequestMappingHandlerMapping : Mapped to com.kavya.hrms.controller.UserController#list()
2026-05-28T14:43:42.635+05:30 DEBUG 5796 --- [nio-8080-exec-4] s.w.s.m.m.a.RequestMappingHandlerMapping : Mapped to com.kavya.hrms.controller.EmployeeController#list()
2026-05-28T14:43:42.639+05:30 DEBUG 5796 --- [nio-8080-exec-4] m.m.a.RequestResponseBodyMethodProcessor : Using 'application/json', given [*/*] and supported [application/json, application/*+json]
2026-05-28T14:43:42.639+05:30 DEBUG 5796 --- [nio-8080-exec-9] m.m.a.RequestResponseBodyMethodProcessor : Using 'application/json', given [*/*] and supported [application/json, application/*+json]
2026-05-28T14:43:42.640+05:30 DEBUG 5796 --- [nio-8080-exec-4] m.m.a.RequestResponseBodyMethodProcessor : Writing [[com.kavya.hrms.model.Employee@b8ac65, com.kavya.hrms.model.Employee@2a6f64e6, com.kavya.hrms.model. (truncated)...]
2026-05-28T14:43:42.640+05:30 DEBUG 5796 --- [nio-8080-exec-9] m.m.a.RequestResponseBodyMethodProcessor : Writing [[com.kavya.hrms.model.AppUser@5832b38b, com.kavya.hrms.model.AppUser@2bec9da4, com.kavya.hrms.model. (truncated)...]
2026-05-28T14:43:42.641+05:30 DEBUG 5796 --- [nio-8080-exec-4] o.s.web.servlet.DispatcherServlet        : Completed 200 OK
2026-05-28T14:43:42.641+05:30 DEBUG 5796 --- [nio-8080-exec-9] o.s.web.servlet.DispatcherServlet        : Completed 200 OK
2026-05-28T14:43:42.650+05:30 DEBUG 5796 --- [nio-8080-exec-2] o.s.web.servlet.DispatcherServlet        : GET "/api/employees", parameters={}
2026-05-28T14:43:42.651+05:30 DEBUG 5796 --- [nio-8080-exec-2] s.w.s.m.m.a.RequestMappingHandlerMapping : Mapped to com.kavya.hrms.controller.EmployeeController#list()
2026-05-28T14:43:42.655+05:30 DEBUG 5796 --- [nio-8080-exec-2] m.m.a.RequestResponseBodyMethodProcessor : Using 'application/json', given [*/*] and supported [application/json, application/*+json]
2026-05-28T14:43:42.655+05:30 DEBUG 5796 --- [nio-8080-exec-2] m.m.a.RequestResponseBodyMethodProcessor : Writing [[com.kavya.hrms.model.Employee@24ca0421, com.kavya.hrms.model.Employee@14303ad3, com.kavya.hrms.mode (truncated)...]
2026-05-28T14:43:42.657+05:30 DEBUG 5796 --- [nio-8080-exec-2] o.s.web.servlet.DispatcherServlet        : Completed 200 OK
2026-05-28T14:43:44.105+05:30 DEBUG 5796 --- [nio-8080-exec-8] o.s.web.servlet.DispatcherServlet        : GET "/api/employees", parameters={}
2026-05-28T14:43:44.105+05:30 DEBUG 5796 --- [nio-8080-exec-5] o.s.web.servlet.DispatcherServlet        : GET "/api/projects", parameters={}
2026-05-28T14:43:44.106+05:30 DEBUG 5796 --- [nio-8080-exec-8] s.w.s.m.m.a.RequestMappingHandlerMapping : Mapped to com.kavya.hrms.controller.EmployeeController#list()
2026-05-28T14:43:44.107+05:30 DEBUG 5796 --- [nio-8080-exec-5] s.w.s.m.m.a.RequestMappingHandlerMapping : Mapped to com.kavya.hrms.controller.ProjectController#list()
2026-05-28T14:43:44.114+05:30 DEBUG 5796 --- [nio-8080-exec-5] m.m.a.RequestResponseBodyMethodProcessor : Using 'application/json', given [*/*] and supported [application/json, application/*+json]
2026-05-28T14:43:44.115+05:30 DEBUG 5796 --- [nio-8080-exec-5] m.m.a.RequestResponseBodyMethodProcessor : Writing [[com.kavya.hrms.model.Project@775df14c, com.kavya.hrms.model.Project@332d9867, com.kavya.hrms.model. (truncated)...]
2026-05-28T14:43:44.116+05:30 DEBUG 5796 --- [nio-8080-exec-8] m.m.a.RequestResponseBodyMethodProcessor : Using 'application/json', given [*/*] and supported [application/json, application/*+json]
2026-05-28T14:43:44.117+05:30 DEBUG 5796 --- [nio-8080-exec-8] m.m.a.RequestResponseBodyMethodProcessor : Writing [[com.kavya.hrms.model.Employee@36fa39b0, com.kavya.hrms.model.Employee@1781d913, com.kavya.hrms.mode (truncated)...]
2026-05-28T14:43:44.118+05:30 DEBUG 5796 --- [nio-8080-exec-5] o.s.web.servlet.DispatcherServlet        : Completed 200 OK
2026-05-28T14:43:44.120+05:30 DEBUG 5796 --- [nio-8080-exec-8] o.s.web.servlet.DispatcherServlet        : Completed 200 OK
2026-05-28T14:43:52.634+05:30 DEBUG 5796 --- [nio-8080-exec-7] o.s.web.servlet.DispatcherServlet        : GET "/api/users", parameters={}
2026-05-28T14:43:52.636+05:30 DEBUG 5796 --- [io-8080-exec-10] o.s.web.servlet.DispatcherServlet        : GET "/api/employees", parameters={}
2026-05-28T14:43:52.636+05:30 DEBUG 5796 --- [nio-8080-exec-7] s.w.s.m.m.a.RequestMappingHandlerMapping : Mapped to com.kavya.hrms.controller.UserController#list()
2026-05-28T14:43:52.637+05:30 DEBUG 5796 --- [io-8080-exec-10] s.w.s.m.m.a.RequestMappingHandlerMapping : Mapped to com.kavya.hrms.controller.EmployeeController#list()
2026-05-28T14:43:52.641+05:30 DEBUG 5796 --- [nio-8080-exec-7] m.m.a.RequestResponseBodyMethodProcessor : Using 'application/json', given [*/*] and supported [application/json, application/*+json]
2026-05-28T14:43:52.641+05:30 DEBUG 5796 --- [io-8080-exec-10] m.m.a.RequestResponseBodyMethodProcessor : Using 'application/json', given [*/*] and supported [application/json, application/*+json]
2026-05-28T14:43:52.642+05:30 DEBUG 5796 --- [nio-8080-exec-7] m.m.a.RequestResponseBodyMethodProcessor : Writing [[com.kavya.hrms.model.AppUser@2c4f6afa, com.kavya.hrms.model.AppUser@758200a1, com.kavya.hrms.model. (truncated)...]
2026-05-28T14:43:52.643+05:30 DEBUG 5796 --- [io-8080-exec-10] m.m.a.RequestResponseBodyMethodProcessor : Writing [[com.kavya.hrms.model.Employee@73bb3f8e, com.kavya.hrms.model.Employee@20c93952, com.kavya.hrms.mode (truncated)...]
2026-05-28T14:43:52.644+05:30 DEBUG 5796 --- [nio-8080-exec-7] o.s.web.servlet.DispatcherServlet        : Completed 200 OK
2026-05-28T14:43:52.645+05:30 DEBUG 5796 --- [io-8080-exec-10] o.s.web.servlet.DispatcherServlet        : Completed 200 OK
2026-05-28T14:43:52.661+05:30 DEBUG 5796 --- [nio-8080-exec-6] o.s.web.servlet.DispatcherServlet        : GET "/api/employees", parameters={}
2026-05-28T14:43:52.662+05:30 DEBUG 5796 --- [nio-8080-exec-6] s.w.s.m.m.a.RequestMappingHandlerMapping : Mapped to com.kavya.hrms.controller.EmployeeController#list()
2026-05-28T14:43:52.666+05:30 DEBUG 5796 --- [nio-8080-exec-6] m.m.a.RequestResponseBodyMethodProcessor : Using 'application/json', given [*/*] and supported [application/json, application/*+json]
2026-05-28T14:43:52.668+05:30 DEBUG 5796 --- [nio-8080-exec-6] m.m.a.RequestResponseBodyMethodProcessor : Writing [[com.kavya.hrms.model.Employee@68568202, com.kavya.hrms.model.Employee@2f81ecd8, com.kavya.hrms.mode (truncated)...]
2026-05-28T14:43:52.668+05:30 DEBUG 5796 --- [nio-8080-exec-6] o.s.web.servlet.DispatcherServlet        : Completed 200 OK
2026-05-28T14:43:55.601+05:30 DEBUG 5796 --- [nio-8080-exec-3] o.s.web.servlet.DispatcherServlet        : GET "/api/projects", parameters={}
2026-05-28T14:43:55.602+05:30 DEBUG 5796 --- [nio-8080-exec-3] s.w.s.m.m.a.RequestMappingHandlerMapping : Mapped to com.kavya.hrms.controller.ProjectController#list()
2026-05-28T14:43:55.601+05:30 DEBUG 5796 --- [nio-8080-exec-1] o.s.web.servlet.DispatcherServlet        : GET "/api/employees", parameters={}
2026-05-28T14:43:55.607+05:30 DEBUG 5796 --- [nio-8080-exec-1] s.w.s.m.m.a.RequestMappingHandlerMapping : Mapped to com.kavya.hrms.controller.EmployeeController#list()
2026-05-28T14:43:55.608+05:30 DEBUG 5796 --- [nio-8080-exec-3] m.m.a.RequestResponseBodyMethodProcessor : Using 'application/json', given [*/*] and supported [application/json, application/*+json]
2026-05-28T14:43:55.609+05:30 DEBUG 5796 --- [nio-8080-exec-3] m.m.a.RequestResponseBodyMethodProcessor : Writing [[com.kavya.hrms.model.Project@60428e35, com.kavya.hrms.model.Project@6aa71b58, com.kavya.hrms.model. (truncated)...]
2026-05-28T14:43:55.609+05:30 DEBUG 5796 --- [nio-8080-exec-3] o.s.web.servlet.DispatcherServlet        : Completed 200 OK
2026-05-28T14:43:55.618+05:30 DEBUG 5796 --- [nio-8080-exec-1] m.m.a.RequestResponseBodyMethodProcessor : Using 'application/json', given [*/*] and supported [application/json, application/*+json]
2026-05-28T14:43:55.619+05:30 DEBUG 5796 --- [nio-8080-exec-1] m.m.a.RequestResponseBodyMethodProcessor : Writing [[com.kavya.hrms.model.Employee@66b5efb7, com.kavya.hrms.model.Employee@398bc8dc, com.kavya.hrms.mode (truncated)...]
2026-05-28T14:43:55.620+05:30 DEBUG 5796 --- [nio-8080-exec-1] o.s.web.servlet.DispatcherServlet        : Completed 200 OK
2026-05-28T14:44:02.639+05:30 DEBUG 5796 --- [nio-8080-exec-4] o.s.web.servlet.DispatcherServlet        : GET "/api/users", parameters={}
2026-05-28T14:44:02.639+05:30 DEBUG 5796 --- [nio-8080-exec-9] o.s.web.servlet.DispatcherServlet        : GET "/api/employees", parameters={}
2026-05-28T14:44:02.639+05:30 DEBUG 5796 --- [nio-8080-exec-4] s.w.s.m.m.a.RequestMappingHandlerMapping : Mapped to com.kavya.hrms.controller.UserController#list()
2026-05-28T14:44:02.639+05:30 DEBUG 5796 --- [nio-8080-exec-9] s.w.s.m.m.a.RequestMappingHandlerMapping : Mapped to com.kavya.hrms.controller.EmployeeController#list()
2026-05-28T14:44:02.641+05:30 DEBUG 5796 --- [nio-8080-exec-4] m.m.a.RequestResponseBodyMethodProcessor : Using 'application/json', given [*/*] and supported [application/json, application/*+json]
2026-05-28T14:44:02.642+05:30 DEBUG 5796 --- [nio-8080-exec-9] m.m.a.RequestResponseBodyMethodProcessor : Using 'application/json', given [*/*] and supported [application/json, application/*+json]
2026-05-28T14:44:02.642+05:30 DEBUG 5796 --- [nio-8080-exec-4] m.m.a.RequestResponseBodyMethodProcessor : Writing [[com.kavya.hrms.model.AppUser@33429f51, com.kavya.hrms.model.AppUser@7438a72d, com.kavya.hrms.model. (truncated)...]
2026-05-28T14:44:02.642+05:30 DEBUG 5796 --- [nio-8080-exec-9] m.m.a.RequestResponseBodyMethodProcessor : Writing [[com.kavya.hrms.model.Employee@6864eae5, com.kavya.hrms.model.Employee@121e1dba, com.kavya.hrms.mode (truncated)...]
2026-05-28T14:44:02.643+05:30 DEBUG 5796 --- [nio-8080-exec-4] o.s.web.servlet.DispatcherServlet        : Completed 200 OK
2026-05-28T14:44:02.643+05:30 DEBUG 5796 --- [nio-8080-exec-9] o.s.web.servlet.DispatcherServlet        : Completed 200 OK
2026-05-28T14:44:02.649+05:30 DEBUG 5796 --- [nio-8080-exec-2] o.s.web.servlet.DispatcherServlet        : GET "/api/employees", parameters={}
2026-05-28T14:44:02.661+05:30 DEBUG 5796 --- [nio-8080-exec-2] s.w.s.m.m.a.RequestMappingHandlerMapping : Mapped to com.kavya.hrms.controller.EmployeeController#list()
2026-05-28T14:44:02.664+05:30 DEBUG 5796 --- [nio-8080-exec-2] m.m.a.RequestResponseBodyMethodProcessor : Using 'application/json', given [*/*] and supported [application/json, application/*+json]
2026-05-28T14:44:02.665+05:30 DEBUG 5796 --- [nio-8080-exec-2] m.m.a.RequestResponseBodyMethodProcessor : Writing [[com.kavya.hrms.model.Employee@386dae13, com.kavya.hrms.model.Employee@7702659b, com.kavya.hrms.mode (truncated)...]
2026-05-28T14:44:02.666+05:30 DEBUG 5796 --- [nio-8080-exec-2] o.s.web.servlet.DispatcherServlet        : Completed 200 OK
2026-05-28T14:44:08.530+05:30 DEBUG 5796 --- [nio-8080-exec-5] o.s.web.servlet.DispatcherServlet        : GET "/api/projects", parameters={}
2026-05-28T14:44:08.530+05:30 DEBUG 5796 --- [nio-8080-exec-8] o.s.web.servlet.DispatcherServlet        : GET "/api/employees", parameters={}
2026-05-28T14:44:08.532+05:30 DEBUG 5796 --- [nio-8080-exec-5] s.w.s.m.m.a.RequestMappingHandlerMapping : Mapped to com.kavya.hrms.controller.ProjectController#list()
2026-05-28T14:44:08.535+05:30 DEBUG 5796 --- [nio-8080-exec-8] s.w.s.m.m.a.RequestMappingHandlerMapping : Mapped to com.kavya.hrms.controller.EmployeeController#list()
2026-05-28T14:44:08.539+05:30 DEBUG 5796 --- [nio-8080-exec-5] m.m.a.RequestResponseBodyMethodProcessor : Using 'application/json', given [*/*] and supported [application/json, application/*+json]
2026-05-28T14:44:08.539+05:30 DEBUG 5796 --- [nio-8080-exec-8] m.m.a.RequestResponseBodyMethodProcessor : Using 'application/json', given [*/*] and supported [application/json, application/*+json]
2026-05-28T14:44:08.539+05:30 DEBUG 5796 --- [nio-8080-exec-8] m.m.a.RequestResponseBodyMethodProcessor : Writing [[com.kavya.hrms.model.Employee@5c693a82, com.kavya.hrms.model.Employee@51ca3124, com.kavya.hrms.mode (truncated)...]
2026-05-28T14:44:08.540+05:30 DEBUG 5796 --- [nio-8080-exec-8] o.s.web.servlet.DispatcherServlet        : Completed 200 OK
2026-05-28T14:44:08.539+05:30 DEBUG 5796 --- [nio-8080-exec-5] m.m.a.RequestResponseBodyMethodProcessor : Writing [[com.kavya.hrms.model.Project@3e2deb81, com.kavya.hrms.model.Project@75a1ec2b, com.kavya.hrms.model. (truncated)...]
2026-05-28T14:44:08.543+05:30 DEBUG 5796 --- [nio-8080-exec-5] o.s.web.servlet.DispatcherServlet        : Completed 200 OK
2026-05-28T14:44:10.620+05:30 DEBUG 5796 --- [nio-8080-exec-7] o.s.web.servlet.DispatcherServlet        : GET "/api/projects", parameters={}
2026-05-28T14:44:10.621+05:30 DEBUG 5796 --- [io-8080-exec-10] o.s.web.servlet.DispatcherServlet        : GET "/api/employees", parameters={}
2026-05-28T14:44:10.623+05:30 DEBUG 5796 --- [nio-8080-exec-7] s.w.s.m.m.a.RequestMappingHandlerMapping : Mapped to com.kavya.hrms.controller.ProjectController#list()
2026-05-28T14:44:10.624+05:30 DEBUG 5796 --- [io-8080-exec-10] s.w.s.m.m.a.RequestMappingHandlerMapping : Mapped to com.kavya.hrms.controller.EmployeeController#list()
2026-05-28T14:44:10.635+05:30 DEBUG 5796 --- [io-8080-exec-10] m.m.a.RequestResponseBodyMethodProcessor : Using 'application/json', given [*/*] and supported [application/json, application/*+json]
2026-05-28T14:44:10.637+05:30 DEBUG 5796 --- [io-8080-exec-10] m.m.a.RequestResponseBodyMethodProcessor : Writing [[com.kavya.hrms.model.Employee@384743d0, com.kavya.hrms.model.Employee@6b414a3c, com.kavya.hrms.mode (truncated)...]
2026-05-28T14:44:10.636+05:30 DEBUG 5796 --- [nio-8080-exec-7] m.m.a.RequestResponseBodyMethodProcessor : Using 'application/json', given [*/*] and supported [application/json, application/*+json]
2026-05-28T14:44:10.638+05:30 DEBUG 5796 --- [nio-8080-exec-7] m.m.a.RequestResponseBodyMethodProcessor : Writing [[com.kavya.hrms.model.Project@1ecd61b6, com.kavya.hrms.model.Project@253a88d7, com.kavya.hrms.model. (truncated)...]
2026-05-28T14:44:10.639+05:30 DEBUG 5796 --- [nio-8080-exec-7] o.s.web.servlet.DispatcherServlet        : Completed 200 OK
2026-05-28T14:44:10.639+05:30 DEBUG 5796 --- [io-8080-exec-10] o.s.web.servlet.DispatcherServlet        : Completed 200 OK
2026-05-28T14:44:12.635+05:30 DEBUG 5796 --- [nio-8080-exec-6] o.s.web.servlet.DispatcherServlet        : GET "/api/users", parameters={}
2026-05-28T14:44:12.635+05:30 DEBUG 5796 --- [nio-8080-exec-3] o.s.web.servlet.DispatcherServlet        : GET "/api/employees", parameters={}
2026-05-28T14:44:12.637+05:30 DEBUG 5796 --- [nio-8080-exec-6] s.w.s.m.m.a.RequestMappingHandlerMapping : Mapped to com.kavya.hrms.controller.UserController#list()
2026-05-28T14:44:12.637+05:30 DEBUG 5796 --- [nio-8080-exec-3] s.w.s.m.m.a.RequestMappingHandlerMapping : Mapped to com.kavya.hrms.controller.EmployeeController#list()
2026-05-28T14:44:12.645+05:30 DEBUG 5796 --- [nio-8080-exec-6] m.m.a.RequestResponseBodyMethodProcessor : Using 'application/json', given [*/*] and supported [application/json, application/*+json]
2026-05-28T14:44:12.645+05:30 DEBUG 5796 --- [nio-8080-exec-3] m.m.a.RequestResponseBodyMethodProcessor : Using 'application/json', given [*/*] and supported [application/json, application/*+json]
2026-05-28T14:44:12.646+05:30 DEBUG 5796 --- [nio-8080-exec-6] m.m.a.RequestResponseBodyMethodProcessor : Writing [[com.kavya.hrms.model.AppUser@456ac5f, com.kavya.hrms.model.AppUser@74fe782, com.kavya.hrms.model.Ap (truncated)...]
2026-05-28T14:44:12.647+05:30 DEBUG 5796 --- [nio-8080-exec-3] m.m.a.RequestResponseBodyMethodProcessor : Writing [[com.kavya.hrms.model.Employee@58d1c30a, com.kavya.hrms.model.Employee@2911375f, com.kavya.hrms.mode (truncated)...]
2026-05-28T14:44:12.649+05:30 DEBUG 5796 --- [nio-8080-exec-6] o.s.web.servlet.DispatcherServlet        : Completed 200 OK
2026-05-28T14:44:12.651+05:30 DEBUG 5796 --- [nio-8080-exec-3] o.s.web.servlet.DispatcherServlet        : Completed 200 OK
2026-05-28T14:44:12.677+05:30 DEBUG 5796 --- [nio-8080-exec-1] o.s.web.servlet.DispatcherServlet        : GET "/api/employees", parameters={}
2026-05-28T14:44:12.678+05:30 DEBUG 5796 --- [nio-8080-exec-1] s.w.s.m.m.a.RequestMappingHandlerMapping : Mapped to com.kavya.hrms.controller.EmployeeController#list()
2026-05-28T14:44:12.681+05:30 DEBUG 5796 --- [nio-8080-exec-1] m.m.a.RequestResponseBodyMethodProcessor : Using 'application/json', given [*/*] and supported [application/json, application/*+json]
2026-05-28T14:44:12.682+05:30 DEBUG 5796 --- [nio-8080-exec-1] m.m.a.RequestResponseBodyMethodProcessor : Writing [[com.kavya.hrms.model.Employee@6e5d6e15, com.kavya.hrms.model.Employee@643859ab, com.kavya.hrms.mode (truncated)...]
2026-05-28T14:44:12.683+05:30 DEBUG 5796 --- [nio-8080-exec-1] o.s.web.servlet.DispatcherServlet        : Completed 200 OK
2026-05-28T14:44:22.641+05:30 DEBUG 5796 --- [nio-8080-exec-4] o.s.web.servlet.DispatcherServlet        : GET "/api/users", parameters={}
2026-05-28T14:44:22.641+05:30 DEBUG 5796 --- [nio-8080-exec-9] o.s.web.servlet.DispatcherServlet        : GET "/api/employees", parameters={}
2026-05-28T14:44:22.643+05:30 DEBUG 5796 --- [nio-8080-exec-4] s.w.s.m.m.a.RequestMappingHandlerMapping : Mapped to com.kavya.hrms.controller.UserController#list()
2026-05-28T14:44:22.644+05:30 DEBUG 5796 --- [nio-8080-exec-9] s.w.s.m.m.a.RequestMappingHandlerMapping : Mapped to com.kavya.hrms.controller.EmployeeController#list()
2026-05-28T14:44:22.651+05:30 DEBUG 5796 --- [nio-8080-exec-4] m.m.a.RequestResponseBodyMethodProcessor : Using 'application/json', given [*/*] and supported [application/json, application/*+json]
2026-05-28T14:44:22.653+05:30 DEBUG 5796 --- [nio-8080-exec-4] m.m.a.RequestResponseBodyMethodProcessor : Writing [[com.kavya.hrms.model.AppUser@6ad63e7a, com.kavya.hrms.model.AppUser@67df0b7, com.kavya.hrms.model.A (truncated)...]
2026-05-28T14:44:22.653+05:30 DEBUG 5796 --- [nio-8080-exec-9] m.m.a.RequestResponseBodyMethodProcessor : Using 'application/json', given [*/*] and supported [application/json, application/*+json]
2026-05-28T14:44:22.655+05:30 DEBUG 5796 --- [nio-8080-exec-9] m.m.a.RequestResponseBodyMethodProcessor : Writing [[com.kavya.hrms.model.Employee@8094440, com.kavya.hrms.model.Employee@64a83acd, com.kavya.hrms.model (truncated)...]
2026-05-28T14:44:22.655+05:30 DEBUG 5796 --- [nio-8080-exec-4] o.s.web.servlet.DispatcherServlet        : Completed 200 OK
2026-05-28T14:44:22.659+05:30 DEBUG 5796 --- [nio-8080-exec-9] o.s.web.servlet.DispatcherServlet        : Completed 200 OK
2026-05-28T14:44:22.674+05:30 DEBUG 5796 --- [nio-8080-exec-2] o.s.web.servlet.DispatcherServlet        : GET "/api/employees", parameters={}
2026-05-28T14:44:22.677+05:30 DEBUG 5796 --- [nio-8080-exec-2] s.w.s.m.m.a.RequestMappingHandlerMapping : Mapped to com.kavya.hrms.controller.EmployeeController#list()
2026-05-28T14:44:22.681+05:30 DEBUG 5796 --- [nio-8080-exec-2] m.m.a.RequestResponseBodyMethodProcessor : Using 'application/json', given [*/*] and supported [application/json, application/*+json]
2026-05-28T14:44:22.682+05:30 DEBUG 5796 --- [nio-8080-exec-2] m.m.a.RequestResponseBodyMethodProcessor : Writing [[com.kavya.hrms.model.Employee@68aedfa8, com.kavya.hrms.model.Employee@15e2713e, com.kavya.hrms.mode (truncated)...]
2026-05-28T14:44:22.683+05:30 DEBUG 5796 --- [nio-8080-exec-2] o.s.web.servlet.DispatcherServlet        : Completed 200 OK
2026-05-28T14:44:25.606+05:30 DEBUG 5796 --- [nio-8080-exec-5] o.s.web.servlet.DispatcherServlet        : GET "/api/employees", parameters={}
2026-05-28T14:44:25.606+05:30 DEBUG 5796 --- [nio-8080-exec-8] o.s.web.servlet.DispatcherServlet        : GET "/api/projects", parameters={}
2026-05-28T14:44:25.607+05:30 DEBUG 5796 --- [nio-8080-exec-5] s.w.s.m.m.a.RequestMappingHandlerMapping : Mapped to com.kavya.hrms.controller.EmployeeController#list()
2026-05-28T14:44:25.607+05:30 DEBUG 5796 --- [nio-8080-exec-8] s.w.s.m.m.a.RequestMappingHandlerMapping : Mapped to com.kavya.hrms.controller.ProjectController#list()
2026-05-28T14:44:25.609+05:30 DEBUG 5796 --- [nio-8080-exec-8] m.m.a.RequestResponseBodyMethodProcessor : Using 'application/json', given [*/*] and supported [application/json, application/*+json]
2026-05-28T14:44:25.609+05:30 DEBUG 5796 --- [nio-8080-exec-5] m.m.a.RequestResponseBodyMethodProcessor : Using 'application/json', given [*/*] and supported [application/json, application/*+json]
2026-05-28T14:44:25.610+05:30 DEBUG 5796 --- [nio-8080-exec-8] m.m.a.RequestResponseBodyMethodProcessor : Writing [[com.kavya.hrms.model.Project@73907282, com.kavya.hrms.model.Project@10456ee5, com.kavya.hrms.model. (truncated)...]
2026-05-28T14:44:25.610+05:30 DEBUG 5796 --- [nio-8080-exec-5] m.m.a.RequestResponseBodyMethodProcessor : Writing [[com.kavya.hrms.model.Employee@3cd9ed32, com.kavya.hrms.model.Employee@2df3fcf9, com.kavya.hrms.mode (truncated)...]
2026-05-28T14:44:25.611+05:30 DEBUG 5796 --- [nio-8080-exec-8] o.s.web.servlet.DispatcherServlet        : Completed 200 OK
2026-05-28T14:44:25.611+05:30 DEBUG 5796 --- [nio-8080-exec-5] o.s.web.servlet.DispatcherServlet        : Completed 200 OK
2026-05-28T14:44:32.641+05:30 DEBUG 5796 --- [nio-8080-exec-7] o.s.web.servlet.DispatcherServlet        : GET "/api/users", parameters={}
2026-05-28T14:44:32.641+05:30 DEBUG 5796 --- [io-8080-exec-10] o.s.web.servlet.DispatcherServlet        : GET "/api/employees", parameters={}
2026-05-28T14:44:32.646+05:30 DEBUG 5796 --- [nio-8080-exec-7] s.w.s.m.m.a.RequestMappingHandlerMapping : Mapped to com.kavya.hrms.controller.UserController#list()
2026-05-28T14:44:32.647+05:30 DEBUG 5796 --- [io-8080-exec-10] s.w.s.m.m.a.RequestMappingHandlerMapping : Mapped to com.kavya.hrms.controller.EmployeeController#list()
2026-05-28T14:44:32.655+05:30 DEBUG 5796 --- [nio-8080-exec-7] m.m.a.RequestResponseBodyMethodProcessor : Using 'application/json', given [*/*] and supported [application/json, application/*+json]
2026-05-28T14:44:32.656+05:30 DEBUG 5796 --- [io-8080-exec-10] m.m.a.RequestResponseBodyMethodProcessor : Using 'application/json', given [*/*] and supported [application/json, application/*+json]
2026-05-28T14:44:32.657+05:30 DEBUG 5796 --- [nio-8080-exec-7] m.m.a.RequestResponseBodyMethodProcessor : Writing [[com.kavya.hrms.model.AppUser@f6147bf, com.kavya.hrms.model.AppUser@31fb1829, com.kavya.hrms.model.A (truncated)...]
2026-05-28T14:44:32.657+05:30 DEBUG 5796 --- [io-8080-exec-10] m.m.a.RequestResponseBodyMethodProcessor : Writing [[com.kavya.hrms.model.Employee@b45ca0f, com.kavya.hrms.model.Employee@357ff503, com.kavya.hrms.model (truncated)...]
2026-05-28T14:44:32.659+05:30 DEBUG 5796 --- [nio-8080-exec-7] o.s.web.servlet.DispatcherServlet        : Completed 200 OK
2026-05-28T14:44:32.660+05:30 DEBUG 5796 --- [io-8080-exec-10] o.s.web.servlet.DispatcherServlet        : Completed 200 OK
2026-05-28T14:44:32.676+05:30 DEBUG 5796 --- [nio-8080-exec-6] o.s.web.servlet.DispatcherServlet        : GET "/api/employees", parameters={}
2026-05-28T14:44:32.678+05:30 DEBUG 5796 --- [nio-8080-exec-6] s.w.s.m.m.a.RequestMappingHandlerMapping : Mapped to com.kavya.hrms.controller.EmployeeController#list()
2026-05-28T14:44:32.681+05:30 DEBUG 5796 --- [nio-8080-exec-6] m.m.a.RequestResponseBodyMethodProcessor : Using 'application/json', given [*/*] and supported [application/json, application/*+json]
2026-05-28T14:44:32.681+05:30 DEBUG 5796 --- [nio-8080-exec-6] m.m.a.RequestResponseBodyMethodProcessor : Writing [[com.kavya.hrms.model.Employee@6642a6b7, com.kavya.hrms.model.Employee@2e61a444, com.kavya.hrms.mode (truncated)...]
2026-05-28T14:44:32.682+05:30 DEBUG 5796 --- [nio-8080-exec-6] o.s.web.servlet.DispatcherServlet        : Completed 200 OK
2026-05-28T14:44:40.615+05:30 DEBUG 5796 --- [nio-8080-exec-1] o.s.web.servlet.DispatcherServlet        : GET "/api/employees", parameters={}
2026-05-28T14:44:40.617+05:30 DEBUG 5796 --- [nio-8080-exec-1] s.w.s.m.m.a.RequestMappingHandlerMapping : Mapped to com.kavya.hrms.controller.EmployeeController#list()
2026-05-28T14:44:40.615+05:30 DEBUG 5796 --- [nio-8080-exec-3] o.s.web.servlet.DispatcherServlet        : GET "/api/projects", parameters={}
2026-05-28T14:44:40.624+05:30 DEBUG 5796 --- [nio-8080-exec-3] s.w.s.m.m.a.RequestMappingHandlerMapping : Mapped to com.kavya.hrms.controller.ProjectController#list()
2026-05-28T14:44:40.630+05:30 DEBUG 5796 --- [nio-8080-exec-1] m.m.a.RequestResponseBodyMethodProcessor : Using 'application/json', given [*/*] and supported [application/json, application/*+json]
2026-05-28T14:44:40.630+05:30 DEBUG 5796 --- [nio-8080-exec-3] m.m.a.RequestResponseBodyMethodProcessor : Using 'application/json', given [*/*] and supported [application/json, application/*+json]
2026-05-28T14:44:40.631+05:30 DEBUG 5796 --- [nio-8080-exec-1] m.m.a.RequestResponseBodyMethodProcessor : Writing [[com.kavya.hrms.model.Employee@7c52e09f, com.kavya.hrms.model.Employee@56c94d21, com.kavya.hrms.mode (truncated)...]
2026-05-28T14:44:40.632+05:30 DEBUG 5796 --- [nio-8080-exec-3] m.m.a.RequestResponseBodyMethodProcessor : Writing [[com.kavya.hrms.model.Project@62f01eba, com.kavya.hrms.model.Project@4f6f8ce6, com.kavya.hrms.model. (truncated)...]
2026-05-28T14:44:40.635+05:30 DEBUG 5796 --- [nio-8080-exec-3] o.s.web.servlet.DispatcherServlet        : Completed 200 OK
2026-05-28T14:44:40.636+05:30 DEBUG 5796 --- [nio-8080-exec-1] o.s.web.servlet.DispatcherServlet        : Completed 200 OK
2026-05-28T14:44:42.631+05:30 DEBUG 5796 --- [nio-8080-exec-9] o.s.web.servlet.DispatcherServlet        : GET "/api/employees", parameters={}
2026-05-28T14:44:42.631+05:30 DEBUG 5796 --- [nio-8080-exec-4] o.s.web.servlet.DispatcherServlet        : GET "/api/users", parameters={}
2026-05-28T14:44:42.632+05:30 DEBUG 5796 --- [nio-8080-exec-9] s.w.s.m.m.a.RequestMappingHandlerMapping : Mapped to com.kavya.hrms.controller.EmployeeController#list()
2026-05-28T14:44:42.634+05:30 DEBUG 5796 --- [nio-8080-exec-4] s.w.s.m.m.a.RequestMappingHandlerMapping : Mapped to com.kavya.hrms.controller.UserController#list()
2026-05-28T14:44:42.641+05:30 DEBUG 5796 --- [nio-8080-exec-9] m.m.a.RequestResponseBodyMethodProcessor : Using 'application/json', given [*/*] and supported [application/json, application/*+json]
2026-05-28T14:44:42.641+05:30 DEBUG 5796 --- [nio-8080-exec-4] m.m.a.RequestResponseBodyMethodProcessor : Using 'application/json', given [*/*] and supported [application/json, application/*+json]
2026-05-28T14:44:42.642+05:30 DEBUG 5796 --- [nio-8080-exec-9] m.m.a.RequestResponseBodyMethodProcessor : Writing [[com.kavya.hrms.model.Employee@3c58162e, com.kavya.hrms.model.Employee@762415d7, com.kavya.hrms.mode (truncated)...]
2026-05-28T14:44:42.642+05:30 DEBUG 5796 --- [nio-8080-exec-4] m.m.a.RequestResponseBodyMethodProcessor : Writing [[com.kavya.hrms.model.AppUser@bec3714, com.kavya.hrms.model.AppUser@59d72aa, com.kavya.hrms.model.Ap (truncated)...]
2026-05-28T14:44:42.644+05:30 DEBUG 5796 --- [nio-8080-exec-4] o.s.web.servlet.DispatcherServlet        : Completed 200 OK
2026-05-28T14:44:42.644+05:30 DEBUG 5796 --- [nio-8080-exec-9] o.s.web.servlet.DispatcherServlet        : Completed 200 OK
2026-05-28T14:44:42.656+05:30 DEBUG 5796 --- [nio-8080-exec-2] o.s.web.servlet.DispatcherServlet        : GET "/api/employees", parameters={}
2026-05-28T14:44:42.657+05:30 DEBUG 5796 --- [nio-8080-exec-2] s.w.s.m.m.a.RequestMappingHandlerMapping : Mapped to com.kavya.hrms.controller.EmployeeController#list()
2026-05-28T14:44:42.661+05:30 DEBUG 5796 --- [nio-8080-exec-2] m.m.a.RequestResponseBodyMethodProcessor : Using 'application/json', given [*/*] and supported [application/json, application/*+json]
2026-05-28T14:44:42.662+05:30 DEBUG 5796 --- [nio-8080-exec-2] m.m.a.RequestResponseBodyMethodProcessor : Writing [[com.kavya.hrms.model.Employee@3357cba, com.kavya.hrms.model.Employee@1795f95f, com.kavya.hrms.model (truncated)...]
2026-05-28T14:44:42.663+05:30 DEBUG 5796 --- [nio-8080-exec-2] o.s.web.servlet.DispatcherServlet        : Completed 200 OK
2026-05-28T14:44:52.643+05:30 DEBUG 5796 --- [nio-8080-exec-8] o.s.web.servlet.DispatcherServlet        : GET "/api/users", parameters={}
2026-05-28T14:44:52.644+05:30 DEBUG 5796 --- [nio-8080-exec-5] o.s.web.servlet.DispatcherServlet        : GET "/api/employees", parameters={}
2026-05-28T14:44:52.646+05:30 DEBUG 5796 --- [nio-8080-exec-8] s.w.s.m.m.a.RequestMappingHandlerMapping : Mapped to com.kavya.hrms.controller.UserController#list()
2026-05-28T14:44:52.647+05:30 DEBUG 5796 --- [nio-8080-exec-5] s.w.s.m.m.a.RequestMappingHandlerMapping : Mapped to com.kavya.hrms.controller.EmployeeController#list()
2026-05-28T14:44:52.654+05:30 DEBUG 5796 --- [nio-8080-exec-8] m.m.a.RequestResponseBodyMethodProcessor : Using 'application/json', given [*/*] and supported [application/json, application/*+json]
2026-05-28T14:44:52.655+05:30 DEBUG 5796 --- [nio-8080-exec-5] m.m.a.RequestResponseBodyMethodProcessor : Using 'application/json', given [*/*] and supported [application/json, application/*+json]
2026-05-28T14:44:52.655+05:30 DEBUG 5796 --- [nio-8080-exec-8] m.m.a.RequestResponseBodyMethodProcessor : Writing [[com.kavya.hrms.model.AppUser@1283c64c, com.kavya.hrms.model.AppUser@6cc2884d, com.kavya.hrms.model. (truncated)...]
2026-05-28T14:44:52.656+05:30 DEBUG 5796 --- [nio-8080-exec-5] m.m.a.RequestResponseBodyMethodProcessor : Writing [[com.kavya.hrms.model.Employee@74b5e434, com.kavya.hrms.model.Employee@7129084d, com.kavya.hrms.mode (truncated)...]
2026-05-28T14:44:52.658+05:30 DEBUG 5796 --- [nio-8080-exec-8] o.s.web.servlet.DispatcherServlet        : Completed 200 OK
2026-05-28T14:44:52.659+05:30 DEBUG 5796 --- [nio-8080-exec-5] o.s.web.servlet.DispatcherServlet        : Completed 200 OK
2026-05-28T14:44:52.675+05:30 DEBUG 5796 --- [nio-8080-exec-7] o.s.web.servlet.DispatcherServlet        : GET "/api/employees", parameters={}
2026-05-28T14:44:52.676+05:30 DEBUG 5796 --- [nio-8080-exec-7] s.w.s.m.m.a.RequestMappingHandlerMapping : Mapped to com.kavya.hrms.controller.EmployeeController#list()
2026-05-28T14:44:52.679+05:30 DEBUG 5796 --- [nio-8080-exec-7] m.m.a.RequestResponseBodyMethodProcessor : Using 'application/json', given [*/*] and supported [application/json, application/*+json]
2026-05-28T14:44:52.680+05:30 DEBUG 5796 --- [nio-8080-exec-7] m.m.a.RequestResponseBodyMethodProcessor : Writing [[com.kavya.hrms.model.Employee@151e8922, com.kavya.hrms.model.Employee@5bae293d, com.kavya.hrms.mode (truncated)...]
2026-05-28T14:44:52.681+05:30 DEBUG 5796 --- [nio-8080-exec-7] o.s.web.servlet.DispatcherServlet        : Completed 200 OK
2026-05-28T14:44:55.609+05:30 DEBUG 5796 --- [io-8080-exec-10] o.s.web.servlet.DispatcherServlet        : GET "/api/projects", parameters={}
2026-05-28T14:44:55.609+05:30 DEBUG 5796 --- [nio-8080-exec-6] o.s.web.servlet.DispatcherServlet        : GET "/api/employees", parameters={}
2026-05-28T14:44:55.610+05:30 DEBUG 5796 --- [io-8080-exec-10] s.w.s.m.m.a.RequestMappingHandlerMapping : Mapped to com.kavya.hrms.controller.ProjectController#list()
2026-05-28T14:44:55.611+05:30 DEBUG 5796 --- [nio-8080-exec-6] s.w.s.m.m.a.RequestMappingHandlerMapping : Mapped to com.kavya.hrms.controller.EmployeeController#list()
2026-05-28T14:44:55.616+05:30 DEBUG 5796 --- [io-8080-exec-10] m.m.a.RequestResponseBodyMethodProcessor : Using 'application/json', given [*/*] and supported [application/json, application/*+json]
2026-05-28T14:44:55.618+05:30 DEBUG 5796 --- [io-8080-exec-10] m.m.a.RequestResponseBodyMethodProcessor : Writing [[com.kavya.hrms.model.Project@3bd9fbe4, com.kavya.hrms.model.Project@6c7cfb2, com.kavya.hrms.model.P (truncated)...]
2026-05-28T14:44:55.618+05:30 DEBUG 5796 --- [nio-8080-exec-6] m.m.a.RequestResponseBodyMethodProcessor : Using 'application/json', given [*/*] and supported [application/json, application/*+json]
2026-05-28T14:44:55.620+05:30 DEBUG 5796 --- [nio-8080-exec-6] m.m.a.RequestResponseBodyMethodProcessor : Writing [[com.kavya.hrms.model.Employee@304dc0df, com.kavya.hrms.model.Employee@3c2d9354, com.kavya.hrms.mode (truncated)...]
2026-05-28T14:44:55.621+05:30 DEBUG 5796 --- [io-8080-exec-10] o.s.web.servlet.DispatcherServlet        : Completed 200 OK
2026-05-28T14:44:55.623+05:30 DEBUG 5796 --- [nio-8080-exec-6] o.s.web.servlet.DispatcherServlet        : Completed 200 OK
2026-05-28T14:45:02.644+05:30 DEBUG 5796 --- [nio-8080-exec-3] o.s.web.servlet.DispatcherServlet        : GET "/api/users", parameters={}
2026-05-28T14:45:02.644+05:30 DEBUG 5796 --- [nio-8080-exec-1] o.s.web.servlet.DispatcherServlet        : GET "/api/employees", parameters={}
2026-05-28T14:45:02.656+05:30 DEBUG 5796 --- [nio-8080-exec-3] s.w.s.m.m.a.RequestMappingHandlerMapping : Mapped to com.kavya.hrms.controller.UserController#list()
2026-05-28T14:45:02.657+05:30 DEBUG 5796 --- [nio-8080-exec-1] s.w.s.m.m.a.RequestMappingHandlerMapping : Mapped to com.kavya.hrms.controller.EmployeeController#list()
2026-05-28T14:45:02.664+05:30 DEBUG 5796 --- [nio-8080-exec-3] m.m.a.RequestResponseBodyMethodProcessor : Using 'application/json', given [*/*] and supported [application/json, application/*+json]
2026-05-28T14:45:02.665+05:30 DEBUG 5796 --- [nio-8080-exec-3] m.m.a.RequestResponseBodyMethodProcessor : Writing [[com.kavya.hrms.model.AppUser@448bf55e, com.kavya.hrms.model.AppUser@6096f9a3, com.kavya.hrms.model. (truncated)...]
2026-05-28T14:45:02.666+05:30 DEBUG 5796 --- [nio-8080-exec-1] m.m.a.RequestResponseBodyMethodProcessor : Using 'application/json', given [*/*] and supported [application/json, application/*+json]
2026-05-28T14:45:02.667+05:30 DEBUG 5796 --- [nio-8080-exec-1] m.m.a.RequestResponseBodyMethodProcessor : Writing [[com.kavya.hrms.model.Employee@7ffcc04a, com.kavya.hrms.model.Employee@4c90d350, com.kavya.hrms.mode (truncated)...]
2026-05-28T14:45:02.667+05:30 DEBUG 5796 --- [nio-8080-exec-3] o.s.web.servlet.DispatcherServlet        : Completed 200 OK
2026-05-28T14:45:02.671+05:30 DEBUG 5796 --- [nio-8080-exec-1] o.s.web.servlet.DispatcherServlet        : Completed 200 OK
2026-05-28T14:45:02.688+05:30 DEBUG 5796 --- [nio-8080-exec-4] o.s.web.servlet.DispatcherServlet        : GET "/api/employees", parameters={}
2026-05-28T14:45:02.689+05:30 DEBUG 5796 --- [nio-8080-exec-4] s.w.s.m.m.a.RequestMappingHandlerMapping : Mapped to com.kavya.hrms.controller.EmployeeController#list()
2026-05-28T14:45:02.693+05:30 DEBUG 5796 --- [nio-8080-exec-4] m.m.a.RequestResponseBodyMethodProcessor : Using 'application/json', given [*/*] and supported [application/json, application/*+json]
2026-05-28T14:45:02.693+05:30 DEBUG 5796 --- [nio-8080-exec-4] m.m.a.RequestResponseBodyMethodProcessor : Writing [[com.kavya.hrms.model.Employee@3fb6c917, com.kavya.hrms.model.Employee@661c1129, com.kavya.hrms.mode (truncated)...]
2026-05-28T14:45:02.695+05:30 DEBUG 5796 --- [nio-8080-exec-4] o.s.web.servlet.DispatcherServlet        : Completed 200 OK
2026-05-28T14:45:10.611+05:30 DEBUG 5796 --- [nio-8080-exec-2] o.s.web.servlet.DispatcherServlet        : GET "/api/employees", parameters={}
2026-05-28T14:45:10.611+05:30 DEBUG 5796 --- [nio-8080-exec-9] o.s.web.servlet.DispatcherServlet        : GET "/api/projects", parameters={}
2026-05-28T14:45:10.613+05:30 DEBUG 5796 --- [nio-8080-exec-2] s.w.s.m.m.a.RequestMappingHandlerMapping : Mapped to com.kavya.hrms.controller.EmployeeController#list()
2026-05-28T14:45:10.614+05:30 DEBUG 5796 --- [nio-8080-exec-9] s.w.s.m.m.a.RequestMappingHandlerMapping : Mapped to com.kavya.hrms.controller.ProjectController#list()
2026-05-28T14:45:10.622+05:30 DEBUG 5796 --- [nio-8080-exec-9] m.m.a.RequestResponseBodyMethodProcessor : Using 'application/json', given [*/*] and supported [application/json, application/*+json]
2026-05-28T14:45:10.623+05:30 DEBUG 5796 --- [nio-8080-exec-2] m.m.a.RequestResponseBodyMethodProcessor : Using 'application/json', given [*/*] and supported [application/json, application/*+json]
2026-05-28T14:45:10.623+05:30 DEBUG 5796 --- [nio-8080-exec-9] m.m.a.RequestResponseBodyMethodProcessor : Writing [[com.kavya.hrms.model.Project@3bcf8769, com.kavya.hrms.model.Project@2d6c44ab, com.kavya.hrms.model. (truncated)...]
2026-05-28T14:45:10.624+05:30 DEBUG 5796 --- [nio-8080-exec-2] m.m.a.RequestResponseBodyMethodProcessor : Writing [[com.kavya.hrms.model.Employee@19bbe950, com.kavya.hrms.model.Employee@56eaff8, com.kavya.hrms.model (truncated)...]
2026-05-28T14:45:10.625+05:30 DEBUG 5796 --- [nio-8080-exec-9] o.s.web.servlet.DispatcherServlet        : Completed 200 OK
2026-05-28T14:45:10.626+05:30 DEBUG 5796 --- [nio-8080-exec-2] o.s.web.servlet.DispatcherServlet        : Completed 200 OK
2026-05-28T14:45:12.634+05:30 DEBUG 5796 --- [nio-8080-exec-5] o.s.web.servlet.DispatcherServlet        : GET "/api/employees", parameters={}
2026-05-28T14:45:12.635+05:30 DEBUG 5796 --- [nio-8080-exec-5] s.w.s.m.m.a.RequestMappingHandlerMapping : Mapped to com.kavya.hrms.controller.EmployeeController#list()
2026-05-28T14:45:12.634+05:30 DEBUG 5796 --- [nio-8080-exec-8] o.s.web.servlet.DispatcherServlet        : GET "/api/users", parameters={}
2026-05-28T14:45:12.639+05:30 DEBUG 5796 --- [nio-8080-exec-8] s.w.s.m.m.a.RequestMappingHandlerMapping : Mapped to com.kavya.hrms.controller.UserController#list()
2026-05-28T14:45:12.645+05:30 DEBUG 5796 --- [nio-8080-exec-5] m.m.a.RequestResponseBodyMethodProcessor : Using 'application/json', given [*/*] and supported [application/json, application/*+json]
2026-05-28T14:45:12.646+05:30 DEBUG 5796 --- [nio-8080-exec-5] m.m.a.RequestResponseBodyMethodProcessor : Writing [[com.kavya.hrms.model.Employee@e0ae8c5, com.kavya.hrms.model.Employee@1a4bcee5, com.kavya.hrms.model (truncated)...]
2026-05-28T14:45:12.648+05:30 DEBUG 5796 --- [nio-8080-exec-8] m.m.a.RequestResponseBodyMethodProcessor : Using 'application/json', given [*/*] and supported [application/json, application/*+json]
2026-05-28T14:45:12.649+05:30 DEBUG 5796 --- [nio-8080-exec-8] m.m.a.RequestResponseBodyMethodProcessor : Writing [[com.kavya.hrms.model.AppUser@73c4522d, com.kavya.hrms.model.AppUser@4f936bbe, com.kavya.hrms.model. (truncated)...]
2026-05-28T14:45:12.650+05:30 DEBUG 5796 --- [nio-8080-exec-5] o.s.web.servlet.DispatcherServlet        : Completed 200 OK
2026-05-28T14:45:12.655+05:30 DEBUG 5796 --- [nio-8080-exec-8] o.s.web.servlet.DispatcherServlet        : Completed 200 OK
2026-05-28T14:45:12.672+05:30 DEBUG 5796 --- [nio-8080-exec-7] o.s.web.servlet.DispatcherServlet        : GET "/api/employees", parameters={}
2026-05-28T14:45:12.673+05:30 DEBUG 5796 --- [nio-8080-exec-7] s.w.s.m.m.a.RequestMappingHandlerMapping : Mapped to com.kavya.hrms.controller.EmployeeController#list()
2026-05-28T14:45:12.676+05:30 DEBUG 5796 --- [nio-8080-exec-7] m.m.a.RequestResponseBodyMethodProcessor : Using 'application/json', given [*/*] and supported [application/json, application/*+json]
2026-05-28T14:45:12.677+05:30 DEBUG 5796 --- [nio-8080-exec-7] m.m.a.RequestResponseBodyMethodProcessor : Writing [[com.kavya.hrms.model.Employee@2a32953a, com.kavya.hrms.model.Employee@8f79fdd, com.kavya.hrms.model (truncated)...]
2026-05-28T14:45:12.678+05:30 DEBUG 5796 --- [nio-8080-exec-7] o.s.web.servlet.DispatcherServlet        : Completed 200 OK
2026-05-28T14:45:22.647+05:30 DEBUG 5796 --- [nio-8080-exec-6] o.s.web.servlet.DispatcherServlet        : GET "/api/employees", parameters={}
2026-05-28T14:45:22.647+05:30 DEBUG 5796 --- [io-8080-exec-10] o.s.web.servlet.DispatcherServlet        : GET "/api/users", parameters={}
2026-05-28T14:45:22.649+05:30 DEBUG 5796 --- [nio-8080-exec-6] s.w.s.m.m.a.RequestMappingHandlerMapping : Mapped to com.kavya.hrms.controller.EmployeeController#list()
2026-05-28T14:45:22.649+05:30 DEBUG 5796 --- [io-8080-exec-10] s.w.s.m.m.a.RequestMappingHandlerMapping : Mapped to com.kavya.hrms.controller.UserController#list()
2026-05-28T14:45:22.656+05:30 DEBUG 5796 --- [io-8080-exec-10] m.m.a.RequestResponseBodyMethodProcessor : Using 'application/json', given [*/*] and supported [application/json, application/*+json]
2026-05-28T14:45:22.657+05:30 DEBUG 5796 --- [nio-8080-exec-6] m.m.a.RequestResponseBodyMethodProcessor : Using 'application/json', given [*/*] and supported [application/json, application/*+json]
2026-05-28T14:45:22.658+05:30 DEBUG 5796 --- [io-8080-exec-10] m.m.a.RequestResponseBodyMethodProcessor : Writing [[com.kavya.hrms.model.AppUser@7c01f17d, com.kavya.hrms.model.AppUser@15cc3dd0, com.kavya.hrms.model. (truncated)...]
2026-05-28T14:45:22.658+05:30 DEBUG 5796 --- [nio-8080-exec-6] m.m.a.RequestResponseBodyMethodProcessor : Writing [[com.kavya.hrms.model.Employee@4279ee59, com.kavya.hrms.model.Employee@1dca20c1, com.kavya.hrms.mode (truncated)...]
2026-05-28T14:45:22.660+05:30 DEBUG 5796 --- [io-8080-exec-10] o.s.web.servlet.DispatcherServlet        : Completed 200 OK
2026-05-28T14:45:22.662+05:30 DEBUG 5796 --- [nio-8080-exec-6] o.s.web.servlet.DispatcherServlet        : Completed 200 OK
2026-05-28T14:45:22.686+05:30 DEBUG 5796 --- [nio-8080-exec-3] o.s.web.servlet.DispatcherServlet        : GET "/api/employees", parameters={}
2026-05-28T14:45:22.686+05:30 DEBUG 5796 --- [nio-8080-exec-3] s.w.s.m.m.a.RequestMappingHandlerMapping : Mapped to com.kavya.hrms.controller.EmployeeController#list()
2026-05-28T14:45:22.690+05:30 DEBUG 5796 --- [nio-8080-exec-3] m.m.a.RequestResponseBodyMethodProcessor : Using 'application/json', given [*/*] and supported [application/json, application/*+json]
2026-05-28T14:45:22.691+05:30 DEBUG 5796 --- [nio-8080-exec-3] m.m.a.RequestResponseBodyMethodProcessor : Writing [[com.kavya.hrms.model.Employee@3ccb9ff7, com.kavya.hrms.model.Employee@674d2c94, com.kavya.hrms.mode (truncated)...]
2026-05-28T14:45:22.692+05:30 DEBUG 5796 --- [nio-8080-exec-3] o.s.web.servlet.DispatcherServlet        : Completed 200 OK
2026-05-28T14:45:25.612+05:30 DEBUG 5796 --- [nio-8080-exec-1] o.s.web.servlet.DispatcherServlet        : GET "/api/projects", parameters={}
2026-05-28T14:45:25.612+05:30 DEBUG 5796 --- [nio-8080-exec-4] o.s.web.servlet.DispatcherServlet        : GET "/api/employees", parameters={}
2026-05-28T14:45:25.614+05:30 DEBUG 5796 --- [nio-8080-exec-1] s.w.s.m.m.a.RequestMappingHandlerMapping : Mapped to com.kavya.hrms.controller.ProjectController#list()
2026-05-28T14:45:25.615+05:30 DEBUG 5796 --- [nio-8080-exec-4] s.w.s.m.m.a.RequestMappingHandlerMapping : Mapped to com.kavya.hrms.controller.EmployeeController#list()
2026-05-28T14:45:25.621+05:30 DEBUG 5796 --- [nio-8080-exec-1] m.m.a.RequestResponseBodyMethodProcessor : Using 'application/json', given [*/*] and supported [application/json, application/*+json]
2026-05-28T14:45:25.622+05:30 DEBUG 5796 --- [nio-8080-exec-1] m.m.a.RequestResponseBodyMethodProcessor : Writing [[com.kavya.hrms.model.Project@447282ad, com.kavya.hrms.model.Project@25a02969, com.kavya.hrms.model. (truncated)...]
2026-05-28T14:45:25.623+05:30 DEBUG 5796 --- [nio-8080-exec-4] m.m.a.RequestResponseBodyMethodProcessor : Using 'application/json', given [*/*] and supported [application/json, application/*+json]
2026-05-28T14:45:25.625+05:30 DEBUG 5796 --- [nio-8080-exec-4] m.m.a.RequestResponseBodyMethodProcessor : Writing [[com.kavya.hrms.model.Employee@14ec459c, com.kavya.hrms.model.Employee@5b2618fd, com.kavya.hrms.mode (truncated)...]
2026-05-28T14:45:25.625+05:30 DEBUG 5796 --- [nio-8080-exec-1] o.s.web.servlet.DispatcherServlet        : Completed 200 OK
2026-05-28T14:45:25.628+05:30 DEBUG 5796 --- [nio-8080-exec-4] o.s.web.servlet.DispatcherServlet        : Completed 200 OK
2026-05-28T14:45:32.631+05:30 DEBUG 5796 --- [nio-8080-exec-9] o.s.web.servlet.DispatcherServlet        : GET "/api/users", parameters={}
2026-05-28T14:45:32.631+05:30 DEBUG 5796 --- [nio-8080-exec-2] o.s.web.servlet.DispatcherServlet        : GET "/api/employees", parameters={}
2026-05-28T14:45:32.645+05:30 DEBUG 5796 --- [nio-8080-exec-9] s.w.s.m.m.a.RequestMappingHandlerMapping : Mapped to com.kavya.hrms.controller.UserController#list()
2026-05-28T14:45:32.646+05:30 DEBUG 5796 --- [nio-8080-exec-2] s.w.s.m.m.a.RequestMappingHandlerMapping : Mapped to com.kavya.hrms.controller.EmployeeController#list()
2026-05-28T14:45:32.648+05:30 DEBUG 5796 --- [nio-8080-exec-9] m.m.a.RequestResponseBodyMethodProcessor : Using 'application/json', given [*/*] and supported [application/json, application/*+json]
2026-05-28T14:45:32.648+05:30 DEBUG 5796 --- [nio-8080-exec-2] m.m.a.RequestResponseBodyMethodProcessor : Using 'application/json', given [*/*] and supported [application/json, application/*+json]
2026-05-28T14:45:32.649+05:30 DEBUG 5796 --- [nio-8080-exec-9] m.m.a.RequestResponseBodyMethodProcessor : Writing [[com.kavya.hrms.model.AppUser@7bd7006c, com.kavya.hrms.model.AppUser@7552cbab, com.kavya.hrms.model. (truncated)...]
2026-05-28T14:45:32.650+05:30 DEBUG 5796 --- [nio-8080-exec-2] m.m.a.RequestResponseBodyMethodProcessor : Writing [[com.kavya.hrms.model.Employee@2bfa6f20, com.kavya.hrms.model.Employee@6d554541, com.kavya.hrms.mode (truncated)...]
2026-05-28T14:45:32.651+05:30 DEBUG 5796 --- [nio-8080-exec-9] o.s.web.servlet.DispatcherServlet        : Completed 200 OK
2026-05-28T14:45:32.651+05:30 DEBUG 5796 --- [nio-8080-exec-2] o.s.web.servlet.DispatcherServlet        : Completed 200 OK
2026-05-28T14:45:32.665+05:30 DEBUG 5796 --- [nio-8080-exec-5] o.s.web.servlet.DispatcherServlet        : GET "/api/employees", parameters={}
2026-05-28T14:45:32.666+05:30 DEBUG 5796 --- [nio-8080-exec-5] s.w.s.m.m.a.RequestMappingHandlerMapping : Mapped to com.kavya.hrms.controller.EmployeeController#list()
2026-05-28T14:45:32.671+05:30 DEBUG 5796 --- [nio-8080-exec-5] m.m.a.RequestResponseBodyMethodProcessor : Using 'application/json', given [*/*] and supported [application/json, application/*+json]
2026-05-28T14:45:32.672+05:30 DEBUG 5796 --- [nio-8080-exec-5] m.m.a.RequestResponseBodyMethodProcessor : Writing [[com.kavya.hrms.model.Employee@4adbaefc, com.kavya.hrms.model.Employee@59613a36, com.kavya.hrms.mode (truncated)...]
2026-05-28T14:45:32.673+05:30 DEBUG 5796 --- [nio-8080-exec-5] o.s.web.servlet.DispatcherServlet        : Completed 200 OK
2026-05-28T14:45:40.604+05:30 DEBUG 5796 --- [nio-8080-exec-8] o.s.web.servlet.DispatcherServlet        : GET "/api/projects", parameters={}
2026-05-28T14:45:40.605+05:30 DEBUG 5796 --- [nio-8080-exec-7] o.s.web.servlet.DispatcherServlet        : GET "/api/employees", parameters={}
2026-05-28T14:45:40.606+05:30 DEBUG 5796 --- [nio-8080-exec-8] s.w.s.m.m.a.RequestMappingHandlerMapping : Mapped to com.kavya.hrms.controller.ProjectController#list()
2026-05-28T14:45:40.607+05:30 DEBUG 5796 --- [nio-8080-exec-7] s.w.s.m.m.a.RequestMappingHandlerMapping : Mapped to com.kavya.hrms.controller.EmployeeController#list()
2026-05-28T14:45:40.614+05:30 DEBUG 5796 --- [nio-8080-exec-8] m.m.a.RequestResponseBodyMethodProcessor : Using 'application/json', given [*/*] and supported [application/json, application/*+json]
2026-05-28T14:45:40.615+05:30 DEBUG 5796 --- [nio-8080-exec-7] m.m.a.RequestResponseBodyMethodProcessor : Using 'application/json', given [*/*] and supported [application/json, application/*+json]
2026-05-28T14:45:40.615+05:30 DEBUG 5796 --- [nio-8080-exec-8] m.m.a.RequestResponseBodyMethodProcessor : Writing [[com.kavya.hrms.model.Project@5748a25b, com.kavya.hrms.model.Project@6c4a57f1, com.kavya.hrms.model. (truncated)...]
2026-05-28T14:45:40.616+05:30 DEBUG 5796 --- [nio-8080-exec-7] m.m.a.RequestResponseBodyMethodProcessor : Writing [[com.kavya.hrms.model.Employee@7556be5f, com.kavya.hrms.model.Employee@8d4e85b, com.kavya.hrms.model (truncated)...]
2026-05-28T14:45:40.618+05:30 DEBUG 5796 --- [nio-8080-exec-8] o.s.web.servlet.DispatcherServlet        : Completed 200 OK
2026-05-28T14:45:40.620+05:30 DEBUG 5796 --- [nio-8080-exec-7] o.s.web.servlet.DispatcherServlet        : Completed 200 OK
2026-05-28T14:45:42.639+05:30 DEBUG 5796 --- [nio-8080-exec-6] o.s.web.servlet.DispatcherServlet        : GET "/api/employees", parameters={}
2026-05-28T14:45:42.639+05:30 DEBUG 5796 --- [io-8080-exec-10] o.s.web.servlet.DispatcherServlet        : GET "/api/users", parameters={}
2026-05-28T14:45:42.641+05:30 DEBUG 5796 --- [nio-8080-exec-6] s.w.s.m.m.a.RequestMappingHandlerMapping : Mapped to com.kavya.hrms.controller.EmployeeController#list()
2026-05-28T14:45:42.641+05:30 DEBUG 5796 --- [io-8080-exec-10] s.w.s.m.m.a.RequestMappingHandlerMapping : Mapped to com.kavya.hrms.controller.UserController#list()
2026-05-28T14:45:42.648+05:30 DEBUG 5796 --- [io-8080-exec-10] m.m.a.RequestResponseBodyMethodProcessor : Using 'application/json', given [*/*] and supported [application/json, application/*+json]
2026-05-28T14:45:42.649+05:30 DEBUG 5796 --- [nio-8080-exec-6] m.m.a.RequestResponseBodyMethodProcessor : Using 'application/json', given [*/*] and supported [application/json, application/*+json]
2026-05-28T14:45:42.650+05:30 DEBUG 5796 --- [io-8080-exec-10] m.m.a.RequestResponseBodyMethodProcessor : Writing [[com.kavya.hrms.model.AppUser@31009388, com.kavya.hrms.model.AppUser@13882f32, com.kavya.hrms.model. (truncated)...]
2026-05-28T14:45:42.650+05:30 DEBUG 5796 --- [nio-8080-exec-6] m.m.a.RequestResponseBodyMethodProcessor : Writing [[com.kavya.hrms.model.Employee@6d9b1198, com.kavya.hrms.model.Employee@40ff0809, com.kavya.hrms.mode (truncated)...]
2026-05-28T14:45:42.652+05:30 DEBUG 5796 --- [io-8080-exec-10] o.s.web.servlet.DispatcherServlet        : Completed 200 OK
2026-05-28T14:45:42.653+05:30 DEBUG 5796 --- [nio-8080-exec-6] o.s.web.servlet.DispatcherServlet        : Completed 200 OK
2026-05-28T14:45:42.662+05:30 DEBUG 5796 --- [nio-8080-exec-3] o.s.web.servlet.DispatcherServlet        : GET "/api/employees", parameters={}
2026-05-28T14:45:42.662+05:30 DEBUG 5796 --- [nio-8080-exec-3] s.w.s.m.m.a.RequestMappingHandlerMapping : Mapped to com.kavya.hrms.controller.EmployeeController#list()
2026-05-28T14:45:42.666+05:30 DEBUG 5796 --- [nio-8080-exec-3] m.m.a.RequestResponseBodyMethodProcessor : Using 'application/json', given [*/*] and supported [application/json, application/*+json]
2026-05-28T14:45:42.667+05:30 DEBUG 5796 --- [nio-8080-exec-3] m.m.a.RequestResponseBodyMethodProcessor : Writing [[com.kavya.hrms.model.Employee@786a707f, com.kavya.hrms.model.Employee@61f84f39, com.kavya.hrms.mode (truncated)...]
2026-05-28T14:45:42.668+05:30 DEBUG 5796 --- [nio-8080-exec-3] o.s.web.servlet.DispatcherServlet        : Completed 200 OK
2026-05-28T14:45:52.636+05:30 DEBUG 5796 --- [nio-8080-exec-1] o.s.web.servlet.DispatcherServlet        : GET "/api/users", parameters={}
2026-05-28T14:45:52.637+05:30 DEBUG 5796 --- [nio-8080-exec-4] o.s.web.servlet.DispatcherServlet        : GET "/api/employees", parameters={}
2026-05-28T14:45:52.637+05:30 DEBUG 5796 --- [nio-8080-exec-1] s.w.s.m.m.a.RequestMappingHandlerMapping : Mapped to com.kavya.hrms.controller.UserController#list()
2026-05-28T14:45:52.637+05:30 DEBUG 5796 --- [nio-8080-exec-4] s.w.s.m.m.a.RequestMappingHandlerMapping : Mapped to com.kavya.hrms.controller.EmployeeController#list()
2026-05-28T14:45:52.639+05:30 DEBUG 5796 --- [nio-8080-exec-1] m.m.a.RequestResponseBodyMethodProcessor : Using 'application/json', given [*/*] and supported [application/json, application/*+json]
2026-05-28T14:45:52.640+05:30 DEBUG 5796 --- [nio-8080-exec-4] m.m.a.RequestResponseBodyMethodProcessor : Using 'application/json', given [*/*] and supported [application/json, application/*+json]
2026-05-28T14:45:52.640+05:30 DEBUG 5796 --- [nio-8080-exec-1] m.m.a.RequestResponseBodyMethodProcessor : Writing [[com.kavya.hrms.model.AppUser@737c9169, com.kavya.hrms.model.AppUser@32e8bf79, com.kavya.hrms.model. (truncated)...]
2026-05-28T14:45:52.640+05:30 DEBUG 5796 --- [nio-8080-exec-4] m.m.a.RequestResponseBodyMethodProcessor : Writing [[com.kavya.hrms.model.Employee@71c63540, com.kavya.hrms.model.Employee@27b931aa, com.kavya.hrms.mode (truncated)...]
2026-05-28T14:45:52.641+05:30 DEBUG 5796 --- [nio-8080-exec-1] o.s.web.servlet.DispatcherServlet        : Completed 200 OK
2026-05-28T14:45:52.641+05:30 DEBUG 5796 --- [nio-8080-exec-4] o.s.web.servlet.DispatcherServlet        : Completed 200 OK
2026-05-28T14:45:52.647+05:30 DEBUG 5796 --- [nio-8080-exec-9] o.s.web.servlet.DispatcherServlet        : GET "/api/employees", parameters={}
2026-05-28T14:45:52.647+05:30 DEBUG 5796 --- [nio-8080-exec-9] s.w.s.m.m.a.RequestMappingHandlerMapping : Mapped to com.kavya.hrms.controller.EmployeeController#list()
2026-05-28T14:45:52.649+05:30 DEBUG 5796 --- [nio-8080-exec-9] m.m.a.RequestResponseBodyMethodProcessor : Using 'application/json', given [*/*] and supported [application/json, application/*+json]
2026-05-28T14:45:52.650+05:30 DEBUG 5796 --- [nio-8080-exec-9] m.m.a.RequestResponseBodyMethodProcessor : Writing [[com.kavya.hrms.model.Employee@41b1c7f6, com.kavya.hrms.model.Employee@1afef42b, com.kavya.hrms.mode (truncated)...]
2026-05-28T14:45:52.651+05:30 DEBUG 5796 --- [nio-8080-exec-9] o.s.web.servlet.DispatcherServlet        : Completed 200 OK
2026-05-28T14:45:54.366+05:30 DEBUG 5796 --- [nio-8080-exec-2] o.s.web.servlet.DispatcherServlet        : GET "/api/projects", parameters={}
2026-05-28T14:45:54.371+05:30 DEBUG 5796 --- [nio-8080-exec-2] s.w.s.m.m.a.RequestMappingHandlerMapping : Mapped to com.kavya.hrms.controller.ProjectController#list()
2026-05-28T14:45:54.374+05:30 DEBUG 5796 --- [nio-8080-exec-5] o.s.web.servlet.DispatcherServlet        : GET "/api/employees", parameters={}
2026-05-28T14:45:54.376+05:30 DEBUG 5796 --- [nio-8080-exec-5] s.w.s.m.m.a.RequestMappingHandlerMapping : Mapped to com.kavya.hrms.controller.EmployeeController#list()
2026-05-28T14:45:54.377+05:30 DEBUG 5796 --- [nio-8080-exec-2] m.m.a.RequestResponseBodyMethodProcessor : Using 'application/json', given [*/*] and supported [application/json, application/*+json]
2026-05-28T14:45:54.378+05:30 DEBUG 5796 --- [nio-8080-exec-2] m.m.a.RequestResponseBodyMethodProcessor : Writing [[com.kavya.hrms.model.Project@55f8a892, com.kavya.hrms.model.Project@527d1e1a, com.kavya.hrms.model. (truncated)...]
2026-05-28T14:45:54.379+05:30 DEBUG 5796 --- [nio-8080-exec-2] o.s.web.servlet.DispatcherServlet        : Completed 200 OK
2026-05-28T14:45:54.382+05:30 DEBUG 5796 --- [nio-8080-exec-5] m.m.a.RequestResponseBodyMethodProcessor : Using 'application/json', given [*/*] and supported [application/json, application/*+json]
2026-05-28T14:45:54.384+05:30 DEBUG 5796 --- [nio-8080-exec-5] m.m.a.RequestResponseBodyMethodProcessor : Writing [[com.kavya.hrms.model.Employee@6c8c0174, com.kavya.hrms.model.Employee@68dd4f68, com.kavya.hrms.mode (truncated)...]
2026-05-28T14:45:54.385+05:30 DEBUG 5796 --- [nio-8080-exec-5] o.s.web.servlet.DispatcherServlet        : Completed 200 OK
2026-05-28T14:45:55.607+05:30 DEBUG 5796 --- [nio-8080-exec-7] o.s.web.servlet.DispatcherServlet        : GET "/api/employees", parameters={}
2026-05-28T14:45:55.607+05:30 DEBUG 5796 --- [nio-8080-exec-8] o.s.web.servlet.DispatcherServlet        : GET "/api/projects", parameters={}
2026-05-28T14:45:55.608+05:30 DEBUG 5796 --- [nio-8080-exec-7] s.w.s.m.m.a.RequestMappingHandlerMapping : Mapped to com.kavya.hrms.controller.EmployeeController#list()
2026-05-28T14:45:55.608+05:30 DEBUG 5796 --- [nio-8080-exec-8] s.w.s.m.m.a.RequestMappingHandlerMapping : Mapped to com.kavya.hrms.controller.ProjectController#list()
2026-05-28T14:45:55.614+05:30 DEBUG 5796 --- [nio-8080-exec-8] m.m.a.RequestResponseBodyMethodProcessor : Using 'application/json', given [*/*] and supported [application/json, application/*+json]
2026-05-28T14:45:55.615+05:30 DEBUG 5796 --- [nio-8080-exec-8] m.m.a.RequestResponseBodyMethodProcessor : Writing [[com.kavya.hrms.model.Project@4902f317, com.kavya.hrms.model.Project@70f4a7e0, com.kavya.hrms.model. (truncated)...]
2026-05-28T14:45:55.616+05:30 DEBUG 5796 --- [nio-8080-exec-7] m.m.a.RequestResponseBodyMethodProcessor : Using 'application/json', given [*/*] and supported [application/json, application/*+json]
2026-05-28T14:45:55.617+05:30 DEBUG 5796 --- [nio-8080-exec-7] m.m.a.RequestResponseBodyMethodProcessor : Writing [[com.kavya.hrms.model.Employee@46f868bf, com.kavya.hrms.model.Employee@7e65eb0a, com.kavya.hrms.mode (truncated)...]
2026-05-28T14:45:55.617+05:30 DEBUG 5796 --- [nio-8080-exec-8] o.s.web.servlet.DispatcherServlet        : Completed 200 OK
2026-05-28T14:45:55.620+05:30 DEBUG 5796 --- [nio-8080-exec-7] o.s.web.servlet.DispatcherServlet        : Completed 200 OK
2026-05-28T14:46:02.630+05:30 DEBUG 5796 --- [io-8080-exec-10] o.s.web.servlet.DispatcherServlet        : GET "/api/users", parameters={}
2026-05-28T14:46:02.630+05:30 DEBUG 5796 --- [io-8080-exec-10] s.w.s.m.m.a.RequestMappingHandlerMapping : Mapped to com.kavya.hrms.controller.UserController#list()
2026-05-28T14:46:02.633+05:30 DEBUG 5796 --- [io-8080-exec-10] m.m.a.RequestResponseBodyMethodProcessor : Using 'application/json', given [*/*] and supported [application/json, application/*+json]
2026-05-28T14:46:02.633+05:30 DEBUG 5796 --- [io-8080-exec-10] m.m.a.RequestResponseBodyMethodProcessor : Writing [[com.kavya.hrms.model.AppUser@89d7cc4, com.kavya.hrms.model.AppUser@556b37ef, com.kavya.hrms.model.A (truncated)...]
2026-05-28T14:46:02.634+05:30 DEBUG 5796 --- [io-8080-exec-10] o.s.web.servlet.DispatcherServlet        : Completed 200 OK
2026-05-28T14:46:02.634+05:30 DEBUG 5796 --- [nio-8080-exec-6] o.s.web.servlet.DispatcherServlet        : GET "/api/employees", parameters={}
2026-05-28T14:46:02.634+05:30 DEBUG 5796 --- [nio-8080-exec-6] s.w.s.m.m.a.RequestMappingHandlerMapping : Mapped to com.kavya.hrms.controller.EmployeeController#list()
2026-05-28T14:46:02.657+05:30 DEBUG 5796 --- [nio-8080-exec-6] m.m.a.RequestResponseBodyMethodProcessor : Using 'application/json', given [*/*] and supported [application/json, application/*+json]
2026-05-28T14:46:02.657+05:30 DEBUG 5796 --- [nio-8080-exec-6] m.m.a.RequestResponseBodyMethodProcessor : Writing [[com.kavya.hrms.model.Employee@1390fb48, com.kavya.hrms.model.Employee@7758476d, com.kavya.hrms.mode (truncated)...]
2026-05-28T14:46:02.659+05:30 DEBUG 5796 --- [nio-8080-exec-6] o.s.web.servlet.DispatcherServlet        : Completed 200 OK
2026-05-28T14:46:02.716+05:30 DEBUG 5796 --- [nio-8080-exec-3] o.s.web.servlet.DispatcherServlet        : GET "/api/employees", parameters={}
2026-05-28T14:46:02.717+05:30 DEBUG 5796 --- [nio-8080-exec-3] s.w.s.m.m.a.RequestMappingHandlerMapping : Mapped to com.kavya.hrms.controller.EmployeeController#list()
2026-05-28T14:46:02.720+05:30 DEBUG 5796 --- [nio-8080-exec-3] m.m.a.RequestResponseBodyMethodProcessor : Using 'application/json', given [*/*] and supported [application/json, application/*+json]
2026-05-28T14:46:02.721+05:30 DEBUG 5796 --- [nio-8080-exec-3] m.m.a.RequestResponseBodyMethodProcessor : Writing [[com.kavya.hrms.model.Employee@3c9b3117, com.kavya.hrms.model.Employee@342d4ff7, com.kavya.hrms.mode (truncated)...]
2026-05-28T14:46:02.722+05:30 DEBUG 5796 --- [nio-8080-exec-3] o.s.web.servlet.DispatcherServlet        : Completed 200 OK
2026-05-28T14:46:10.613+05:30 DEBUG 5796 --- [nio-8080-exec-1] o.s.web.servlet.DispatcherServlet        : GET "/api/projects", parameters={}
2026-05-28T14:46:10.613+05:30 DEBUG 5796 --- [nio-8080-exec-4] o.s.web.servlet.DispatcherServlet        : GET "/api/employees", parameters={}
2026-05-28T14:46:10.615+05:30 DEBUG 5796 --- [nio-8080-exec-1] s.w.s.m.m.a.RequestMappingHandlerMapping : Mapped to com.kavya.hrms.controller.ProjectController#list()
2026-05-28T14:46:10.615+05:30 DEBUG 5796 --- [nio-8080-exec-4] s.w.s.m.m.a.RequestMappingHandlerMapping : Mapped to com.kavya.hrms.controller.EmployeeController#list()
2026-05-28T14:46:10.621+05:30 DEBUG 5796 --- [nio-8080-exec-1] m.m.a.RequestResponseBodyMethodProcessor : Using 'application/json', given [*/*] and supported [application/json, application/*+json]
2026-05-28T14:46:10.622+05:30 DEBUG 5796 --- [nio-8080-exec-4] m.m.a.RequestResponseBodyMethodProcessor : Using 'application/json', given [*/*] and supported [application/json, application/*+json]
2026-05-28T14:46:10.622+05:30 DEBUG 5796 --- [nio-8080-exec-1] m.m.a.RequestResponseBodyMethodProcessor : Writing [[com.kavya.hrms.model.Project@4b4a869e, com.kavya.hrms.model.Project@251837a2, com.kavya.hrms.model. (truncated)...]
2026-05-28T14:46:10.623+05:30 DEBUG 5796 --- [nio-8080-exec-4] m.m.a.RequestResponseBodyMethodProcessor : Writing [[com.kavya.hrms.model.Employee@75ca84fb, com.kavya.hrms.model.Employee@3ae82a75, com.kavya.hrms.mode (truncated)...]
2026-05-28T14:46:10.625+05:30 DEBUG 5796 --- [nio-8080-exec-1] o.s.web.servlet.DispatcherServlet        : Completed 200 OK
2026-05-28T14:46:10.626+05:30 DEBUG 5796 --- [nio-8080-exec-4] o.s.web.servlet.DispatcherServlet        : Completed 200 OK
2026-05-28T14:46:12.632+05:30 DEBUG 5796 --- [nio-8080-exec-9] o.s.web.servlet.DispatcherServlet        : GET "/api/users", parameters={}
2026-05-28T14:46:12.632+05:30 DEBUG 5796 --- [nio-8080-exec-2] o.s.web.servlet.DispatcherServlet        : GET "/api/employees", parameters={}
2026-05-28T14:46:12.634+05:30 DEBUG 5796 --- [nio-8080-exec-9] s.w.s.m.m.a.RequestMappingHandlerMapping : Mapped to com.kavya.hrms.controller.UserController#list()
2026-05-28T14:46:12.634+05:30 DEBUG 5796 --- [nio-8080-exec-2] s.w.s.m.m.a.RequestMappingHandlerMapping : Mapped to com.kavya.hrms.controller.EmployeeController#list()
2026-05-28T14:46:12.640+05:30 DEBUG 5796 --- [nio-8080-exec-9] m.m.a.RequestResponseBodyMethodProcessor : Using 'application/json', given [*/*] and supported [application/json, application/*+json]
2026-05-28T14:46:12.641+05:30 DEBUG 5796 --- [nio-8080-exec-2] m.m.a.RequestResponseBodyMethodProcessor : Using 'application/json', given [*/*] and supported [application/json, application/*+json]
2026-05-28T14:46:12.641+05:30 DEBUG 5796 --- [nio-8080-exec-9] m.m.a.RequestResponseBodyMethodProcessor : Writing [[com.kavya.hrms.model.AppUser@722f9512, com.kavya.hrms.model.AppUser@4bfdbda2, com.kavya.hrms.model. (truncated)...]
2026-05-28T14:46:12.642+05:30 DEBUG 5796 --- [nio-8080-exec-2] m.m.a.RequestResponseBodyMethodProcessor : Writing [[com.kavya.hrms.model.Employee@50af463a, com.kavya.hrms.model.Employee@310c2a17, com.kavya.hrms.mode (truncated)...]
2026-05-28T14:46:12.644+05:30 DEBUG 5796 --- [nio-8080-exec-9] o.s.web.servlet.DispatcherServlet        : Completed 200 OK
2026-05-28T14:46:12.646+05:30 DEBUG 5796 --- [nio-8080-exec-2] o.s.web.servlet.DispatcherServlet        : Completed 200 OK
2026-05-28T14:46:12.662+05:30 DEBUG 5796 --- [nio-8080-exec-5] o.s.web.servlet.DispatcherServlet        : GET "/api/employees", parameters={}
2026-05-28T14:46:12.664+05:30 DEBUG 5796 --- [nio-8080-exec-5] s.w.s.m.m.a.RequestMappingHandlerMapping : Mapped to com.kavya.hrms.controller.EmployeeController#list()
2026-05-28T14:46:12.667+05:30 DEBUG 5796 --- [nio-8080-exec-5] m.m.a.RequestResponseBodyMethodProcessor : Using 'application/json', given [*/*] and supported [application/json, application/*+json]
2026-05-28T14:46:12.668+05:30 DEBUG 5796 --- [nio-8080-exec-5] m.m.a.RequestResponseBodyMethodProcessor : Writing [[com.kavya.hrms.model.Employee@2defd8bf, com.kavya.hrms.model.Employee@5d9d548a, com.kavya.hrms.mode (truncated)...]
2026-05-28T14:46:12.668+05:30 DEBUG 5796 --- [nio-8080-exec-5] o.s.web.servlet.DispatcherServlet        : Completed 200 OK
2026-05-28T14:46:15.709+05:30 DEBUG 5796 --- [nio-8080-exec-8] o.s.web.servlet.DispatcherServlet        : GET "/api/users", parameters={}
2026-05-28T14:46:15.710+05:30 DEBUG 5796 --- [nio-8080-exec-8] s.w.s.m.m.a.RequestMappingHandlerMapping : Mapped to com.kavya.hrms.controller.UserController#list()
2026-05-28T14:46:15.709+05:30 DEBUG 5796 --- [nio-8080-exec-7] o.s.web.servlet.DispatcherServlet        : GET "/api/employees", parameters={}
2026-05-28T14:46:15.715+05:30 DEBUG 5796 --- [nio-8080-exec-7] s.w.s.m.m.a.RequestMappingHandlerMapping : Mapped to com.kavya.hrms.controller.EmployeeController#list()
2026-05-28T14:46:15.714+05:30 DEBUG 5796 --- [nio-8080-exec-8] m.m.a.RequestResponseBodyMethodProcessor : Using 'application/json', given [*/*] and supported [application/json, application/*+json]
2026-05-28T14:46:15.716+05:30 DEBUG 5796 --- [nio-8080-exec-8] m.m.a.RequestResponseBodyMethodProcessor : Writing [[com.kavya.hrms.model.AppUser@285114c0, com.kavya.hrms.model.AppUser@1a2cbf77, com.kavya.hrms.model. (truncated)...]
2026-05-28T14:46:15.722+05:30 DEBUG 5796 --- [nio-8080-exec-8] o.s.web.servlet.DispatcherServlet        : Completed 200 OK
2026-05-28T14:46:15.729+05:30 DEBUG 5796 --- [nio-8080-exec-7] m.m.a.RequestResponseBodyMethodProcessor : Using 'application/json', given [*/*] and supported [application/json, application/*+json]
2026-05-28T14:46:15.730+05:30 DEBUG 5796 --- [nio-8080-exec-7] m.m.a.RequestResponseBodyMethodProcessor : Writing [[com.kavya.hrms.model.Employee@520b0e0, com.kavya.hrms.model.Employee@3d1dfded, com.kavya.hrms.model (truncated)...]
2026-05-28T14:46:15.731+05:30 DEBUG 5796 --- [nio-8080-exec-7] o.s.web.servlet.DispatcherServlet        : Completed 200 OK
2026-05-28T14:46:25.711+05:30 DEBUG 5796 --- [io-8080-exec-10] o.s.web.servlet.DispatcherServlet        : GET "/api/users", parameters={}
2026-05-28T14:46:25.711+05:30 DEBUG 5796 --- [nio-8080-exec-6] o.s.web.servlet.DispatcherServlet        : GET "/api/employees", parameters={}
2026-05-28T14:46:25.712+05:30 DEBUG 5796 --- [io-8080-exec-10] s.w.s.m.m.a.RequestMappingHandlerMapping : Mapped to com.kavya.hrms.controller.UserController#list()
2026-05-28T14:46:25.712+05:30 DEBUG 5796 --- [nio-8080-exec-6] s.w.s.m.m.a.RequestMappingHandlerMapping : Mapped to com.kavya.hrms.controller.EmployeeController#list()
2026-05-28T14:46:25.716+05:30 DEBUG 5796 --- [io-8080-exec-10] m.m.a.RequestResponseBodyMethodProcessor : Using 'application/json', given [*/*] and supported [application/json, application/*+json]
2026-05-28T14:46:25.716+05:30 DEBUG 5796 --- [nio-8080-exec-6] m.m.a.RequestResponseBodyMethodProcessor : Using 'application/json', given [*/*] and supported [application/json, application/*+json]
2026-05-28T14:46:25.717+05:30 DEBUG 5796 --- [io-8080-exec-10] m.m.a.RequestResponseBodyMethodProcessor : Writing [[com.kavya.hrms.model.AppUser@349887d8, com.kavya.hrms.model.AppUser@5d14f401, com.kavya.hrms.model. (truncated)...]
2026-05-28T14:46:25.717+05:30 DEBUG 5796 --- [nio-8080-exec-6] m.m.a.RequestResponseBodyMethodProcessor : Writing [[com.kavya.hrms.model.Employee@6d460e0c, com.kavya.hrms.model.Employee@35d178b7, com.kavya.hrms.mode (truncated)...]
2026-05-28T14:46:25.719+05:30 DEBUG 5796 --- [io-8080-exec-10] o.s.web.servlet.DispatcherServlet        : Completed 200 OK
2026-05-28T14:46:25.719+05:30 DEBUG 5796 --- [nio-8080-exec-6] o.s.web.servlet.DispatcherServlet        : Completed 200 OK
2026-05-28T14:46:36.040+05:30 DEBUG 5796 --- [nio-8080-exec-3] o.s.web.servlet.DispatcherServlet        : GET "/api/users", parameters={}
2026-05-28T14:46:36.041+05:30 DEBUG 5796 --- [nio-8080-exec-1] o.s.web.servlet.DispatcherServlet        : GET "/api/employees", parameters={}
2026-05-28T14:46:36.043+05:30 DEBUG 5796 --- [nio-8080-exec-3] s.w.s.m.m.a.RequestMappingHandlerMapping : Mapped to com.kavya.hrms.controller.UserController#list()
2026-05-28T14:46:36.044+05:30 DEBUG 5796 --- [nio-8080-exec-1] s.w.s.m.m.a.RequestMappingHandlerMapping : Mapped to com.kavya.hrms.controller.EmployeeController#list()
2026-05-28T14:46:36.050+05:30 DEBUG 5796 --- [nio-8080-exec-3] m.m.a.RequestResponseBodyMethodProcessor : Using 'application/json', given [*/*] and supported [application/json, application/*+json]
2026-05-28T14:46:36.051+05:30 DEBUG 5796 --- [nio-8080-exec-3] m.m.a.RequestResponseBodyMethodProcessor : Writing [[com.kavya.hrms.model.AppUser@51e2fb08, com.kavya.hrms.model.AppUser@5bf6154, com.kavya.hrms.model.A (truncated)...]
2026-05-28T14:46:36.052+05:30 DEBUG 5796 --- [nio-8080-exec-1] m.m.a.RequestResponseBodyMethodProcessor : Using 'application/json', given [*/*] and supported [application/json, application/*+json]
2026-05-28T14:46:36.053+05:30 DEBUG 5796 --- [nio-8080-exec-1] m.m.a.RequestResponseBodyMethodProcessor : Writing [[com.kavya.hrms.model.Employee@471cca80, com.kavya.hrms.model.Employee@3f4af148, com.kavya.hrms.mode (truncated)...]
2026-05-28T14:46:36.054+05:30 DEBUG 5796 --- [nio-8080-exec-3] o.s.web.servlet.DispatcherServlet        : Completed 200 OK
2026-05-28T14:46:36.056+05:30 DEBUG 5796 --- [nio-8080-exec-1] o.s.web.servlet.DispatcherServlet        : Completed 200 OK
2026-05-28T14:46:47.838+05:30 DEBUG 5796 --- [nio-8080-exec-2] o.s.web.servlet.DispatcherServlet        : GET "/api/users", parameters={}
2026-05-28T14:46:47.839+05:30 DEBUG 5796 --- [nio-8080-exec-5] o.s.web.servlet.DispatcherServlet        : GET "/api/employees", parameters={}
2026-05-28T14:46:47.839+05:30 DEBUG 5796 --- [nio-8080-exec-2] s.w.s.m.m.a.RequestMappingHandlerMapping : Mapped to com.kavya.hrms.controller.UserController#list()
2026-05-28T14:46:47.839+05:30 DEBUG 5796 --- [nio-8080-exec-5] s.w.s.m.m.a.RequestMappingHandlerMapping : Mapped to com.kavya.hrms.controller.EmployeeController#list()
2026-05-28T14:46:47.842+05:30 DEBUG 5796 --- [nio-8080-exec-2] m.m.a.RequestResponseBodyMethodProcessor : Using 'application/json', given [*/*] and supported [application/json, application/*+json]
2026-05-28T14:46:47.842+05:30 DEBUG 5796 --- [nio-8080-exec-2] m.m.a.RequestResponseBodyMethodProcessor : Writing [[com.kavya.hrms.model.AppUser@2cd62dc4, com.kavya.hrms.model.AppUser@3ab1e82c, com.kavya.hrms.model. (truncated)...]
2026-05-28T14:46:47.842+05:30 DEBUG 5796 --- [nio-8080-exec-5] m.m.a.RequestResponseBodyMethodProcessor : Using 'application/json', given [*/*] and supported [application/json, application/*+json]
2026-05-28T14:46:47.843+05:30 DEBUG 5796 --- [nio-8080-exec-5] m.m.a.RequestResponseBodyMethodProcessor : Writing [[com.kavya.hrms.model.Employee@2dfa38e1, com.kavya.hrms.model.Employee@571fc1c, com.kavya.hrms.model (truncated)...]
2026-05-28T14:46:47.843+05:30 DEBUG 5796 --- [nio-8080-exec-2] o.s.web.servlet.DispatcherServlet        : Completed 200 OK
2026-05-28T14:46:47.844+05:30 DEBUG 5796 --- [nio-8080-exec-5] o.s.web.servlet.DispatcherServlet        : Completed 200 OK
2026-05-28T14:46:57.213+05:30 DEBUG 5796 --- [io-8080-exec-10] o.s.web.servlet.DispatcherServlet        : GET "/api/employees", parameters={}
2026-05-28T14:46:57.214+05:30 DEBUG 5796 --- [nio-8080-exec-6] o.s.web.servlet.DispatcherServlet        : GET "/api/users", parameters={}
2026-05-28T14:46:57.214+05:30 DEBUG 5796 --- [io-8080-exec-10] s.w.s.m.m.a.RequestMappingHandlerMapping : Mapped to com.kavya.hrms.controller.EmployeeController#list()
2026-05-28T14:46:57.216+05:30 DEBUG 5796 --- [nio-8080-exec-6] s.w.s.m.m.a.RequestMappingHandlerMapping : Mapped to com.kavya.hrms.controller.UserController#list()
2026-05-28T14:46:57.218+05:30 DEBUG 5796 --- [nio-8080-exec-6] m.m.a.RequestResponseBodyMethodProcessor : Using 'application/json', given [*/*] and supported [application/json, application/*+json]
2026-05-28T14:46:57.218+05:30 DEBUG 5796 --- [io-8080-exec-10] m.m.a.RequestResponseBodyMethodProcessor : Using 'application/json', given [*/*] and supported [application/json, application/*+json]
2026-05-28T14:46:57.219+05:30 DEBUG 5796 --- [nio-8080-exec-6] m.m.a.RequestResponseBodyMethodProcessor : Writing [[com.kavya.hrms.model.AppUser@4213170, com.kavya.hrms.model.AppUser@21db9d0c, com.kavya.hrms.model.A (truncated)...]
2026-05-28T14:46:57.219+05:30 DEBUG 5796 --- [io-8080-exec-10] m.m.a.RequestResponseBodyMethodProcessor : Writing [[com.kavya.hrms.model.Employee@263352d9, com.kavya.hrms.model.Employee@75ffa60a, com.kavya.hrms.mode (truncated)...]
2026-05-28T14:46:57.219+05:30 DEBUG 5796 --- [nio-8080-exec-6] o.s.web.servlet.DispatcherServlet        : Completed 200 OK
2026-05-28T14:46:57.220+05:30 DEBUG 5796 --- [io-8080-exec-10] o.s.web.servlet.DispatcherServlet        : Completed 200 OK
2026-05-28T14:47:06.037+05:30 DEBUG 5796 --- [nio-8080-exec-3] o.s.web.servlet.DispatcherServlet        : GET "/api/users", parameters={}
2026-05-28T14:47:06.038+05:30 DEBUG 5796 --- [nio-8080-exec-3] s.w.s.m.m.a.RequestMappingHandlerMapping : Mapped to com.kavya.hrms.controller.UserController#list()
2026-05-28T14:47:06.038+05:30 DEBUG 5796 --- [nio-8080-exec-1] o.s.web.servlet.DispatcherServlet        : GET "/api/employees", parameters={}
2026-05-28T14:47:06.041+05:30 DEBUG 5796 --- [nio-8080-exec-1] s.w.s.m.m.a.RequestMappingHandlerMapping : Mapped to com.kavya.hrms.controller.EmployeeController#list()
2026-05-28T14:47:06.041+05:30 DEBUG 5796 --- [nio-8080-exec-3] m.m.a.RequestResponseBodyMethodProcessor : Using 'application/json', given [*/*] and supported [application/json, application/*+json]
2026-05-28T14:47:06.042+05:30 DEBUG 5796 --- [nio-8080-exec-3] m.m.a.RequestResponseBodyMethodProcessor : Writing [[com.kavya.hrms.model.AppUser@6870e4e8, com.kavya.hrms.model.AppUser@5b404194, com.kavya.hrms.model. (truncated)...]
2026-05-28T14:47:06.043+05:30 DEBUG 5796 --- [nio-8080-exec-3] o.s.web.servlet.DispatcherServlet        : Completed 200 OK
2026-05-28T14:47:06.045+05:30 DEBUG 5796 --- [nio-8080-exec-1] m.m.a.RequestResponseBodyMethodProcessor : Using 'application/json', given [*/*] and supported [application/json, application/*+json]
2026-05-28T14:47:06.046+05:30 DEBUG 5796 --- [nio-8080-exec-1] m.m.a.RequestResponseBodyMethodProcessor : Writing [[com.kavya.hrms.model.Employee@10f3c6f8, com.kavya.hrms.model.Employee@69a21453, com.kavya.hrms.mode (truncated)...]
2026-05-28T14:47:06.047+05:30 DEBUG 5796 --- [nio-8080-exec-1] o.s.web.servlet.DispatcherServlet        : Completed 200 OK
2026-05-28T14:47:15.710+05:30 DEBUG 5796 --- [nio-8080-exec-4] o.s.web.servlet.DispatcherServlet        : OPTIONS "/api/users", parameters={}
2026-05-28T14:47:15.712+05:30 DEBUG 5796 --- [nio-8080-exec-9] o.s.web.servlet.DispatcherServlet        : OPTIONS "/api/employees", parameters={}
2026-05-28T14:47:15.712+05:30 DEBUG 5796 --- [nio-8080-exec-4] s.w.s.m.m.a.RequestMappingHandlerMapping : Mapped to com.kavya.hrms.controller.UserController#list()
2026-05-28T14:47:15.713+05:30 DEBUG 5796 --- [nio-8080-exec-9] s.w.s.m.m.a.RequestMappingHandlerMapping : Mapped to com.kavya.hrms.controller.EmployeeController#list()
2026-05-28T14:47:15.713+05:30 DEBUG 5796 --- [nio-8080-exec-4] o.s.web.servlet.DispatcherServlet        : Completed 200 OK
2026-05-28T14:47:15.714+05:30 DEBUG 5796 --- [nio-8080-exec-9] o.s.web.servlet.DispatcherServlet        : Completed 200 OK
2026-05-28T14:47:15.720+05:30 DEBUG 5796 --- [nio-8080-exec-2] o.s.web.servlet.DispatcherServlet        : GET "/api/users", parameters={}
2026-05-28T14:47:15.720+05:30 DEBUG 5796 --- [nio-8080-exec-5] o.s.web.servlet.DispatcherServlet        : GET "/api/employees", parameters={}
2026-05-28T14:47:15.722+05:30 DEBUG 5796 --- [nio-8080-exec-2] s.w.s.m.m.a.RequestMappingHandlerMapping : Mapped to com.kavya.hrms.controller.UserController#list()
2026-05-28T14:47:15.722+05:30 DEBUG 5796 --- [nio-8080-exec-5] s.w.s.m.m.a.RequestMappingHandlerMapping : Mapped to com.kavya.hrms.controller.EmployeeController#list()
2026-05-28T14:47:15.728+05:30 DEBUG 5796 --- [nio-8080-exec-2] m.m.a.RequestResponseBodyMethodProcessor : Using 'application/json', given [*/*] and supported [application/json, application/*+json]
2026-05-28T14:47:15.729+05:30 DEBUG 5796 --- [nio-8080-exec-5] m.m.a.RequestResponseBodyMethodProcessor : Using 'application/json', given [*/*] and supported [application/json, application/*+json]
2026-05-28T14:47:15.730+05:30 DEBUG 5796 --- [nio-8080-exec-2] m.m.a.RequestResponseBodyMethodProcessor : Writing [[com.kavya.hrms.model.AppUser@6a8c1075, com.kavya.hrms.model.AppUser@4c470887, com.kavya.hrms.model. (truncated)...]
2026-05-28T14:47:15.730+05:30 DEBUG 5796 --- [nio-8080-exec-5] m.m.a.RequestResponseBodyMethodProcessor : Writing [[com.kavya.hrms.model.Employee@67877add, com.kavya.hrms.model.Employee@4cb713d6, com.kavya.hrms.mode (truncated)...]
2026-05-28T14:47:15.732+05:30 DEBUG 5796 --- [nio-8080-exec-2] o.s.web.servlet.DispatcherServlet        : Completed 200 OK
2026-05-28T14:47:15.733+05:30 DEBUG 5796 --- [nio-8080-exec-5] o.s.web.servlet.DispatcherServlet        : Completed 200 OK
2026-05-28T14:47:25.718+05:30 DEBUG 5796 --- [nio-8080-exec-7] o.s.web.servlet.DispatcherServlet        : GET "/api/employees", parameters={}
2026-05-28T14:47:25.718+05:30 DEBUG 5796 --- [nio-8080-exec-8] o.s.web.servlet.DispatcherServlet        : GET "/api/users", parameters={}
2026-05-28T14:47:25.719+05:30 DEBUG 5796 --- [nio-8080-exec-7] s.w.s.m.m.a.RequestMappingHandlerMapping : Mapped to com.kavya.hrms.controller.EmployeeController#list()
2026-05-28T14:47:25.719+05:30 DEBUG 5796 --- [nio-8080-exec-8] s.w.s.m.m.a.RequestMappingHandlerMapping : Mapped to com.kavya.hrms.controller.UserController#list()
2026-05-28T14:47:25.725+05:30 DEBUG 5796 --- [nio-8080-exec-8] m.m.a.RequestResponseBodyMethodProcessor : Using 'application/json', given [*/*] and supported [application/json, application/*+json]
2026-05-28T14:47:25.725+05:30 DEBUG 5796 --- [nio-8080-exec-7] m.m.a.RequestResponseBodyMethodProcessor : Using 'application/json', given [*/*] and supported [application/json, application/*+json]
2026-05-28T14:47:25.726+05:30 DEBUG 5796 --- [nio-8080-exec-8] m.m.a.RequestResponseBodyMethodProcessor : Writing [[com.kavya.hrms.model.AppUser@e7b7935, com.kavya.hrms.model.AppUser@50ef980, com.kavya.hrms.model.Ap (truncated)...]
2026-05-28T14:47:25.727+05:30 DEBUG 5796 --- [nio-8080-exec-7] m.m.a.RequestResponseBodyMethodProcessor : Writing [[com.kavya.hrms.model.Employee@53ccce01, com.kavya.hrms.model.Employee@1ec87041, com.kavya.hrms.mode (truncated)...]
2026-05-28T14:47:25.729+05:30 DEBUG 5796 --- [nio-8080-exec-8] o.s.web.servlet.DispatcherServlet        : Completed 200 OK
2026-05-28T14:47:25.730+05:30 DEBUG 5796 --- [nio-8080-exec-7] o.s.web.servlet.DispatcherServlet        : Completed 200 OK
2026-05-28T14:47:35.712+05:30 DEBUG 5796 --- [nio-8080-exec-6] o.s.web.servlet.DispatcherServlet        : GET "/api/users", parameters={}
2026-05-28T14:47:35.712+05:30 DEBUG 5796 --- [io-8080-exec-10] o.s.web.servlet.DispatcherServlet        : GET "/api/employees", parameters={}
2026-05-28T14:47:35.713+05:30 DEBUG 5796 --- [nio-8080-exec-6] s.w.s.m.m.a.RequestMappingHandlerMapping : Mapped to com.kavya.hrms.controller.UserController#list()
2026-05-28T14:47:35.714+05:30 DEBUG 5796 --- [io-8080-exec-10] s.w.s.m.m.a.RequestMappingHandlerMapping : Mapped to com.kavya.hrms.controller.EmployeeController#list()
2026-05-28T14:47:35.721+05:30 DEBUG 5796 --- [nio-8080-exec-6] m.m.a.RequestResponseBodyMethodProcessor : Using 'application/json', given [*/*] and supported [application/json, application/*+json]
2026-05-28T14:47:35.731+05:30 DEBUG 5796 --- [nio-8080-exec-6] m.m.a.RequestResponseBodyMethodProcessor : Writing [[com.kavya.hrms.model.AppUser@2bc99b9c, com.kavya.hrms.model.AppUser@74ccbe6e, com.kavya.hrms.model. (truncated)...]
2026-05-28T14:47:35.731+05:30 DEBUG 5796 --- [io-8080-exec-10] m.m.a.RequestResponseBodyMethodProcessor : Using 'application/json', given [*/*] and supported [application/json, application/*+json]
2026-05-28T14:47:35.732+05:30 DEBUG 5796 --- [io-8080-exec-10] m.m.a.RequestResponseBodyMethodProcessor : Writing [[com.kavya.hrms.model.Employee@270d5d29, com.kavya.hrms.model.Employee@5ae7b87, com.kavya.hrms.model (truncated)...]
2026-05-28T14:47:35.732+05:30 DEBUG 5796 --- [nio-8080-exec-6] o.s.web.servlet.DispatcherServlet        : Completed 200 OK
2026-05-28T14:47:35.734+05:30 DEBUG 5796 --- [io-8080-exec-10] o.s.web.servlet.DispatcherServlet        : Completed 200 OK
2026-05-28T14:47:45.719+05:30 DEBUG 5796 --- [nio-8080-exec-3] o.s.web.servlet.DispatcherServlet        : GET "/api/users", parameters={}
2026-05-28T14:47:45.719+05:30 DEBUG 5796 --- [nio-8080-exec-1] o.s.web.servlet.DispatcherServlet        : GET "/api/employees", parameters={}
2026-05-28T14:47:45.721+05:30 DEBUG 5796 --- [nio-8080-exec-3] s.w.s.m.m.a.RequestMappingHandlerMapping : Mapped to com.kavya.hrms.controller.UserController#list()
2026-05-28T14:47:45.721+05:30 DEBUG 5796 --- [nio-8080-exec-1] s.w.s.m.m.a.RequestMappingHandlerMapping : Mapped to com.kavya.hrms.controller.EmployeeController#list()
2026-05-28T14:47:45.728+05:30 DEBUG 5796 --- [nio-8080-exec-3] m.m.a.RequestResponseBodyMethodProcessor : Using 'application/json', given [*/*] and supported [application/json, application/*+json]
2026-05-28T14:47:45.729+05:30 DEBUG 5796 --- [nio-8080-exec-1] m.m.a.RequestResponseBodyMethodProcessor : Using 'application/json', given [*/*] and supported [application/json, application/*+json]
2026-05-28T14:47:45.730+05:30 DEBUG 5796 --- [nio-8080-exec-3] m.m.a.RequestResponseBodyMethodProcessor : Writing [[com.kavya.hrms.model.AppUser@73819a75, com.kavya.hrms.model.AppUser@21b9fd4, com.kavya.hrms.model.A (truncated)...]
2026-05-28T14:47:45.731+05:30 DEBUG 5796 --- [nio-8080-exec-1] m.m.a.RequestResponseBodyMethodProcessor : Writing [[com.kavya.hrms.model.Employee@7ab5576b, com.kavya.hrms.model.Employee@2d854ec5, com.kavya.hrms.mode (truncated)...]
2026-05-28T14:47:45.732+05:30 DEBUG 5796 --- [nio-8080-exec-3] o.s.web.servlet.DispatcherServlet        : Completed 200 OK
2026-05-28T14:47:45.734+05:30 DEBUG 5796 --- [nio-8080-exec-1] o.s.web.servlet.DispatcherServlet        : Completed 200 OK
2026-05-28T14:47:55.712+05:30 DEBUG 5796 --- [nio-8080-exec-9] o.s.web.servlet.DispatcherServlet        : GET "/api/users", parameters={}
2026-05-28T14:47:55.712+05:30 DEBUG 5796 --- [nio-8080-exec-4] o.s.web.servlet.DispatcherServlet        : GET "/api/employees", parameters={}
2026-05-28T14:47:55.714+05:30 DEBUG 5796 --- [nio-8080-exec-9] s.w.s.m.m.a.RequestMappingHandlerMapping : Mapped to com.kavya.hrms.controller.UserController#list()
2026-05-28T14:47:55.715+05:30 DEBUG 5796 --- [nio-8080-exec-4] s.w.s.m.m.a.RequestMappingHandlerMapping : Mapped to com.kavya.hrms.controller.EmployeeController#list()
2026-05-28T14:47:55.722+05:30 DEBUG 5796 --- [nio-8080-exec-9] m.m.a.RequestResponseBodyMethodProcessor : Using 'application/json', given [*/*] and supported [application/json, application/*+json]
2026-05-28T14:47:55.724+05:30 DEBUG 5796 --- [nio-8080-exec-9] m.m.a.RequestResponseBodyMethodProcessor : Writing [[com.kavya.hrms.model.AppUser@40d86169, com.kavya.hrms.model.AppUser@718326b0, com.kavya.hrms.model. (truncated)...]
2026-05-28T14:47:55.724+05:30 DEBUG 5796 --- [nio-8080-exec-4] m.m.a.RequestResponseBodyMethodProcessor : Using 'application/json', given [*/*] and supported [application/json, application/*+json]
2026-05-28T14:47:55.726+05:30 DEBUG 5796 --- [nio-8080-exec-4] m.m.a.RequestResponseBodyMethodProcessor : Writing [[com.kavya.hrms.model.Employee@26d96ba6, com.kavya.hrms.model.Employee@7f5bbff0, com.kavya.hrms.mode (truncated)...]
2026-05-28T14:47:55.726+05:30 DEBUG 5796 --- [nio-8080-exec-9] o.s.web.servlet.DispatcherServlet        : Completed 200 OK
2026-05-28T14:47:55.729+05:30 DEBUG 5796 --- [nio-8080-exec-4] o.s.web.servlet.DispatcherServlet        : Completed 200 OK
2026-05-28T14:48:05.725+05:30 DEBUG 5796 --- [nio-8080-exec-5] o.s.web.servlet.DispatcherServlet        : GET "/api/employees", parameters={}
2026-05-28T14:48:05.725+05:30 DEBUG 5796 --- [nio-8080-exec-2] o.s.web.servlet.DispatcherServlet        : GET "/api/users", parameters={}
2026-05-28T14:48:05.726+05:30 DEBUG 5796 --- [nio-8080-exec-5] s.w.s.m.m.a.RequestMappingHandlerMapping : Mapped to com.kavya.hrms.controller.EmployeeController#list()
2026-05-28T14:48:05.727+05:30 DEBUG 5796 --- [nio-8080-exec-2] s.w.s.m.m.a.RequestMappingHandlerMapping : Mapped to com.kavya.hrms.controller.UserController#list()
2026-05-28T14:48:05.736+05:30 DEBUG 5796 --- [nio-8080-exec-2] m.m.a.RequestResponseBodyMethodProcessor : Using 'application/json', given [*/*] and supported [application/json, application/*+json]
2026-05-28T14:48:05.737+05:30 DEBUG 5796 --- [nio-8080-exec-5] m.m.a.RequestResponseBodyMethodProcessor : Using 'application/json', given [*/*] and supported [application/json, application/*+json]
2026-05-28T14:48:05.738+05:30 DEBUG 5796 --- [nio-8080-exec-2] m.m.a.RequestResponseBodyMethodProcessor : Writing [[com.kavya.hrms.model.AppUser@5b4333b1, com.kavya.hrms.model.AppUser@45ad6215, com.kavya.hrms.model. (truncated)...]
2026-05-28T14:48:05.738+05:30 DEBUG 5796 --- [nio-8080-exec-5] m.m.a.RequestResponseBodyMethodProcessor : Writing [[com.kavya.hrms.model.Employee@2ba77393, com.kavya.hrms.model.Employee@360ad7ec, com.kavya.hrms.mode (truncated)...]
2026-05-28T14:48:05.740+05:30 DEBUG 5796 --- [nio-8080-exec-2] o.s.web.servlet.DispatcherServlet        : Completed 200 OK
2026-05-28T14:48:05.742+05:30 DEBUG 5796 --- [nio-8080-exec-5] o.s.web.servlet.DispatcherServlet        : Completed 200 OK
2026-05-28T14:48:15.714+05:30 DEBUG 5796 --- [nio-8080-exec-8] o.s.web.servlet.DispatcherServlet        : GET "/api/users", parameters={}
2026-05-28T14:48:15.714+05:30 DEBUG 5796 --- [nio-8080-exec-7] o.s.web.servlet.DispatcherServlet        : GET "/api/employees", parameters={}
2026-05-28T14:48:15.715+05:30 DEBUG 5796 --- [nio-8080-exec-8] s.w.s.m.m.a.RequestMappingHandlerMapping : Mapped to com.kavya.hrms.controller.UserController#list()
2026-05-28T14:48:15.716+05:30 DEBUG 5796 --- [nio-8080-exec-7] s.w.s.m.m.a.RequestMappingHandlerMapping : Mapped to com.kavya.hrms.controller.EmployeeController#list()
2026-05-28T14:48:15.722+05:30 DEBUG 5796 --- [nio-8080-exec-8] m.m.a.RequestResponseBodyMethodProcessor : Using 'application/json', given [*/*] and supported [application/json, application/*+json]
2026-05-28T14:48:15.724+05:30 DEBUG 5796 --- [nio-8080-exec-7] m.m.a.RequestResponseBodyMethodProcessor : Using 'application/json', given [*/*] and supported [application/json, application/*+json]
2026-05-28T14:48:15.724+05:30 DEBUG 5796 --- [nio-8080-exec-8] m.m.a.RequestResponseBodyMethodProcessor : Writing [[com.kavya.hrms.model.AppUser@5492c4a3, com.kavya.hrms.model.AppUser@15a9b8e4, com.kavya.hrms.model. (truncated)...]
2026-05-28T14:48:15.725+05:30 DEBUG 5796 --- [nio-8080-exec-7] m.m.a.RequestResponseBodyMethodProcessor : Writing [[com.kavya.hrms.model.Employee@5d622bf7, com.kavya.hrms.model.Employee@6d57ea68, com.kavya.hrms.mode (truncated)...]
2026-05-28T14:48:15.727+05:30 DEBUG 5796 --- [nio-8080-exec-8] o.s.web.servlet.DispatcherServlet        : Completed 200 OK
2026-05-28T14:48:15.728+05:30 DEBUG 5796 --- [nio-8080-exec-7] o.s.web.servlet.DispatcherServlet        : Completed 200 OK
2026-05-28T14:48:25.715+05:30 DEBUG 5796 --- [nio-8080-exec-6] o.s.web.servlet.DispatcherServlet        : GET "/api/users", parameters={}
2026-05-28T14:48:25.716+05:30 DEBUG 5796 --- [io-8080-exec-10] o.s.web.servlet.DispatcherServlet        : GET "/api/employees", parameters={}
2026-05-28T14:48:25.716+05:30 DEBUG 5796 --- [nio-8080-exec-6] s.w.s.m.m.a.RequestMappingHandlerMapping : Mapped to com.kavya.hrms.controller.UserController#list()
2026-05-28T14:48:25.717+05:30 DEBUG 5796 --- [io-8080-exec-10] s.w.s.m.m.a.RequestMappingHandlerMapping : Mapped to com.kavya.hrms.controller.EmployeeController#list()
2026-05-28T14:48:25.720+05:30 DEBUG 5796 --- [nio-8080-exec-6] m.m.a.RequestResponseBodyMethodProcessor : Using 'application/json', given [*/*] and supported [application/json, application/*+json]
2026-05-28T14:48:25.721+05:30 DEBUG 5796 --- [nio-8080-exec-6] m.m.a.RequestResponseBodyMethodProcessor : Writing [[com.kavya.hrms.model.AppUser@44b348ff, com.kavya.hrms.model.AppUser@22462526, com.kavya.hrms.model. (truncated)...]
2026-05-28T14:48:25.725+05:30 DEBUG 5796 --- [nio-8080-exec-6] o.s.web.servlet.DispatcherServlet        : Completed 200 OK
2026-05-28T14:48:25.721+05:30 DEBUG 5796 --- [io-8080-exec-10] m.m.a.RequestResponseBodyMethodProcessor : Using 'application/json', given [*/*] and supported [application/json, application/*+json]
2026-05-28T14:48:25.734+05:30 DEBUG 5796 --- [io-8080-exec-10] m.m.a.RequestResponseBodyMethodProcessor : Writing [[com.kavya.hrms.model.Employee@185f6aa6, com.kavya.hrms.model.Employee@492ba508, com.kavya.hrms.mode (truncated)...]
2026-05-28T14:48:25.735+05:30 DEBUG 5796 --- [io-8080-exec-10] o.s.web.servlet.DispatcherServlet        : Completed 200 OK
2026-05-28T14:48:35.719+05:30 DEBUG 5796 --- [nio-8080-exec-3] o.s.web.servlet.DispatcherServlet        : GET "/api/users", parameters={}
2026-05-28T14:48:35.719+05:30 DEBUG 5796 --- [nio-8080-exec-1] o.s.web.servlet.DispatcherServlet        : GET "/api/employees", parameters={}
2026-05-28T14:48:35.721+05:30 DEBUG 5796 --- [nio-8080-exec-3] s.w.s.m.m.a.RequestMappingHandlerMapping : Mapped to com.kavya.hrms.controller.UserController#list()
2026-05-28T14:48:35.721+05:30 DEBUG 5796 --- [nio-8080-exec-1] s.w.s.m.m.a.RequestMappingHandlerMapping : Mapped to com.kavya.hrms.controller.EmployeeController#list()
2026-05-28T14:48:35.731+05:30 DEBUG 5796 --- [nio-8080-exec-3] m.m.a.RequestResponseBodyMethodProcessor : Using 'application/json', given [*/*] and supported [application/json, application/*+json]
2026-05-28T14:48:35.731+05:30 DEBUG 5796 --- [nio-8080-exec-1] m.m.a.RequestResponseBodyMethodProcessor : Using 'application/json', given [*/*] and supported [application/json, application/*+json]
2026-05-28T14:48:35.732+05:30 DEBUG 5796 --- [nio-8080-exec-3] m.m.a.RequestResponseBodyMethodProcessor : Writing [[com.kavya.hrms.model.AppUser@461040c0, com.kavya.hrms.model.AppUser@38baed21, com.kavya.hrms.model. (truncated)...]
2026-05-28T14:48:35.733+05:30 DEBUG 5796 --- [nio-8080-exec-1] m.m.a.RequestResponseBodyMethodProcessor : Writing [[com.kavya.hrms.model.Employee@3893496e, com.kavya.hrms.model.Employee@7157dcd1, com.kavya.hrms.mode (truncated)...]
2026-05-28T14:48:35.735+05:30 DEBUG 5796 --- [nio-8080-exec-3] o.s.web.servlet.DispatcherServlet        : Completed 200 OK
2026-05-28T14:48:35.736+05:30 DEBUG 5796 --- [nio-8080-exec-1] o.s.web.servlet.DispatcherServlet        : Completed 200 OK
2026-05-28T14:48:45.717+05:30 DEBUG 5796 --- [nio-8080-exec-4] o.s.web.servlet.DispatcherServlet        : GET "/api/employees", parameters={}
2026-05-28T14:48:45.717+05:30 DEBUG 5796 --- [nio-8080-exec-9] o.s.web.servlet.DispatcherServlet        : GET "/api/users", parameters={}
2026-05-28T14:48:45.718+05:30 DEBUG 5796 --- [nio-8080-exec-4] s.w.s.m.m.a.RequestMappingHandlerMapping : Mapped to com.kavya.hrms.controller.EmployeeController#list()
2026-05-28T14:48:45.719+05:30 DEBUG 5796 --- [nio-8080-exec-9] s.w.s.m.m.a.RequestMappingHandlerMapping : Mapped to com.kavya.hrms.controller.UserController#list()
2026-05-28T14:48:45.726+05:30 DEBUG 5796 --- [nio-8080-exec-9] m.m.a.RequestResponseBodyMethodProcessor : Using 'application/json', given [*/*] and supported [application/json, application/*+json]
2026-05-28T14:48:45.727+05:30 DEBUG 5796 --- [nio-8080-exec-4] m.m.a.RequestResponseBodyMethodProcessor : Using 'application/json', given [*/*] and supported [application/json, application/*+json]
2026-05-28T14:48:45.728+05:30 DEBUG 5796 --- [nio-8080-exec-9] m.m.a.RequestResponseBodyMethodProcessor : Writing [[com.kavya.hrms.model.AppUser@7769126f, com.kavya.hrms.model.AppUser@3298c8ec, com.kavya.hrms.model. (truncated)...]
2026-05-28T14:48:45.728+05:30 DEBUG 5796 --- [nio-8080-exec-4] m.m.a.RequestResponseBodyMethodProcessor : Writing [[com.kavya.hrms.model.Employee@2decb16, com.kavya.hrms.model.Employee@4c1fc353, com.kavya.hrms.model (truncated)...]
2026-05-28T14:48:45.730+05:30 DEBUG 5796 --- [nio-8080-exec-9] o.s.web.servlet.DispatcherServlet        : Completed 200 OK
2026-05-28T14:48:45.732+05:30 DEBUG 5796 --- [nio-8080-exec-4] o.s.web.servlet.DispatcherServlet        : Completed 200 OK
2026-05-28T14:48:55.729+05:30 DEBUG 5796 --- [nio-8080-exec-2] o.s.web.servlet.DispatcherServlet        : GET "/api/users", parameters={}
2026-05-28T14:48:55.729+05:30 DEBUG 5796 --- [nio-8080-exec-5] o.s.web.servlet.DispatcherServlet        : GET "/api/employees", parameters={}
2026-05-28T14:48:55.730+05:30 DEBUG 5796 --- [nio-8080-exec-2] s.w.s.m.m.a.RequestMappingHandlerMapping : Mapped to com.kavya.hrms.controller.UserController#list()
2026-05-28T14:48:55.731+05:30 DEBUG 5796 --- [nio-8080-exec-5] s.w.s.m.m.a.RequestMappingHandlerMapping : Mapped to com.kavya.hrms.controller.EmployeeController#list()
2026-05-28T14:48:55.738+05:30 DEBUG 5796 --- [nio-8080-exec-2] m.m.a.RequestResponseBodyMethodProcessor : Using 'application/json', given [*/*] and supported [application/json, application/*+json]
2026-05-28T14:48:55.739+05:30 DEBUG 5796 --- [nio-8080-exec-2] m.m.a.RequestResponseBodyMethodProcessor : Writing [[com.kavya.hrms.model.AppUser@7952e7ca, com.kavya.hrms.model.AppUser@ba7c26c, com.kavya.hrms.model.A (truncated)...]
2026-05-28T14:48:55.740+05:30 DEBUG 5796 --- [nio-8080-exec-5] m.m.a.RequestResponseBodyMethodProcessor : Using 'application/json', given [*/*] and supported [application/json, application/*+json]
2026-05-28T14:48:55.741+05:30 DEBUG 5796 --- [nio-8080-exec-5] m.m.a.RequestResponseBodyMethodProcessor : Writing [[com.kavya.hrms.model.Employee@5cda5088, com.kavya.hrms.model.Employee@29a9c984, com.kavya.hrms.mode (truncated)...]
2026-05-28T14:48:55.741+05:30 DEBUG 5796 --- [nio-8080-exec-2] o.s.web.servlet.DispatcherServlet        : Completed 200 OK
2026-05-28T14:48:55.744+05:30 DEBUG 5796 --- [nio-8080-exec-5] o.s.web.servlet.DispatcherServlet        : Completed 200 OK
2026-05-28T14:49:05.716+05:30 DEBUG 5796 --- [nio-8080-exec-8] o.s.web.servlet.DispatcherServlet        : GET "/api/users", parameters={}
2026-05-28T14:49:05.716+05:30 DEBUG 5796 --- [nio-8080-exec-7] o.s.web.servlet.DispatcherServlet        : GET "/api/employees", parameters={}
2026-05-28T14:49:05.717+05:30 DEBUG 5796 --- [nio-8080-exec-8] s.w.s.m.m.a.RequestMappingHandlerMapping : Mapped to com.kavya.hrms.controller.UserController#list()
2026-05-28T14:49:05.718+05:30 DEBUG 5796 --- [nio-8080-exec-7] s.w.s.m.m.a.RequestMappingHandlerMapping : Mapped to com.kavya.hrms.controller.EmployeeController#list()
2026-05-28T14:49:05.724+05:30 DEBUG 5796 --- [nio-8080-exec-8] m.m.a.RequestResponseBodyMethodProcessor : Using 'application/json', given [*/*] and supported [application/json, application/*+json]
2026-05-28T14:49:05.726+05:30 DEBUG 5796 --- [nio-8080-exec-8] m.m.a.RequestResponseBodyMethodProcessor : Writing [[com.kavya.hrms.model.AppUser@39b79ed8, com.kavya.hrms.model.AppUser@194e548b, com.kavya.hrms.model. (truncated)...]
2026-05-28T14:49:05.729+05:30 DEBUG 5796 --- [nio-8080-exec-7] m.m.a.RequestResponseBodyMethodProcessor : Using 'application/json', given [*/*] and supported [application/json, application/*+json]
2026-05-28T14:49:05.729+05:30 DEBUG 5796 --- [nio-8080-exec-8] o.s.web.servlet.DispatcherServlet        : Completed 200 OK
2026-05-28T14:49:05.730+05:30 DEBUG 5796 --- [nio-8080-exec-7] m.m.a.RequestResponseBodyMethodProcessor : Writing [[com.kavya.hrms.model.Employee@2039abec, com.kavya.hrms.model.Employee@54ec9859, com.kavya.hrms.mode (truncated)...]
2026-05-28T14:49:05.734+05:30 DEBUG 5796 --- [nio-8080-exec-7] o.s.web.servlet.DispatcherServlet        : Completed 200 OK
2026-05-28T14:49:15.719+05:30 DEBUG 5796 --- [nio-8080-exec-6] o.s.web.servlet.DispatcherServlet        : GET "/api/users", parameters={}
2026-05-28T14:49:15.719+05:30 DEBUG 5796 --- [io-8080-exec-10] o.s.web.servlet.DispatcherServlet        : GET "/api/employees", parameters={}
2026-05-28T14:49:15.721+05:30 DEBUG 5796 --- [nio-8080-exec-6] s.w.s.m.m.a.RequestMappingHandlerMapping : Mapped to com.kavya.hrms.controller.UserController#list()
2026-05-28T14:49:15.721+05:30 DEBUG 5796 --- [io-8080-exec-10] s.w.s.m.m.a.RequestMappingHandlerMapping : Mapped to com.kavya.hrms.controller.EmployeeController#list()
2026-05-28T14:49:15.728+05:30 DEBUG 5796 --- [nio-8080-exec-6] m.m.a.RequestResponseBodyMethodProcessor : Using 'application/json', given [*/*] and supported [application/json, application/*+json]
2026-05-28T14:49:15.729+05:30 DEBUG 5796 --- [nio-8080-exec-6] m.m.a.RequestResponseBodyMethodProcessor : Writing [[com.kavya.hrms.model.AppUser@52e51fa1, com.kavya.hrms.model.AppUser@1ecf08d8, com.kavya.hrms.model. (truncated)...]
2026-05-28T14:49:15.729+05:30 DEBUG 5796 --- [io-8080-exec-10] m.m.a.RequestResponseBodyMethodProcessor : Using 'application/json', given [*/*] and supported [application/json, application/*+json]
2026-05-28T14:49:15.730+05:30 DEBUG 5796 --- [io-8080-exec-10] m.m.a.RequestResponseBodyMethodProcessor : Writing [[com.kavya.hrms.model.Employee@435f5f87, com.kavya.hrms.model.Employee@21658b4b, com.kavya.hrms.mode (truncated)...]
2026-05-28T14:49:15.731+05:30 DEBUG 5796 --- [nio-8080-exec-6] o.s.web.servlet.DispatcherServlet        : Completed 200 OK
2026-05-28T14:49:15.734+05:30 DEBUG 5796 --- [io-8080-exec-10] o.s.web.servlet.DispatcherServlet        : Completed 200 OK
2026-05-28T14:49:25.728+05:30 DEBUG 5796 --- [nio-8080-exec-3] o.s.web.servlet.DispatcherServlet        : GET "/api/users", parameters={}
2026-05-28T14:49:25.729+05:30 DEBUG 5796 --- [nio-8080-exec-1] o.s.web.servlet.DispatcherServlet        : GET "/api/employees", parameters={}
2026-05-28T14:49:25.730+05:30 DEBUG 5796 --- [nio-8080-exec-3] s.w.s.m.m.a.RequestMappingHandlerMapping : Mapped to com.kavya.hrms.controller.UserController#list()
2026-05-28T14:49:25.731+05:30 DEBUG 5796 --- [nio-8080-exec-1] s.w.s.m.m.a.RequestMappingHandlerMapping : Mapped to com.kavya.hrms.controller.EmployeeController#list()
2026-05-28T14:49:25.739+05:30 DEBUG 5796 --- [nio-8080-exec-3] m.m.a.RequestResponseBodyMethodProcessor : Using 'application/json', given [*/*] and supported [application/json, application/*+json]
2026-05-28T14:49:25.741+05:30 DEBUG 5796 --- [nio-8080-exec-3] m.m.a.RequestResponseBodyMethodProcessor : Writing [[com.kavya.hrms.model.AppUser@3088892e, com.kavya.hrms.model.AppUser@33a1db29, com.kavya.hrms.model. (truncated)...]
2026-05-28T14:49:25.741+05:30 DEBUG 5796 --- [nio-8080-exec-1] m.m.a.RequestResponseBodyMethodProcessor : Using 'application/json', given [*/*] and supported [application/json, application/*+json]
2026-05-28T14:49:25.743+05:30 DEBUG 5796 --- [nio-8080-exec-1] m.m.a.RequestResponseBodyMethodProcessor : Writing [[com.kavya.hrms.model.Employee@802dd3f, com.kavya.hrms.model.Employee@10872043, com.kavya.hrms.model (truncated)...]
2026-05-28T14:49:25.743+05:30 DEBUG 5796 --- [nio-8080-exec-3] o.s.web.servlet.DispatcherServlet        : Completed 200 OK
2026-05-28T14:49:25.746+05:30 DEBUG 5796 --- [nio-8080-exec-1] o.s.web.servlet.DispatcherServlet        : Completed 200 OK
2026-05-28T14:49:35.715+05:30 DEBUG 5796 --- [nio-8080-exec-9] o.s.web.servlet.DispatcherServlet        : GET "/api/users", parameters={}
2026-05-28T14:49:35.715+05:30 DEBUG 5796 --- [nio-8080-exec-4] o.s.web.servlet.DispatcherServlet        : GET "/api/employees", parameters={}
2026-05-28T14:49:35.717+05:30 DEBUG 5796 --- [nio-8080-exec-9] s.w.s.m.m.a.RequestMappingHandlerMapping : Mapped to com.kavya.hrms.controller.UserController#list()
2026-05-28T14:49:35.718+05:30 DEBUG 5796 --- [nio-8080-exec-4] s.w.s.m.m.a.RequestMappingHandlerMapping : Mapped to com.kavya.hrms.controller.EmployeeController#list()
2026-05-28T14:49:35.724+05:30 DEBUG 5796 --- [nio-8080-exec-9] m.m.a.RequestResponseBodyMethodProcessor : Using 'application/json', given [*/*] and supported [application/json, application/*+json]
2026-05-28T14:49:35.725+05:30 DEBUG 5796 --- [nio-8080-exec-4] m.m.a.RequestResponseBodyMethodProcessor : Using 'application/json', given [*/*] and supported [application/json, application/*+json]
2026-05-28T14:49:35.725+05:30 DEBUG 5796 --- [nio-8080-exec-9] m.m.a.RequestResponseBodyMethodProcessor : Writing [[com.kavya.hrms.model.AppUser@6cae3ca4, com.kavya.hrms.model.AppUser@7a7761d5, com.kavya.hrms.model. (truncated)...]
2026-05-28T14:49:35.726+05:30 DEBUG 5796 --- [nio-8080-exec-4] m.m.a.RequestResponseBodyMethodProcessor : Writing [[com.kavya.hrms.model.Employee@2087bf38, com.kavya.hrms.model.Employee@76de3e5d, com.kavya.hrms.mode (truncated)...]
2026-05-28T14:49:35.728+05:30 DEBUG 5796 --- [nio-8080-exec-9] o.s.web.servlet.DispatcherServlet        : Completed 200 OK
2026-05-28T14:49:35.729+05:30 DEBUG 5796 --- [nio-8080-exec-4] o.s.web.servlet.DispatcherServlet        : Completed 200 OK
2026-05-28T14:49:45.726+05:30 DEBUG 5796 --- [nio-8080-exec-2] o.s.web.servlet.DispatcherServlet        : GET "/api/users", parameters={}
2026-05-28T14:49:45.726+05:30 DEBUG 5796 --- [nio-8080-exec-5] o.s.web.servlet.DispatcherServlet        : GET "/api/employees", parameters={}
2026-05-28T14:49:45.727+05:30 DEBUG 5796 --- [nio-8080-exec-2] s.w.s.m.m.a.RequestMappingHandlerMapping : Mapped to com.kavya.hrms.controller.UserController#list()
2026-05-28T14:49:45.728+05:30 DEBUG 5796 --- [nio-8080-exec-5] s.w.s.m.m.a.RequestMappingHandlerMapping : Mapped to com.kavya.hrms.controller.EmployeeController#list()
2026-05-28T14:49:45.734+05:30 DEBUG 5796 --- [nio-8080-exec-2] m.m.a.RequestResponseBodyMethodProcessor : Using 'application/json', given [*/*] and supported [application/json, application/*+json]
2026-05-28T14:49:45.735+05:30 DEBUG 5796 --- [nio-8080-exec-2] m.m.a.RequestResponseBodyMethodProcessor : Writing [[com.kavya.hrms.model.AppUser@2d307ff6, com.kavya.hrms.model.AppUser@3633d41e, com.kavya.hrms.model. (truncated)...]
2026-05-28T14:49:45.735+05:30 DEBUG 5796 --- [nio-8080-exec-5] m.m.a.RequestResponseBodyMethodProcessor : Using 'application/json', given [*/*] and supported [application/json, application/*+json]
2026-05-28T14:49:45.737+05:30 DEBUG 5796 --- [nio-8080-exec-5] m.m.a.RequestResponseBodyMethodProcessor : Writing [[com.kavya.hrms.model.Employee@558d7988, com.kavya.hrms.model.Employee@529f1046, com.kavya.hrms.mode (truncated)...]
2026-05-28T14:49:45.737+05:30 DEBUG 5796 --- [nio-8080-exec-2] o.s.web.servlet.DispatcherServlet        : Completed 200 OK
2026-05-28T14:49:45.739+05:30 DEBUG 5796 --- [nio-8080-exec-5] o.s.web.servlet.DispatcherServlet        : Completed 200 OK
2026-05-28T14:49:55.724+05:30 DEBUG 5796 --- [nio-8080-exec-8] o.s.web.servlet.DispatcherServlet        : GET "/api/users", parameters={}
2026-05-28T14:49:55.724+05:30 DEBUG 5796 --- [nio-8080-exec-7] o.s.web.servlet.DispatcherServlet        : GET "/api/employees", parameters={}
2026-05-28T14:49:55.725+05:30 DEBUG 5796 --- [nio-8080-exec-8] s.w.s.m.m.a.RequestMappingHandlerMapping : Mapped to com.kavya.hrms.controller.UserController#list()
2026-05-28T14:49:55.726+05:30 DEBUG 5796 --- [nio-8080-exec-7] s.w.s.m.m.a.RequestMappingHandlerMapping : Mapped to com.kavya.hrms.controller.EmployeeController#list()
2026-05-28T14:49:55.732+05:30 DEBUG 5796 --- [nio-8080-exec-8] m.m.a.RequestResponseBodyMethodProcessor : Using 'application/json', given [*/*] and supported [application/json, application/*+json]
2026-05-28T14:49:55.733+05:30 DEBUG 5796 --- [nio-8080-exec-7] m.m.a.RequestResponseBodyMethodProcessor : Using 'application/json', given [*/*] and supported [application/json, application/*+json]
2026-05-28T14:49:55.733+05:30 DEBUG 5796 --- [nio-8080-exec-8] m.m.a.RequestResponseBodyMethodProcessor : Writing [[com.kavya.hrms.model.AppUser@4ca2eeeb, com.kavya.hrms.model.AppUser@1058e771, com.kavya.hrms.model. (truncated)...]
2026-05-28T14:49:55.734+05:30 DEBUG 5796 --- [nio-8080-exec-7] m.m.a.RequestResponseBodyMethodProcessor : Writing [[com.kavya.hrms.model.Employee@dce6e97, com.kavya.hrms.model.Employee@1049c801, com.kavya.hrms.model (truncated)...]
2026-05-28T14:49:55.736+05:30 DEBUG 5796 --- [nio-8080-exec-8] o.s.web.servlet.DispatcherServlet        : Completed 200 OK
2026-05-28T14:49:55.737+05:30 DEBUG 5796 --- [nio-8080-exec-7] o.s.web.servlet.DispatcherServlet        : Completed 200 OK
2026-05-28T14:50:05.713+05:30 DEBUG 5796 --- [nio-8080-exec-6] o.s.web.servlet.DispatcherServlet        : GET "/api/users", parameters={}
2026-05-28T14:50:05.713+05:30 DEBUG 5796 --- [io-8080-exec-10] o.s.web.servlet.DispatcherServlet        : GET "/api/employees", parameters={}
2026-05-28T14:50:05.714+05:30 DEBUG 5796 --- [nio-8080-exec-6] s.w.s.m.m.a.RequestMappingHandlerMapping : Mapped to com.kavya.hrms.controller.UserController#list()
2026-05-28T14:50:05.714+05:30 DEBUG 5796 --- [io-8080-exec-10] s.w.s.m.m.a.RequestMappingHandlerMapping : Mapped to com.kavya.hrms.controller.EmployeeController#list()
2026-05-28T14:50:05.720+05:30 DEBUG 5796 --- [nio-8080-exec-6] m.m.a.RequestResponseBodyMethodProcessor : Using 'application/json', given [*/*] and supported [application/json, application/*+json]
2026-05-28T14:50:05.721+05:30 DEBUG 5796 --- [nio-8080-exec-6] m.m.a.RequestResponseBodyMethodProcessor : Writing [[com.kavya.hrms.model.AppUser@55aac94b, com.kavya.hrms.model.AppUser@3c62c0b4, com.kavya.hrms.model. (truncated)...]
2026-05-28T14:50:05.721+05:30 DEBUG 5796 --- [io-8080-exec-10] m.m.a.RequestResponseBodyMethodProcessor : Using 'application/json', given [*/*] and supported [application/json, application/*+json]
2026-05-28T14:50:05.722+05:30 DEBUG 5796 --- [io-8080-exec-10] m.m.a.RequestResponseBodyMethodProcessor : Writing [[com.kavya.hrms.model.Employee@179dc122, com.kavya.hrms.model.Employee@7e70507e, com.kavya.hrms.mode (truncated)...]
2026-05-28T14:50:05.723+05:30 DEBUG 5796 --- [nio-8080-exec-6] o.s.web.servlet.DispatcherServlet        : Completed 200 OK
2026-05-28T14:50:05.725+05:30 DEBUG 5796 --- [io-8080-exec-10] o.s.web.servlet.DispatcherServlet        : Completed 200 OK
2026-05-28T14:50:16.032+05:30 DEBUG 5796 --- [nio-8080-exec-3] o.s.web.servlet.DispatcherServlet        : GET "/api/users", parameters={}
2026-05-28T14:50:16.032+05:30 DEBUG 5796 --- [nio-8080-exec-1] o.s.web.servlet.DispatcherServlet        : GET "/api/employees", parameters={}
2026-05-28T14:50:16.033+05:30 DEBUG 5796 --- [nio-8080-exec-3] s.w.s.m.m.a.RequestMappingHandlerMapping : Mapped to com.kavya.hrms.controller.UserController#list()
2026-05-28T14:50:16.034+05:30 DEBUG 5796 --- [nio-8080-exec-1] s.w.s.m.m.a.RequestMappingHandlerMapping : Mapped to com.kavya.hrms.controller.EmployeeController#list()
2026-05-28T14:50:16.040+05:30 DEBUG 5796 --- [nio-8080-exec-3] m.m.a.RequestResponseBodyMethodProcessor : Using 'application/json', given [*/*] and supported [application/json, application/*+json]
2026-05-28T14:50:16.041+05:30 DEBUG 5796 --- [nio-8080-exec-3] m.m.a.RequestResponseBodyMethodProcessor : Writing [[com.kavya.hrms.model.AppUser@6ffac783, com.kavya.hrms.model.AppUser@455ebeca, com.kavya.hrms.model. (truncated)...]
2026-05-28T14:50:16.042+05:30 DEBUG 5796 --- [nio-8080-exec-1] m.m.a.RequestResponseBodyMethodProcessor : Using 'application/json', given [*/*] and supported [application/json, application/*+json]
2026-05-28T14:50:16.043+05:30 DEBUG 5796 --- [nio-8080-exec-3] o.s.web.servlet.DispatcherServlet        : Completed 200 OK
2026-05-28T14:50:16.043+05:30 DEBUG 5796 --- [nio-8080-exec-1] m.m.a.RequestResponseBodyMethodProcessor : Writing [[com.kavya.hrms.model.Employee@283b8450, com.kavya.hrms.model.Employee@2641b00d, com.kavya.hrms.mode (truncated)...]
2026-05-28T14:50:16.045+05:30 DEBUG 5796 --- [nio-8080-exec-1] o.s.web.servlet.DispatcherServlet        : Completed 200 OK
2026-05-28T14:50:26.030+05:30 DEBUG 5796 --- [nio-8080-exec-4] o.s.web.servlet.DispatcherServlet        : GET "/api/employees", parameters={}
2026-05-28T14:50:26.030+05:30 DEBUG 5796 --- [nio-8080-exec-9] o.s.web.servlet.DispatcherServlet        : GET "/api/users", parameters={}
2026-05-28T14:50:26.031+05:30 DEBUG 5796 --- [nio-8080-exec-4] s.w.s.m.m.a.RequestMappingHandlerMapping : Mapped to com.kavya.hrms.controller.EmployeeController#list()
2026-05-28T14:50:26.032+05:30 DEBUG 5796 --- [nio-8080-exec-9] s.w.s.m.m.a.RequestMappingHandlerMapping : Mapped to com.kavya.hrms.controller.UserController#list()
2026-05-28T14:50:26.036+05:30 DEBUG 5796 --- [nio-8080-exec-9] m.m.a.RequestResponseBodyMethodProcessor : Using 'application/json', given [*/*] and supported [application/json, application/*+json]
2026-05-28T14:50:26.036+05:30 DEBUG 5796 --- [nio-8080-exec-4] m.m.a.RequestResponseBodyMethodProcessor : Using 'application/json', given [*/*] and supported [application/json, application/*+json]
2026-05-28T14:50:26.037+05:30 DEBUG 5796 --- [nio-8080-exec-9] m.m.a.RequestResponseBodyMethodProcessor : Writing [[com.kavya.hrms.model.AppUser@549a8b93, com.kavya.hrms.model.AppUser@629c120d, com.kavya.hrms.model. (truncated)...]
2026-05-28T14:50:26.037+05:30 DEBUG 5796 --- [nio-8080-exec-4] m.m.a.RequestResponseBodyMethodProcessor : Writing [[com.kavya.hrms.model.Employee@5405a67, com.kavya.hrms.model.Employee@48bbc734, com.kavya.hrms.model (truncated)...]
2026-05-28T14:50:26.038+05:30 DEBUG 5796 --- [nio-8080-exec-9] o.s.web.servlet.DispatcherServlet        : Completed 200 OK
2026-05-28T14:50:26.039+05:30 DEBUG 5796 --- [nio-8080-exec-4] o.s.web.servlet.DispatcherServlet        : Completed 200 OK
2026-05-28T14:50:36.046+05:30 DEBUG 5796 --- [nio-8080-exec-2] o.s.web.servlet.DispatcherServlet        : GET "/api/users", parameters={}
2026-05-28T14:50:36.051+05:30 DEBUG 5796 --- [nio-8080-exec-2] s.w.s.m.m.a.RequestMappingHandlerMapping : Mapped to com.kavya.hrms.controller.UserController#list()
2026-05-28T14:50:36.050+05:30 DEBUG 5796 --- [nio-8080-exec-5] o.s.web.servlet.DispatcherServlet        : GET "/api/employees", parameters={}
2026-05-28T14:50:36.056+05:30 DEBUG 5796 --- [nio-8080-exec-5] s.w.s.m.m.a.RequestMappingHandlerMapping : Mapped to com.kavya.hrms.controller.EmployeeController#list()
2026-05-28T14:50:36.062+05:30 DEBUG 5796 --- [nio-8080-exec-2] m.m.a.RequestResponseBodyMethodProcessor : Using 'application/json', given [*/*] and supported [application/json, application/*+json]
2026-05-28T14:50:36.064+05:30 DEBUG 5796 --- [nio-8080-exec-2] m.m.a.RequestResponseBodyMethodProcessor : Writing [[com.kavya.hrms.model.AppUser@29047f2, com.kavya.hrms.model.AppUser@5e3e9f58, com.kavya.hrms.model.A (truncated)...]
2026-05-28T14:50:36.066+05:30 DEBUG 5796 --- [nio-8080-exec-2] o.s.web.servlet.DispatcherServlet        : Completed 200 OK
2026-05-28T14:50:36.076+05:30 DEBUG 5796 --- [nio-8080-exec-5] m.m.a.RequestResponseBodyMethodProcessor : Using 'application/json', given [*/*] and supported [application/json, application/*+json]
2026-05-28T14:50:36.076+05:30 DEBUG 5796 --- [nio-8080-exec-5] m.m.a.RequestResponseBodyMethodProcessor : Writing [[com.kavya.hrms.model.Employee@50bbbffa, com.kavya.hrms.model.Employee@1b4bf13e, com.kavya.hrms.mode (truncated)...]
2026-05-28T14:50:36.078+05:30 DEBUG 5796 --- [nio-8080-exec-5] o.s.web.servlet.DispatcherServlet        : Completed 200 OK
2026-05-28T14:50:46.041+05:30 DEBUG 5796 --- [nio-8080-exec-8] o.s.web.servlet.DispatcherServlet        : GET "/api/users", parameters={}
2026-05-28T14:50:46.044+05:30 DEBUG 5796 --- [nio-8080-exec-8] s.w.s.m.m.a.RequestMappingHandlerMapping : Mapped to com.kavya.hrms.controller.UserController#list()
2026-05-28T14:50:46.050+05:30 DEBUG 5796 --- [nio-8080-exec-8] m.m.a.RequestResponseBodyMethodProcessor : Using 'application/json', given [*/*] and supported [application/json, application/*+json]
2026-05-28T14:50:46.052+05:30 DEBUG 5796 --- [nio-8080-exec-8] m.m.a.RequestResponseBodyMethodProcessor : Writing [[com.kavya.hrms.model.AppUser@686bea56, com.kavya.hrms.model.AppUser@71740f6d, com.kavya.hrms.model. (truncated)...]
2026-05-28T14:50:46.054+05:30 DEBUG 5796 --- [nio-8080-exec-8] o.s.web.servlet.DispatcherServlet        : Completed 200 OK
2026-05-28T14:50:46.058+05:30 DEBUG 5796 --- [nio-8080-exec-7] o.s.web.servlet.DispatcherServlet        : GET "/api/employees", parameters={}
2026-05-28T14:50:46.059+05:30 DEBUG 5796 --- [nio-8080-exec-7] s.w.s.m.m.a.RequestMappingHandlerMapping : Mapped to com.kavya.hrms.controller.EmployeeController#list()
2026-05-28T14:50:46.069+05:30 DEBUG 5796 --- [nio-8080-exec-7] m.m.a.RequestResponseBodyMethodProcessor : Using 'application/json', given [*/*] and supported [application/json, application/*+json]
2026-05-28T14:50:46.070+05:30 DEBUG 5796 --- [nio-8080-exec-7] m.m.a.RequestResponseBodyMethodProcessor : Writing [[com.kavya.hrms.model.Employee@4110d30e, com.kavya.hrms.model.Employee@7275a418, com.kavya.hrms.mode (truncated)...]
2026-05-28T14:50:46.071+05:30 DEBUG 5796 --- [nio-8080-exec-7] o.s.web.servlet.DispatcherServlet        : Completed 200 OK
2026-05-28T14:50:56.032+05:30 DEBUG 5796 --- [nio-8080-exec-6] o.s.web.servlet.DispatcherServlet        : GET "/api/users", parameters={}
2026-05-28T14:50:56.039+05:30 DEBUG 5796 --- [nio-8080-exec-6] s.w.s.m.m.a.RequestMappingHandlerMapping : Mapped to com.kavya.hrms.controller.UserController#list()
2026-05-28T14:50:56.032+05:30 DEBUG 5796 --- [io-8080-exec-10] o.s.web.servlet.DispatcherServlet        : GET "/api/employees", parameters={}
2026-05-28T14:50:56.045+05:30 DEBUG 5796 --- [io-8080-exec-10] s.w.s.m.m.a.RequestMappingHandlerMapping : Mapped to com.kavya.hrms.controller.EmployeeController#list()
2026-05-28T14:50:56.045+05:30 DEBUG 5796 --- [nio-8080-exec-6] m.m.a.RequestResponseBodyMethodProcessor : Using 'application/json', given [*/*] and supported [application/json, application/*+json]
2026-05-28T14:50:56.051+05:30 DEBUG 5796 --- [nio-8080-exec-6] m.m.a.RequestResponseBodyMethodProcessor : Writing [[com.kavya.hrms.model.AppUser@6dd1f5e5, com.kavya.hrms.model.AppUser@2e683b84, com.kavya.hrms.model. (truncated)...]
2026-05-28T14:50:56.052+05:30 DEBUG 5796 --- [nio-8080-exec-6] o.s.web.servlet.DispatcherServlet        : Completed 200 OK
2026-05-28T14:50:56.072+05:30 DEBUG 5796 --- [io-8080-exec-10] m.m.a.RequestResponseBodyMethodProcessor : Using 'application/json', given [*/*] and supported [application/json, application/*+json]
2026-05-28T14:50:56.073+05:30 DEBUG 5796 --- [io-8080-exec-10] m.m.a.RequestResponseBodyMethodProcessor : Writing [[com.kavya.hrms.model.Employee@5b82b1ee, com.kavya.hrms.model.Employee@52568aec, com.kavya.hrms.mode (truncated)...]
2026-05-28T14:50:56.074+05:30 DEBUG 5796 --- [io-8080-exec-10] o.s.web.servlet.DispatcherServlet        : Completed 200 OK
2026-05-28T14:51:06.039+05:30 DEBUG 5796 --- [nio-8080-exec-3] o.s.web.servlet.DispatcherServlet        : GET "/api/users", parameters={}
2026-05-28T14:51:06.039+05:30 DEBUG 5796 --- [nio-8080-exec-1] o.s.web.servlet.DispatcherServlet        : GET "/api/employees", parameters={}
2026-05-28T14:51:06.053+05:30 DEBUG 5796 --- [nio-8080-exec-3] s.w.s.m.m.a.RequestMappingHandlerMapping : Mapped to com.kavya.hrms.controller.UserController#list()
2026-05-28T14:51:06.054+05:30 DEBUG 5796 --- [nio-8080-exec-1] s.w.s.m.m.a.RequestMappingHandlerMapping : Mapped to com.kavya.hrms.controller.EmployeeController#list()
2026-05-28T14:51:06.058+05:30 DEBUG 5796 --- [nio-8080-exec-3] m.m.a.RequestResponseBodyMethodProcessor : Using 'application/json', given [*/*] and supported [application/json, application/*+json]
2026-05-28T14:51:06.058+05:30 DEBUG 5796 --- [nio-8080-exec-3] m.m.a.RequestResponseBodyMethodProcessor : Writing [[com.kavya.hrms.model.AppUser@5ea94ae2, com.kavya.hrms.model.AppUser@2869204b, com.kavya.hrms.model. (truncated)...]
2026-05-28T14:51:06.059+05:30 DEBUG 5796 --- [nio-8080-exec-3] o.s.web.servlet.DispatcherServlet        : Completed 200 OK
2026-05-28T14:51:06.063+05:30 DEBUG 5796 --- [nio-8080-exec-1] m.m.a.RequestResponseBodyMethodProcessor : Using 'application/json', given [*/*] and supported [application/json, application/*+json]
2026-05-28T14:51:06.064+05:30 DEBUG 5796 --- [nio-8080-exec-1] m.m.a.RequestResponseBodyMethodProcessor : Writing [[com.kavya.hrms.model.Employee@4484a14, com.kavya.hrms.model.Employee@271b495, com.kavya.hrms.model. (truncated)...]
2026-05-28T14:51:06.066+05:30 DEBUG 5796 --- [nio-8080-exec-1] o.s.web.servlet.DispatcherServlet        : Completed 200 OK
2026-05-28T14:51:16.044+05:30 DEBUG 5796 --- [nio-8080-exec-9] o.s.web.servlet.DispatcherServlet        : GET "/api/users", parameters={}
2026-05-28T14:51:16.045+05:30 DEBUG 5796 --- [nio-8080-exec-4] o.s.web.servlet.DispatcherServlet        : GET "/api/employees", parameters={}
2026-05-28T14:51:16.046+05:30 DEBUG 5796 --- [nio-8080-exec-9] s.w.s.m.m.a.RequestMappingHandlerMapping : Mapped to com.kavya.hrms.controller.UserController#list()
2026-05-28T14:51:16.047+05:30 DEBUG 5796 --- [nio-8080-exec-4] s.w.s.m.m.a.RequestMappingHandlerMapping : Mapped to com.kavya.hrms.controller.EmployeeController#list()
2026-05-28T14:51:16.054+05:30 DEBUG 5796 --- [nio-8080-exec-9] m.m.a.RequestResponseBodyMethodProcessor : Using 'application/json', given [*/*] and supported [application/json, application/*+json]
2026-05-28T14:51:16.055+05:30 DEBUG 5796 --- [nio-8080-exec-9] m.m.a.RequestResponseBodyMethodProcessor : Writing [[com.kavya.hrms.model.AppUser@45f62da1, com.kavya.hrms.model.AppUser@1d3ac38f, com.kavya.hrms.model. (truncated)...]
2026-05-28T14:51:16.056+05:30 DEBUG 5796 --- [nio-8080-exec-4] m.m.a.RequestResponseBodyMethodProcessor : Using 'application/json', given [*/*] and supported [application/json, application/*+json]
2026-05-28T14:51:16.057+05:30 DEBUG 5796 --- [nio-8080-exec-4] m.m.a.RequestResponseBodyMethodProcessor : Writing [[com.kavya.hrms.model.Employee@6fcf0910, com.kavya.hrms.model.Employee@1352e436, com.kavya.hrms.mode (truncated)...]
2026-05-28T14:51:16.057+05:30 DEBUG 5796 --- [nio-8080-exec-9] o.s.web.servlet.DispatcherServlet        : Completed 200 OK
2026-05-28T14:51:16.058+05:30 DEBUG 5796 --- [nio-8080-exec-4] o.s.web.servlet.DispatcherServlet        : Completed 200 OK
2026-05-28T14:51:26.034+05:30 DEBUG 5796 --- [nio-8080-exec-2] o.s.web.servlet.DispatcherServlet        : GET "/api/users", parameters={}
2026-05-28T14:51:26.034+05:30 DEBUG 5796 --- [nio-8080-exec-5] o.s.web.servlet.DispatcherServlet        : GET "/api/employees", parameters={}
2026-05-28T14:51:26.036+05:30 DEBUG 5796 --- [nio-8080-exec-2] s.w.s.m.m.a.RequestMappingHandlerMapping : Mapped to com.kavya.hrms.controller.UserController#list()
2026-05-28T14:51:26.036+05:30 DEBUG 5796 --- [nio-8080-exec-5] s.w.s.m.m.a.RequestMappingHandlerMapping : Mapped to com.kavya.hrms.controller.EmployeeController#list()
2026-05-28T14:51:26.040+05:30 DEBUG 5796 --- [nio-8080-exec-2] m.m.a.RequestResponseBodyMethodProcessor : Using 'application/json', given [*/*] and supported [application/json, application/*+json]
2026-05-28T14:51:26.040+05:30 DEBUG 5796 --- [nio-8080-exec-2] m.m.a.RequestResponseBodyMethodProcessor : Writing [[com.kavya.hrms.model.AppUser@6fde0a22, com.kavya.hrms.model.AppUser@7b19c52f, com.kavya.hrms.model. (truncated)...]
2026-05-28T14:51:26.041+05:30 DEBUG 5796 --- [nio-8080-exec-5] m.m.a.RequestResponseBodyMethodProcessor : Using 'application/json', given [*/*] and supported [application/json, application/*+json]
2026-05-28T14:51:26.041+05:30 DEBUG 5796 --- [nio-8080-exec-5] m.m.a.RequestResponseBodyMethodProcessor : Writing [[com.kavya.hrms.model.Employee@6c6ed185, com.kavya.hrms.model.Employee@2376a201, com.kavya.hrms.mode (truncated)...]
2026-05-28T14:51:26.042+05:30 DEBUG 5796 --- [nio-8080-exec-2] o.s.web.servlet.DispatcherServlet        : Completed 200 OK
2026-05-28T14:51:26.043+05:30 DEBUG 5796 --- [nio-8080-exec-5] o.s.web.servlet.DispatcherServlet        : Completed 200 OK
2026-05-28T14:51:36.037+05:30 DEBUG 5796 --- [nio-8080-exec-8] o.s.web.servlet.DispatcherServlet        : GET "/api/users", parameters={}
2026-05-28T14:51:36.037+05:30 DEBUG 5796 --- [nio-8080-exec-7] o.s.web.servlet.DispatcherServlet        : GET "/api/employees", parameters={}
2026-05-28T14:51:36.038+05:30 DEBUG 5796 --- [nio-8080-exec-8] s.w.s.m.m.a.RequestMappingHandlerMapping : Mapped to com.kavya.hrms.controller.UserController#list()
2026-05-28T14:51:36.038+05:30 DEBUG 5796 --- [nio-8080-exec-7] s.w.s.m.m.a.RequestMappingHandlerMapping : Mapped to com.kavya.hrms.controller.EmployeeController#list()
2026-05-28T14:51:36.042+05:30 DEBUG 5796 --- [nio-8080-exec-8] m.m.a.RequestResponseBodyMethodProcessor : Using 'application/json', given [*/*] and supported [application/json, application/*+json]
2026-05-28T14:51:36.043+05:30 DEBUG 5796 --- [nio-8080-exec-8] m.m.a.RequestResponseBodyMethodProcessor : Writing [[com.kavya.hrms.model.AppUser@55008d4d, com.kavya.hrms.model.AppUser@b74a37e, com.kavya.hrms.model.A (truncated)...]
2026-05-28T14:51:36.043+05:30 DEBUG 5796 --- [nio-8080-exec-7] m.m.a.RequestResponseBodyMethodProcessor : Using 'application/json', given [*/*] and supported [application/json, application/*+json]
2026-05-28T14:51:36.045+05:30 DEBUG 5796 --- [nio-8080-exec-8] o.s.web.servlet.DispatcherServlet        : Completed 200 OK
2026-05-28T14:51:36.046+05:30 DEBUG 5796 --- [nio-8080-exec-7] m.m.a.RequestResponseBodyMethodProcessor : Writing [[com.kavya.hrms.model.Employee@55f21402, com.kavya.hrms.model.Employee@47a1be32, com.kavya.hrms.mode (truncated)...]
2026-05-28T14:51:36.049+05:30 DEBUG 5796 --- [nio-8080-exec-7] o.s.web.servlet.DispatcherServlet        : Completed 200 OK
2026-05-28T14:51:57.036+05:30 DEBUG 5796 --- [nio-8080-exec-6] o.s.web.servlet.DispatcherServlet        : GET "/api/users", parameters={}
2026-05-28T14:51:57.036+05:30 DEBUG 5796 --- [io-8080-exec-10] o.s.web.servlet.DispatcherServlet        : GET "/api/employees", parameters={}
2026-05-28T14:51:57.038+05:30 DEBUG 5796 --- [nio-8080-exec-6] s.w.s.m.m.a.RequestMappingHandlerMapping : Mapped to com.kavya.hrms.controller.UserController#list()
2026-05-28T14:51:57.038+05:30 DEBUG 5796 --- [io-8080-exec-10] s.w.s.m.m.a.RequestMappingHandlerMapping : Mapped to com.kavya.hrms.controller.EmployeeController#list()
2026-05-28T14:51:57.044+05:30 DEBUG 5796 --- [nio-8080-exec-6] m.m.a.RequestResponseBodyMethodProcessor : Using 'application/json', given [*/*] and supported [application/json, application/*+json]
2026-05-28T14:51:57.045+05:30 DEBUG 5796 --- [io-8080-exec-10] m.m.a.RequestResponseBodyMethodProcessor : Using 'application/json', given [*/*] and supported [application/json, application/*+json]
2026-05-28T14:51:57.046+05:30 DEBUG 5796 --- [nio-8080-exec-6] m.m.a.RequestResponseBodyMethodProcessor : Writing [[com.kavya.hrms.model.AppUser@56283f43, com.kavya.hrms.model.AppUser@6f14f9ae, com.kavya.hrms.model. (truncated)...]
2026-05-28T14:51:57.047+05:30 DEBUG 5796 --- [io-8080-exec-10] m.m.a.RequestResponseBodyMethodProcessor : Writing [[com.kavya.hrms.model.Employee@1122c785, com.kavya.hrms.model.Employee@615cfd32, com.kavya.hrms.mode (truncated)...]
2026-05-28T14:51:57.049+05:30 DEBUG 5796 --- [nio-8080-exec-6] o.s.web.servlet.DispatcherServlet        : Completed 200 OK
2026-05-28T14:51:57.049+05:30 DEBUG 5796 --- [io-8080-exec-10] o.s.web.servlet.DispatcherServlet        : Completed 200 OK
2026-05-28T14:52:57.031+05:30 DEBUG 5796 --- [nio-8080-exec-3] o.s.web.servlet.DispatcherServlet        : GET "/api/users", parameters={}
2026-05-28T14:52:57.031+05:30 DEBUG 5796 --- [nio-8080-exec-1] o.s.web.servlet.DispatcherServlet        : GET "/api/employees", parameters={}
2026-05-28T14:52:57.031+05:30 DEBUG 5796 --- [nio-8080-exec-3] s.w.s.m.m.a.RequestMappingHandlerMapping : Mapped to com.kavya.hrms.controller.UserController#list()
2026-05-28T14:52:57.034+05:30 DEBUG 5796 --- [nio-8080-exec-1] s.w.s.m.m.a.RequestMappingHandlerMapping : Mapped to com.kavya.hrms.controller.EmployeeController#list()
2026-05-28T14:52:57.036+05:30 DEBUG 5796 --- [nio-8080-exec-3] m.m.a.RequestResponseBodyMethodProcessor : Using 'application/json', given [*/*] and supported [application/json, application/*+json]
2026-05-28T14:52:57.036+05:30 DEBUG 5796 --- [nio-8080-exec-1] m.m.a.RequestResponseBodyMethodProcessor : Using 'application/json', given [*/*] and supported [application/json, application/*+json]
2026-05-28T14:52:57.036+05:30 DEBUG 5796 --- [nio-8080-exec-3] m.m.a.RequestResponseBodyMethodProcessor : Writing [[com.kavya.hrms.model.AppUser@8ce5558, com.kavya.hrms.model.AppUser@17c35ed0, com.kavya.hrms.model.A (truncated)...]
2026-05-28T14:52:57.037+05:30 DEBUG 5796 --- [nio-8080-exec-1] m.m.a.RequestResponseBodyMethodProcessor : Writing [[com.kavya.hrms.model.Employee@695c4c55, com.kavya.hrms.model.Employee@2c27a5ec, com.kavya.hrms.mode (truncated)...]
2026-05-28T14:52:57.037+05:30 DEBUG 5796 --- [nio-8080-exec-3] o.s.web.servlet.DispatcherServlet        : Completed 200 OK
2026-05-28T14:52:57.037+05:30 DEBUG 5796 --- [nio-8080-exec-1] o.s.web.servlet.DispatcherServlet        : Completed 200 OK
2026-05-28T14:53:57.034+05:30 DEBUG 5796 --- [nio-8080-exec-9] o.s.web.servlet.DispatcherServlet        : GET "/api/users", parameters={}
2026-05-28T14:53:57.035+05:30 DEBUG 5796 --- [nio-8080-exec-4] o.s.web.servlet.DispatcherServlet        : GET "/api/employees", parameters={}
2026-05-28T14:53:57.099+05:30 DEBUG 5796 --- [nio-8080-exec-9] s.w.s.m.m.a.RequestMappingHandlerMapping : Mapped to com.kavya.hrms.controller.UserController#list()
2026-05-28T14:53:57.154+05:30 DEBUG 5796 --- [nio-8080-exec-4] s.w.s.m.m.a.RequestMappingHandlerMapping : Mapped to com.kavya.hrms.controller.EmployeeController#list()
2026-05-28T14:53:57.156+05:30 DEBUG 5796 --- [nio-8080-exec-9] m.m.a.RequestResponseBodyMethodProcessor : Using 'application/json', given [*/*] and supported [application/json, application/*+json]
2026-05-28T14:53:57.156+05:30 DEBUG 5796 --- [nio-8080-exec-9] m.m.a.RequestResponseBodyMethodProcessor : Writing [[com.kavya.hrms.model.AppUser@4a585f4, com.kavya.hrms.model.AppUser@2ad8039e, com.kavya.hrms.model.A (truncated)...]
2026-05-28T14:53:57.157+05:30 DEBUG 5796 --- [nio-8080-exec-4] m.m.a.RequestResponseBodyMethodProcessor : Using 'application/json', given [*/*] and supported [application/json, application/*+json]
2026-05-28T14:53:57.157+05:30 DEBUG 5796 --- [nio-8080-exec-4] m.m.a.RequestResponseBodyMethodProcessor : Writing [[com.kavya.hrms.model.Employee@1beda06c, com.kavya.hrms.model.Employee@7827ee60, com.kavya.hrms.mode (truncated)...]
2026-05-28T14:53:57.157+05:30 DEBUG 5796 --- [nio-8080-exec-9] o.s.web.servlet.DispatcherServlet        : Completed 200 OK
2026-05-28T14:53:57.158+05:30 DEBUG 5796 --- [nio-8080-exec-4] o.s.web.servlet.DispatcherServlet        : Completed 200 OK
2026-05-28T14:54:57.038+05:30 DEBUG 5796 --- [nio-8080-exec-2] o.s.web.servlet.DispatcherServlet        : GET "/api/users", parameters={}
2026-05-28T14:54:57.040+05:30 DEBUG 5796 --- [nio-8080-exec-5] o.s.web.servlet.DispatcherServlet        : GET "/api/employees", parameters={}
2026-05-28T14:54:57.321+05:30 DEBUG 5796 --- [nio-8080-exec-2] s.w.s.m.m.a.RequestMappingHandlerMapping : Mapped to com.kavya.hrms.controller.UserController#list()
2026-05-28T14:54:57.322+05:30 DEBUG 5796 --- [nio-8080-exec-5] s.w.s.m.m.a.RequestMappingHandlerMapping : Mapped to com.kavya.hrms.controller.EmployeeController#list()
2026-05-28T14:54:57.325+05:30 DEBUG 5796 --- [nio-8080-exec-2] m.m.a.RequestResponseBodyMethodProcessor : Using 'application/json', given [*/*] and supported [application/json, application/*+json]
2026-05-28T14:54:57.325+05:30 DEBUG 5796 --- [nio-8080-exec-5] m.m.a.RequestResponseBodyMethodProcessor : Using 'application/json', given [*/*] and supported [application/json, application/*+json]
2026-05-28T14:54:57.326+05:30 DEBUG 5796 --- [nio-8080-exec-2] m.m.a.RequestResponseBodyMethodProcessor : Writing [[com.kavya.hrms.model.AppUser@1033b0ac, com.kavya.hrms.model.AppUser@6d4d68a5, com.kavya.hrms.model. (truncated)...]
2026-05-28T14:54:57.327+05:30 DEBUG 5796 --- [nio-8080-exec-5] m.m.a.RequestResponseBodyMethodProcessor : Writing [[com.kavya.hrms.model.Employee@46953cb, com.kavya.hrms.model.Employee@79415a46, com.kavya.hrms.model (truncated)...]
2026-05-28T14:54:57.328+05:30 DEBUG 5796 --- [nio-8080-exec-2] o.s.web.servlet.DispatcherServlet        : Completed 200 OK
2026-05-28T14:54:57.329+05:30 DEBUG 5796 --- [nio-8080-exec-5] o.s.web.servlet.DispatcherServlet        : Completed 200 OK
2026-05-28T14:55:57.028+05:30 DEBUG 5796 --- [nio-8080-exec-8] o.s.web.servlet.DispatcherServlet        : GET "/api/users", parameters={}
2026-05-28T14:55:57.028+05:30 DEBUG 5796 --- [nio-8080-exec-7] o.s.web.servlet.DispatcherServlet        : GET "/api/employees", parameters={}
2026-05-28T14:55:57.040+05:30 DEBUG 5796 --- [nio-8080-exec-8] s.w.s.m.m.a.RequestMappingHandlerMapping : Mapped to com.kavya.hrms.controller.UserController#list()
2026-05-28T14:55:57.041+05:30 DEBUG 5796 --- [nio-8080-exec-7] s.w.s.m.m.a.RequestMappingHandlerMapping : Mapped to com.kavya.hrms.controller.EmployeeController#list()
2026-05-28T14:55:57.044+05:30 DEBUG 5796 --- [nio-8080-exec-7] m.m.a.RequestResponseBodyMethodProcessor : Using 'application/json', given [*/*] and supported [application/json, application/*+json]
2026-05-28T14:55:57.044+05:30 DEBUG 5796 --- [nio-8080-exec-8] m.m.a.RequestResponseBodyMethodProcessor : Using 'application/json', given [*/*] and supported [application/json, application/*+json]
2026-05-28T14:55:57.045+05:30 DEBUG 5796 --- [nio-8080-exec-7] m.m.a.RequestResponseBodyMethodProcessor : Writing [[com.kavya.hrms.model.Employee@148768ae, com.kavya.hrms.model.Employee@30785a36, com.kavya.hrms.mode (truncated)...]
2026-05-28T14:55:57.045+05:30 DEBUG 5796 --- [nio-8080-exec-8] m.m.a.RequestResponseBodyMethodProcessor : Writing [[com.kavya.hrms.model.AppUser@2c56dc08, com.kavya.hrms.model.AppUser@751faa6, com.kavya.hrms.model.A (truncated)...]
2026-05-28T14:55:57.046+05:30 DEBUG 5796 --- [nio-8080-exec-8] o.s.web.servlet.DispatcherServlet        : Completed 200 OK
2026-05-28T14:55:57.046+05:30 DEBUG 5796 --- [nio-8080-exec-7] o.s.web.servlet.DispatcherServlet        : Completed 200 OK
2026-05-28T14:56:57.035+05:30 DEBUG 5796 --- [nio-8080-exec-6] o.s.web.servlet.DispatcherServlet        : GET "/api/users", parameters={}
2026-05-28T14:56:57.035+05:30 DEBUG 5796 --- [io-8080-exec-10] o.s.web.servlet.DispatcherServlet        : GET "/api/employees", parameters={}
2026-05-28T14:56:57.036+05:30 DEBUG 5796 --- [nio-8080-exec-6] s.w.s.m.m.a.RequestMappingHandlerMapping : Mapped to com.kavya.hrms.controller.UserController#list()
2026-05-28T14:56:57.038+05:30 DEBUG 5796 --- [io-8080-exec-10] s.w.s.m.m.a.RequestMappingHandlerMapping : Mapped to com.kavya.hrms.controller.EmployeeController#list()
2026-05-28T14:56:57.042+05:30 DEBUG 5796 --- [nio-8080-exec-6] m.m.a.RequestResponseBodyMethodProcessor : Using 'application/json', given [*/*] and supported [application/json, application/*+json]
2026-05-28T14:56:57.042+05:30 DEBUG 5796 --- [io-8080-exec-10] m.m.a.RequestResponseBodyMethodProcessor : Using 'application/json', given [*/*] and supported [application/json, application/*+json]
2026-05-28T14:56:57.042+05:30 DEBUG 5796 --- [nio-8080-exec-6] m.m.a.RequestResponseBodyMethodProcessor : Writing [[com.kavya.hrms.model.AppUser@4eac3f65, com.kavya.hrms.model.AppUser@4f9b71ce, com.kavya.hrms.model. (truncated)...]
2026-05-28T14:56:57.043+05:30 DEBUG 5796 --- [io-8080-exec-10] m.m.a.RequestResponseBodyMethodProcessor : Writing [[com.kavya.hrms.model.Employee@545d18d1, com.kavya.hrms.model.Employee@5af5a845, com.kavya.hrms.mode (truncated)...]
2026-05-28T14:56:57.044+05:30 DEBUG 5796 --- [nio-8080-exec-6] o.s.web.servlet.DispatcherServlet        : Completed 200 OK
2026-05-28T14:56:57.044+05:30 DEBUG 5796 --- [io-8080-exec-10] o.s.web.servlet.DispatcherServlet        : Completed 200 OK
2026-05-28T14:57:57.032+05:30 DEBUG 5796 --- [nio-8080-exec-1] o.s.web.servlet.DispatcherServlet        : GET "/api/employees", parameters={}
2026-05-28T14:57:57.032+05:30 DEBUG 5796 --- [nio-8080-exec-3] o.s.web.servlet.DispatcherServlet        : GET "/api/users", parameters={}
2026-05-28T14:57:57.489+05:30 DEBUG 5796 --- [nio-8080-exec-1] s.w.s.m.m.a.RequestMappingHandlerMapping : Mapped to com.kavya.hrms.controller.EmployeeController#list()
2026-05-28T14:57:57.490+05:30 DEBUG 5796 --- [nio-8080-exec-3] s.w.s.m.m.a.RequestMappingHandlerMapping : Mapped to com.kavya.hrms.controller.UserController#list()
2026-05-28T14:57:57.494+05:30 DEBUG 5796 --- [nio-8080-exec-3] m.m.a.RequestResponseBodyMethodProcessor : Using 'application/json', given [*/*] and supported [application/json, application/*+json]
2026-05-28T14:57:57.495+05:30 DEBUG 5796 --- [nio-8080-exec-3] m.m.a.RequestResponseBodyMethodProcessor : Writing [[com.kavya.hrms.model.AppUser@34a5d361, com.kavya.hrms.model.AppUser@330017c0, com.kavya.hrms.model. (truncated)...]
2026-05-28T14:57:57.495+05:30 DEBUG 5796 --- [nio-8080-exec-1] m.m.a.RequestResponseBodyMethodProcessor : Using 'application/json', given [*/*] and supported [application/json, application/*+json]
2026-05-28T14:57:57.496+05:30 DEBUG 5796 --- [nio-8080-exec-1] m.m.a.RequestResponseBodyMethodProcessor : Writing [[com.kavya.hrms.model.Employee@75c734f6, com.kavya.hrms.model.Employee@736f7264, com.kavya.hrms.mode (truncated)...]
2026-05-28T14:57:57.497+05:30 DEBUG 5796 --- [nio-8080-exec-3] o.s.web.servlet.DispatcherServlet        : Completed 200 OK
2026-05-28T14:57:57.498+05:30 DEBUG 5796 --- [nio-8080-exec-1] o.s.web.servlet.DispatcherServlet        : Completed 200 OK
2026-05-28T14:58:57.039+05:30 DEBUG 5796 --- [nio-8080-exec-9] o.s.web.servlet.DispatcherServlet        : GET "/api/users", parameters={}
2026-05-28T14:58:57.039+05:30 DEBUG 5796 --- [nio-8080-exec-4] o.s.web.servlet.DispatcherServlet        : GET "/api/employees", parameters={}
2026-05-28T14:58:57.302+05:30 DEBUG 5796 --- [nio-8080-exec-9] s.w.s.m.m.a.RequestMappingHandlerMapping : Mapped to com.kavya.hrms.controller.UserController#list()
2026-05-28T14:58:57.307+05:30 DEBUG 5796 --- [nio-8080-exec-4] s.w.s.m.m.a.RequestMappingHandlerMapping : Mapped to com.kavya.hrms.controller.EmployeeController#list()
2026-05-28T14:58:57.313+05:30 DEBUG 5796 --- [nio-8080-exec-9] m.m.a.RequestResponseBodyMethodProcessor : Using 'application/json', given [*/*] and supported [application/json, application/*+json]
2026-05-28T14:58:57.316+05:30 DEBUG 5796 --- [nio-8080-exec-4] m.m.a.RequestResponseBodyMethodProcessor : Using 'application/json', given [*/*] and supported [application/json, application/*+json]
2026-05-28T14:58:57.318+05:30 DEBUG 5796 --- [nio-8080-exec-9] m.m.a.RequestResponseBodyMethodProcessor : Writing [[com.kavya.hrms.model.AppUser@564705ad, com.kavya.hrms.model.AppUser@7a069b37, com.kavya.hrms.model. (truncated)...]
2026-05-28T14:58:57.318+05:30 DEBUG 5796 --- [nio-8080-exec-4] m.m.a.RequestResponseBodyMethodProcessor : Writing [[com.kavya.hrms.model.Employee@5225318d, com.kavya.hrms.model.Employee@1537e452, com.kavya.hrms.mode (truncated)...]
2026-05-28T14:58:57.319+05:30 DEBUG 5796 --- [nio-8080-exec-9] o.s.web.servlet.DispatcherServlet        : Completed 200 OK
2026-05-28T14:58:57.320+05:30 DEBUG 5796 --- [nio-8080-exec-4] o.s.web.servlet.DispatcherServlet        : Completed 200 OK
2026-05-28T14:59:57.035+05:30 DEBUG 5796 --- [nio-8080-exec-5] o.s.web.servlet.DispatcherServlet        : GET "/api/employees", parameters={}
2026-05-28T14:59:57.035+05:30 DEBUG 5796 --- [nio-8080-exec-2] o.s.web.servlet.DispatcherServlet        : GET "/api/users", parameters={}
2026-05-28T14:59:57.037+05:30 DEBUG 5796 --- [nio-8080-exec-5] s.w.s.m.m.a.RequestMappingHandlerMapping : Mapped to com.kavya.hrms.controller.EmployeeController#list()
2026-05-28T14:59:57.037+05:30 DEBUG 5796 --- [nio-8080-exec-2] s.w.s.m.m.a.RequestMappingHandlerMapping : Mapped to com.kavya.hrms.controller.UserController#list()
2026-05-28T14:59:57.041+05:30 DEBUG 5796 --- [nio-8080-exec-5] m.m.a.RequestResponseBodyMethodProcessor : Using 'application/json', given [*/*] and supported [application/json, application/*+json]
2026-05-28T14:59:57.041+05:30 DEBUG 5796 --- [nio-8080-exec-5] m.m.a.RequestResponseBodyMethodProcessor : Writing [[com.kavya.hrms.model.Employee@6eb2a8b8, com.kavya.hrms.model.Employee@6a760222, com.kavya.hrms.mode (truncated)...]
2026-05-28T14:59:57.041+05:30 DEBUG 5796 --- [nio-8080-exec-2] m.m.a.RequestResponseBodyMethodProcessor : Using 'application/json', given [*/*] and supported [application/json, application/*+json]
2026-05-28T14:59:57.042+05:30 DEBUG 5796 --- [nio-8080-exec-5] o.s.web.servlet.DispatcherServlet        : Completed 200 OK
2026-05-28T14:59:57.042+05:30 DEBUG 5796 --- [nio-8080-exec-2] m.m.a.RequestResponseBodyMethodProcessor : Writing [[com.kavya.hrms.model.AppUser@5db5335b, com.kavya.hrms.model.AppUser@57cf3c21, com.kavya.hrms.model. (truncated)...]
2026-05-28T14:59:57.044+05:30 DEBUG 5796 --- [nio-8080-exec-2] o.s.web.servlet.DispatcherServlet        : Completed 200 OK
2026-05-28T15:00:22.873+05:30 DEBUG 5796 --- [nio-8080-exec-7] o.s.web.servlet.DispatcherServlet        : GET "/api/employees", parameters={}
2026-05-28T15:00:22.873+05:30 DEBUG 5796 --- [nio-8080-exec-8] o.s.web.servlet.DispatcherServlet        : GET "/api/users", parameters={}
2026-05-28T15:00:22.878+05:30 DEBUG 5796 --- [nio-8080-exec-7] s.w.s.m.m.a.RequestMappingHandlerMapping : Mapped to com.kavya.hrms.controller.EmployeeController#list()
2026-05-28T15:00:22.878+05:30 DEBUG 5796 --- [nio-8080-exec-8] s.w.s.m.m.a.RequestMappingHandlerMapping : Mapped to com.kavya.hrms.controller.UserController#list()
2026-05-28T15:00:22.880+05:30 DEBUG 5796 --- [nio-8080-exec-8] m.m.a.RequestResponseBodyMethodProcessor : Using 'application/json', given [*/*] and supported [application/json, application/*+json]
2026-05-28T15:00:22.881+05:30 DEBUG 5796 --- [nio-8080-exec-7] m.m.a.RequestResponseBodyMethodProcessor : Using 'application/json', given [*/*] and supported [application/json, application/*+json]
2026-05-28T15:00:22.881+05:30 DEBUG 5796 --- [nio-8080-exec-8] m.m.a.RequestResponseBodyMethodProcessor : Writing [[com.kavya.hrms.model.AppUser@7f9bf863, com.kavya.hrms.model.AppUser@20fdc743, com.kavya.hrms.model. (truncated)...]
2026-05-28T15:00:22.881+05:30 DEBUG 5796 --- [nio-8080-exec-7] m.m.a.RequestResponseBodyMethodProcessor : Writing [[com.kavya.hrms.model.Employee@161e8bf3, com.kavya.hrms.model.Employee@5d3a05f5, com.kavya.hrms.mode (truncated)...]
2026-05-28T15:00:22.882+05:30 DEBUG 5796 --- [nio-8080-exec-8] o.s.web.servlet.DispatcherServlet        : Completed 200 OK
2026-05-28T15:00:22.882+05:30 DEBUG 5796 --- [nio-8080-exec-7] o.s.web.servlet.DispatcherServlet        : Completed 200 OK
2026-05-28T15:00:25.724+05:30 DEBUG 5796 --- [nio-8080-exec-6] o.s.web.servlet.DispatcherServlet        : GET "/api/users", parameters={}
2026-05-28T15:00:25.933+05:30 DEBUG 5796 --- [nio-8080-exec-6] s.w.s.m.m.a.RequestMappingHandlerMapping : Mapped to com.kavya.hrms.controller.UserController#list()
2026-05-28T15:00:25.936+05:30 DEBUG 5796 --- [nio-8080-exec-6] m.m.a.RequestResponseBodyMethodProcessor : Using 'application/json', given [*/*] and supported [application/json, application/*+json]
2026-05-28T15:00:25.943+05:30 DEBUG 5796 --- [nio-8080-exec-6] m.m.a.RequestResponseBodyMethodProcessor : Writing [[com.kavya.hrms.model.AppUser@4ce2778, com.kavya.hrms.model.AppUser@cf5e6e8, com.kavya.hrms.model.Ap (truncated)...]
2026-05-28T15:00:25.945+05:30 DEBUG 5796 --- [nio-8080-exec-6] o.s.web.servlet.DispatcherServlet        : Completed 200 OK
2026-05-28T15:00:25.734+05:30 DEBUG 5796 --- [io-8080-exec-10] o.s.web.servlet.DispatcherServlet        : GET "/api/employees", parameters={}
2026-05-28T15:00:25.946+05:30 DEBUG 5796 --- [io-8080-exec-10] s.w.s.m.m.a.RequestMappingHandlerMapping : Mapped to com.kavya.hrms.controller.EmployeeController#list()
2026-05-28T15:00:25.948+05:30 DEBUG 5796 --- [io-8080-exec-10] m.m.a.RequestResponseBodyMethodProcessor : Using 'application/json', given [*/*] and supported [application/json, application/*+json]
2026-05-28T15:00:25.949+05:30 DEBUG 5796 --- [io-8080-exec-10] m.m.a.RequestResponseBodyMethodProcessor : Writing [[com.kavya.hrms.model.Employee@7c5903aa, com.kavya.hrms.model.Employee@3bdcb4c3, com.kavya.hrms.mode (truncated)...]
2026-05-28T15:00:25.949+05:30 DEBUG 5796 --- [io-8080-exec-10] o.s.web.servlet.DispatcherServlet        : Completed 200 OK
